activity_id,source_compendium,category_name_vi,category_name_en,description_vi,description_en,met_value,met_type,baseline_value,baseline_unit,intensity_level,suitable_for_beginner,suitable_for_elderly,suitable_for_wheelchair_user,source_url
adult_01003,adult,đạp xe,Bicycling,"đạp xe, mountain, lên dốc, mạnh","Bicycling, mountain, uphill, vigorous",14.0,MET,3.5,ml/kg/min,vigorous,False,False,False,https://pacompendium.com/bicycling
adult_01004,adult,đạp xe,Bicycling,"đạp xe, mountain, competitive racing","Bicycling, mountain, competitive racing",16.0,MET,3.5,ml/kg/min,vigorous,False,False,False,https://pacompendium.com/bicycling
adult_01008,adult,đạp xe,Bicycling,"đạp xe, BMX","Bicycling, BMX",8.5,MET,3.5,ml/kg/min,vigorous,False,False,False,https://pacompendium.com/bicycling
adult_01009,adult,đạp xe,Bicycling,"đạp xe, mountain, chung","Bicycling, mountain, general",8.5,MET,3.5,ml/kg/min,vigorous,False,False,False,https://pacompendium.com/bicycling
adult_01010,adult,đạp xe,Bicycling,"đạp xe, <10 mph, leisure, to work hoặc cho pleasure (Taylor Code 115)","Bicycling, <10 mph, leisure, to work or for pleasure (Taylor Code 115)",4.0,MET,3.5,ml/kg/min,moderate,True,False,False,https://pacompendium.com/bicycling
adult_01011,adult,đạp xe,Bicycling,"đạp xe, to/from work, self selected tốc độ","Bicycling, to/from work, self selected pace",6.8,MET,3.5,ml/kg/min,vigorous,False,False,False,https://pacompendium.com/bicycling
adult_01013,adult,đạp xe,Bicycling,"đạp xe, on dirt hoặc farm road, vừa tốc độ","Bicycling, on dirt or farm road, moderate pace",5.8,MET,3.5,ml/kg/min,moderate,True,False,False,https://pacompendium.com/bicycling
adult_01014,adult,đạp xe,Bicycling,"đạp xe, chung","Bicycling, general",7.0,MET,3.5,ml/kg/min,vigorous,False,False,False,https://pacompendium.com/bicycling
adult_01015,adult,đạp xe,Bicycling,"đạp xe, self-selected dễ dàng tốc độ","Bicycling, self-selected easy pace",4.3,MET,3.5,ml/kg/min,moderate,True,False,False,https://pacompendium.com/bicycling
adult_01016,adult,đạp xe,Bicycling,"đạp xe, self-selected vừa tốc độ","Bicycling, self-selected moderate pace",7.0,MET,3.5,ml/kg/min,vigorous,False,False,False,https://pacompendium.com/bicycling
adult_01017,adult,đạp xe,Bicycling,"đạp xe, self-selected mạnh tốc độ","Bicycling, self-selected vigorous pace",9.0,MET,3.5,ml/kg/min,vigorous,False,False,False,https://pacompendium.com/bicycling
adult_01018,adult,đạp xe,Bicycling,"đạp xe, leisure 5.5 mph","Bicycling, leisure 5.5 mph",3.5,MET,3.5,ml/kg/min,moderate,True,False,False,https://pacompendium.com/bicycling
adult_01019,adult,đạp xe,Bicycling,"đạp xe, leisure, 9.4 mph","Bicycling, leisure, 9.4 mph",5.8,MET,3.5,ml/kg/min,moderate,True,False,False,https://pacompendium.com/bicycling
adult_01020,adult,đạp xe,Bicycling,"đạp xe, 10-11.9 mph, leisure, chậm, nhẹ nỗ lực","Bicycling, 10-11.9 mph, leisure, slow, light effort",6.8,MET,3.5,ml/kg/min,vigorous,False,False,False,https://pacompendium.com/bicycling
adult_01030,adult,đạp xe,Bicycling,"đạp xe, 12-13.9 mph, leisure, vừa nỗ lực","Bicycling, 12-13.9 mph, leisure, moderate effort",8.0,MET,3.5,ml/kg/min,vigorous,False,False,False,https://pacompendium.com/bicycling
adult_01040,adult,đạp xe,Bicycling,"đạp xe, 14-15.9 mph, racing hoặc leisure, nhanh, mạnh nỗ lực","Bicycling, 14-15.9 mph, racing or leisure, fast, vigorous effort",10.0,MET,3.5,ml/kg/min,vigorous,False,False,False,https://pacompendium.com/bicycling
adult_01050,adult,đạp xe,Bicycling,"đạp xe, 16-19 mph, racing/not drafting hoặc >19 mph drafting, very nhanh, racing chung","Bicycling, 16-19 mph, racing/not drafting or >19 mph drafting, very fast, racing general",12.0,MET,3.5,ml/kg/min,vigorous,False,False,False,https://pacompendium.com/bicycling
adult_01060,adult,đạp xe,Bicycling,"đạp xe, >20 mph, racing, not drafting","Bicycling, >20 mph, racing, not drafting",16.8,MET,3.5,ml/kg/min,vigorous,False,False,False,https://pacompendium.com/bicycling
adult_01065,adult,đạp xe,Bicycling,"đạp xe, 12 mph, seated, hands on brake hoods hoặc bar drops, 80 rpm","Bicycling, 12 mph, seated, hands on brake hoods or bar drops, 80 rpm",8.5,MET,3.5,ml/kg/min,vigorous,False,False,False,https://pacompendium.com/bicycling
adult_01066,adult,đạp xe,Bicycling,"đạp xe, 12 mph, đứng, hands on brake hoods, 60 rpm","Bicycling, 12 mph, standing, hands on brake hoods, 60 rpm",9.0,MET,3.5,ml/kg/min,vigorous,False,False,False,https://pacompendium.com/bicycling
adult_01070,adult,đạp xe,Bicycling,Unicycling,Unicycling,5.0,MET,3.5,ml/kg/min,moderate,True,False,False,https://pacompendium.com/bicycling
adult_01080,adult,đạp xe,Bicycling,E-bike (electrically assisted) không có electronic support,E-bike (electrically assisted) without electronic support,6.8,MET,3.5,ml/kg/min,vigorous,False,False,False,https://pacompendium.com/bicycling
adult_01084,adult,đạp xe,Bicycling,E-bike (electrically assisted) với nhẹ electronic support,E-bike (electrically assisted) with light electronic support,6.0,MET,3.5,ml/kg/min,vigorous,False,False,False,https://pacompendium.com/bicycling
adult_01088,adult,đạp xe,Bicycling,E-bike (electrically assisted) với high electronic support,E-bike (electrically assisted) with high electronic support,4.0,MET,3.5,ml/kg/min,moderate,True,False,False,https://pacompendium.com/bicycling
adult_01200,adult,đạp xe,Bicycling,"đạp xe, tại chỗ, chung","Bicycling, stationary, general",6.8,MET,3.5,ml/kg/min,vigorous,False,False,False,https://pacompendium.com/bicycling
adult_01210,adult,đạp xe,Bicycling,"đạp xe, tại chỗ, 25-30 watts, very nhẹ to nhẹ nỗ lực","Bicycling, stationary, 25-30 watts, very light to light effort",3.5,MET,3.5,ml/kg/min,moderate,True,False,False,https://pacompendium.com/bicycling
adult_01214,adult,đạp xe,Bicycling,"đạp xe, tại chỗ, 50 watts, nhẹ nỗ lực","Bicycling, stationary, 50 watts, light effort",4.0,MET,3.5,ml/kg/min,moderate,True,False,False,https://pacompendium.com/bicycling
adult_01216,adult,đạp xe,Bicycling,"đạp xe, tại chỗ, 60 watts, nhẹ to vừa nỗ lực","Bicycling, stationary, 60 watts, light to moderate effort",5.0,MET,3.5,ml/kg/min,moderate,True,False,False,https://pacompendium.com/bicycling
adult_01218,adult,đạp xe,Bicycling,"đạp xe, tại chỗ, 70-80 watts","Bicycling, stationary, 70-80 watts",5.8,MET,3.5,ml/kg/min,moderate,True,False,False,https://pacompendium.com/bicycling
adult_01220,adult,đạp xe,Bicycling,"đạp xe, tại chỗ, 90-100 watts, vừa to mạnh","Bicycling, stationary, 90-100 watts, moderate to vigorous",6.0,MET,3.5,ml/kg/min,vigorous,False,False,False,https://pacompendium.com/bicycling
adult_01224,adult,đạp xe,Bicycling,"đạp xe, tại chỗ, 101-125 watts","Bicycling, stationary, 101-125 watts",6.8,MET,3.5,ml/kg/min,vigorous,False,False,False,https://pacompendium.com/bicycling
adult_01228,adult,đạp xe,Bicycling,"đạp xe, tại chỗ, 126-150 watts","Bicycling, stationary, 126-150 watts",8.0,MET,3.5,ml/kg/min,vigorous,False,False,False,https://pacompendium.com/bicycling
adult_01232,adult,đạp xe,Bicycling,"đạp xe, tại chỗ, 151-199 watts","Bicycling, stationary, 151-199 watts",10.3,MET,3.5,ml/kg/min,vigorous,False,False,False,https://pacompendium.com/bicycling
adult_01236,adult,đạp xe,Bicycling,"đạp xe, tại chỗ, 200-229 watts, mạnh","Bicycling, stationary, 200-229 watts, vigorous",10.8,MET,3.5,ml/kg/min,vigorous,False,False,False,https://pacompendium.com/bicycling
adult_01240,adult,đạp xe,Bicycling,"đạp xe, tại chỗ, 230-250 watts, very mạnh","Bicycling, stationary, 230-250 watts, very vigorous",12.5,MET,3.5,ml/kg/min,vigorous,False,False,False,https://pacompendium.com/bicycling
adult_01244,adult,đạp xe,Bicycling,"đạp xe, tại chỗ, 270-305 watts, very mạnh","Bicycling, stationary, 270-305 watts, very vigorous",13.8,MET,3.5,ml/kg/min,vigorous,False,False,False,https://pacompendium.com/bicycling
adult_01248,adult,đạp xe,Bicycling,"đạp xe, tại chỗ, >325 watts, very mạnh","Bicycling, stationary, >325 watts, very vigorous",16.3,MET,3.5,ml/kg/min,vigorous,False,False,False,https://pacompendium.com/bicycling
adult_01252,adult,đạp xe,Bicycling,"đạp xe, concentric only, 100 W","Bicycling, concentric only, 100 W",5.5,MET,3.5,ml/kg/min,moderate,True,False,False,https://pacompendium.com/bicycling
adult_01254,adult,đạp xe,Bicycling,"đạp xe, concentric only, 200 W","Bicycling, concentric only, 200 W",11.0,MET,3.5,ml/kg/min,vigorous,False,False,False,https://pacompendium.com/bicycling
adult_01262,adult,đạp xe,Bicycling,"đạp xe, eccentric only, 100 to 149 W","Bicycling, eccentric only, 100 to 149 W",2.3,MET,3.5,ml/kg/min,light,True,False,False,https://pacompendium.com/bicycling
adult_01264,adult,đạp xe,Bicycling,"đạp xe, eccentric only, 200 W","Bicycling, eccentric only, 200 W",4.0,MET,3.5,ml/kg/min,moderate,True,False,False,https://pacompendium.com/bicycling
adult_01270,adult,đạp xe,Bicycling,"đạp xe, tại chỗ, RPM/Spin bike class","Bicycling, stationary, RPM/Spin bike class",9.0,MET,3.5,ml/kg/min,vigorous,False,False,False,https://pacompendium.com/bicycling
adult_01290,adult,đạp xe,Bicycling,"đạp xe, interactive virtual đạp xe, indoor cycle ergometer","Bicycling, interactive virtual cycling, indoor cycle ergometer",8.8,MET,3.5,ml/kg/min,vigorous,False,False,False,https://pacompendium.com/bicycling
adult_01305,adult,đạp xe,Bicycling,"đạp xe, high intensity interval training","Bicycling, high intensity interval training",8.8,MET,3.5,ml/kg/min,vigorous,False,False,False,https://pacompendium.com/bicycling
adult_02000,adult,bài tập thể lực,Conditioning Exercise,"Aerobic, chung","Aerobic, general",7.3,MET,3.5,ml/kg/min,vigorous,False,False,False,https://pacompendium.com/conditioning-exercise
adult_02001,adult,bài tập thể lực,Conditioning Exercise,"Aerobic, step, với 4-inch step","Aerobic, step, with 4-inch step",5.5,MET,3.5,ml/kg/min,moderate,True,False,False,https://pacompendium.com/conditioning-exercise
adult_02002,adult,bài tập thể lực,Conditioning Exercise,"Aerobic, step, với 6 – 8 inch step","Aerobic, step, with 6 – 8 inch step",7.3,MET,3.5,ml/kg/min,vigorous,False,False,False,https://pacompendium.com/conditioning-exercise
adult_02003,adult,bài tập thể lực,Conditioning Exercise,"Aerobic, step, với 10 – 12 inch step","Aerobic, step, with 10 – 12 inch step",9.0,MET,3.5,ml/kg/min,vigorous,False,False,False,https://pacompendium.com/conditioning-exercise
adult_02004,adult,bài tập thể lực,Conditioning Exercise,"Bench step class, chung","Bench step class, general",7.8,MET,3.5,ml/kg/min,vigorous,False,False,False,https://pacompendium.com/conditioning-exercise
adult_02005,adult,bài tập thể lực,Conditioning Exercise,"Aerobic dance, low impact, vừa nỗ lực","Aerobic dance, low impact, moderate effort",4.8,MET,3.5,ml/kg/min,moderate,True,False,False,https://pacompendium.com/conditioning-exercise
adult_02006,adult,bài tập thể lực,Conditioning Exercise,"Aerobic dance, high impact, mạnh nỗ lực","Aerobic dance, high impact, vigorous effort",8.0,MET,3.5,ml/kg/min,vigorous,False,False,False,https://pacompendium.com/conditioning-exercise
adult_02007,adult,bài tập thể lực,Conditioning Exercise,Aerobic dance wearing 10-15 lb weights,Aerobic dance wearing 10-15 lb weights,10.0,MET,3.5,ml/kg/min,vigorous,False,False,False,https://pacompendium.com/conditioning-exercise
adult_02008,adult,bài tập thể lực,Conditioning Exercise,"Army type obstacle course exercise, boot camp training program","Army type obstacle course exercise, boot camp training program",5.0,MET,3.5,ml/kg/min,moderate,True,False,False,https://pacompendium.com/conditioning-exercise
adult_02020,adult,bài tập thể lực,Conditioning Exercise,"Calisthenics (e.g., pushups, sit ups, pull-ups, nhảy jacks, burpees, battling ropes), mạnh nỗ lực","Calisthenics (e.g., pushups, sit ups, pull-ups, jumping jacks, burpees, battling ropes), vigorous effort",7.5,MET,3.5,ml/kg/min,vigorous,False,False,False,https://pacompendium.com/conditioning-exercise
adult_02022,adult,bài tập thể lực,Conditioning Exercise,"Calisthenics (e.g., pushups, sit ups, pull-ups, lunges), vừa nỗ lực","Calisthenics (e.g., pushups, sit ups, pull-ups, lunges), moderate effort",3.8,MET,3.5,ml/kg/min,moderate,True,False,False,https://pacompendium.com/conditioning-exercise
adult_02024,adult,bài tập thể lực,Conditioning Exercise,"Calisthenics (e.g., curl ups, abdominal crunches, plank), nhẹ nỗ lực","Calisthenics (e.g., curl ups, abdominal crunches, plank), light effort",2.8,MET,3.5,ml/kg/min,light,True,False,False,https://pacompendium.com/conditioning-exercise
adult_02030,adult,bài tập thể lực,Conditioning Exercise,"Calisthenics, nhẹ hoặc vừa nỗ lực, chung (e.g., back exercises), going up & down from floor (Taylor Code 150)","Calisthenics, light or moderate effort, general (e.g., back exercises), going up & down from floor (Taylor Code 150)",3.5,MET,3.5,ml/kg/min,moderate,True,False,False,https://pacompendium.com/conditioning-exercise
adult_02032,adult,bài tập thể lực,Conditioning Exercise,"Circuit training, body weight exercises","Circuit training, body weight exercises",6.0,MET,3.5,ml/kg/min,vigorous,False,False,False,https://pacompendium.com/conditioning-exercise
adult_02034,adult,bài tập thể lực,Conditioning Exercise,"Circuit training, nhẹ nỗ lực","Circuit training, light effort",3.5,MET,3.5,ml/kg/min,moderate,True,False,False,https://pacompendium.com/conditioning-exercise
adult_02035,adult,bài tập thể lực,Conditioning Exercise,"Circuit training, vừa nỗ lực","Circuit training, moderate effort",5.0,MET,3.5,ml/kg/min,moderate,True,False,False,https://pacompendium.com/conditioning-exercise
adult_02040,adult,bài tập thể lực,Conditioning Exercise,"Circuit training, including kettlebells, some aerobic movement với minimal rest, chung, mạnh intensity","Circuit training, including kettlebells, some aerobic movement with minimal rest, general, vigorous intensity",7.5,MET,3.5,ml/kg/min,vigorous,False,False,False,https://pacompendium.com/conditioning-exercise
adult_02045,adult,bài tập thể lực,Conditioning Exercise,Curves™ exercise routines trong women,Curves™ exercise routines in women,3.5,MET,3.5,ml/kg/min,moderate,True,False,False,https://pacompendium.com/conditioning-exercise
adult_02048,adult,bài tập thể lực,Conditioning Exercise,"Elliptical trainer, vừa nỗ lực","Elliptical trainer, moderate effort",5.0,MET,3.5,ml/kg/min,moderate,True,False,False,https://pacompendium.com/conditioning-exercise
adult_02049,adult,bài tập thể lực,Conditioning Exercise,"Elliptical trainer, mạnh nỗ lực","Elliptical trainer, vigorous effort",9.0,MET,3.5,ml/kg/min,vigorous,False,False,False,https://pacompendium.com/conditioning-exercise
adult_02050,adult,bài tập thể lực,Conditioning Exercise,"kháng lực (weight nâng – free weight, nautilus hoặc universal-type), power nâng hoặc body building, mạnh nỗ lực (Taylor Code 210)","Resistance (weight lifting – free weight, nautilus or universal-type), power lifting or body building, vigorous effort (Taylor Code 210)",6.0,MET,3.5,ml/kg/min,vigorous,False,False,False,https://pacompendium.com/conditioning-exercise
adult_02052,adult,bài tập thể lực,Conditioning Exercise,"kháng lực (weight) training, squats, deadlift, chậm hoặc explosive nỗ lực","Resistance (weight) training, squats, deadlift, slow or explosive effort",5.0,MET,3.5,ml/kg/min,moderate,True,False,False,https://pacompendium.com/conditioning-exercise
adult_02054,adult,bài tập thể lực,Conditioning Exercise,"kháng lực (weight) training, multiple exercises, 8-15 reps at varied kháng lực","Resistance (weight) training, multiple exercises, 8-15 reps at varied resistance",3.5,MET,3.5,ml/kg/min,moderate,True,False,False,https://pacompendium.com/conditioning-exercise
adult_02055,adult,bài tập thể lực,Conditioning Exercise,"kháng lực Training, circuit, reciprocal supersets, peripheral heart action training","Resistance Training, circuit, reciprocal supersets, peripheral heart action training",5.8,MET,3.5,ml/kg/min,moderate,True,False,False,https://pacompendium.com/conditioning-exercise
adult_02056,adult,bài tập thể lực,Conditioning Exercise,"Body weight kháng lực exercises (e.g., squat, lunge, push-up, crunch), chung","Body weight resistance exercises (e.g., squat, lunge, push-up, crunch), general",3.0,MET,3.5,ml/kg/min,moderate,True,False,False,https://pacompendium.com/conditioning-exercise
adult_02057,adult,bài tập thể lực,Conditioning Exercise,"Body weight kháng lực exercises (e.g., squat, lunge, push-up, crunch), high intensity","Body weight resistance exercises (e.g., squat, lunge, push-up, crunch), high intensity",6.5,MET,3.5,ml/kg/min,vigorous,False,False,False,https://pacompendium.com/conditioning-exercise
adult_02058,adult,bài tập thể lực,Conditioning Exercise,Kettlebell swings,Kettlebell swings,9.8,MET,3.5,ml/kg/min,vigorous,False,False,False,https://pacompendium.com/conditioning-exercise
adult_02060,adult,bài tập thể lực,Conditioning Exercise,"Health club exercise, chung (Taylor Code 160)","Health club exercise, general (Taylor Code 160)",5.5,MET,3.5,ml/kg/min,moderate,True,False,False,https://pacompendium.com/conditioning-exercise
adult_02061,adult,bài tập thể lực,Conditioning Exercise,"Health club exercise classes, chung, gym/weight training combined trong one visit","Health club exercise classes, general, gym/weight training combined in one visit",5.0,MET,3.5,ml/kg/min,moderate,True,False,False,https://pacompendium.com/conditioning-exercise
adult_02062,adult,bài tập thể lực,Conditioning Exercise,"Health club exercise, thể lực classes","Health club exercise, conditioning classes",7.8,MET,3.5,ml/kg/min,vigorous,False,False,False,https://pacompendium.com/conditioning-exercise
adult_02064,adult,bài tập thể lực,Conditioning Exercise,"Home exercise, chung","Home exercise, general",3.8,MET,3.5,ml/kg/min,moderate,True,False,False,https://pacompendium.com/conditioning-exercise
adult_02065,adult,bài tập thể lực,Conditioning Exercise,"Stair treadmill ergometer, chung","Stair treadmill ergometer, general",9.3,MET,3.5,ml/kg/min,vigorous,False,False,False,https://pacompendium.com/conditioning-exercise
adult_02068,adult,bài tập thể lực,Conditioning Exercise,"Rope skipping exercise, chung","Rope skipping exercise, general",11.0,MET,3.5,ml/kg/min,vigorous,False,False,False,https://pacompendium.com/conditioning-exercise
adult_02069,adult,bài tập thể lực,Conditioning Exercise,"nhảy rope, Digi-Jump Machine, 120 jumps/minute","Jumping rope, Digi-Jump Machine, 120 jumps/minute",9.0,MET,3.5,ml/kg/min,vigorous,False,False,False,https://pacompendium.com/conditioning-exercise
adult_02070,adult,bài tập thể lực,Conditioning Exercise,"Rowing, tại chỗ ergometer, chung, mạnh nỗ lực","Rowing, stationary ergometer, general, vigorous effort",7.3,MET,3.5,ml/kg/min,vigorous,False,False,False,https://pacompendium.com/conditioning-exercise
adult_02071,adult,bài tập thể lực,Conditioning Exercise,"Rowing, tại chỗ ergometer, chung, <100 watts, vừa nỗ lực","Rowing, stationary ergometer, general, <100 watts, moderate effort",5.0,MET,3.5,ml/kg/min,moderate,True,False,False,https://pacompendium.com/conditioning-exercise
adult_02072,adult,bài tập thể lực,Conditioning Exercise,"Rowing, tại chỗ, 100 to 149 watts, mạnh nỗ lực","Rowing, stationary, 100 to 149 watts, vigorous effort",7.5,MET,3.5,ml/kg/min,vigorous,False,False,False,https://pacompendium.com/conditioning-exercise
adult_02073,adult,bài tập thể lực,Conditioning Exercise,"Rowing, tại chỗ, 150 to 199 watts, mạnh nỗ lực","Rowing, stationary, 150 to 199 watts, vigorous effort",11.0,MET,3.5,ml/kg/min,vigorous,False,False,False,https://pacompendium.com/conditioning-exercise
adult_02074,adult,bài tập thể lực,Conditioning Exercise,"Rowing, tại chỗ, ≥ 200 watts, very mạnh nỗ lực","Rowing, stationary, ≥ 200 watts, very vigorous effort",14.0,MET,3.5,ml/kg/min,vigorous,False,False,False,https://pacompendium.com/conditioning-exercise
adult_02078,adult,bài tập thể lực,Conditioning Exercise,"Shuttle chạy bộ, forward/backward/lateral","Shuttle running, forward/backward/lateral",11.0,MET,3.5,ml/kg/min,vigorous,False,False,False,https://pacompendium.com/conditioning-exercise
adult_02080,adult,bài tập thể lực,Conditioning Exercise,"Ski machine, chung","Ski machine, general",6.8,MET,3.5,ml/kg/min,vigorous,False,False,False,https://pacompendium.com/conditioning-exercise
adult_02082,adult,bài tập thể lực,Conditioning Exercise,"Ski ergometer, cross country, double poling, chậm to vừa tốc độ","Ski ergometer, cross country, double poling, slow to moderate speed",10.5,MET,3.5,ml/kg/min,vigorous,False,False,False,https://pacompendium.com/conditioning-exercise
adult_02084,adult,bài tập thể lực,Conditioning Exercise,"Ski ergometer, cross country, double poling, nhanh to maximum tốc độ","Ski ergometer, cross country, double poling, fast to maximum speed",18.0,MET,3.5,ml/kg/min,vigorous,False,False,False,https://pacompendium.com/conditioning-exercise
adult_02085,adult,bài tập thể lực,Conditioning Exercise,"Slide board exercise, chung","Slide board exercise, general",10.5,MET,3.5,ml/kg/min,vigorous,False,False,False,https://pacompendium.com/conditioning-exercise
adult_02090,adult,bài tập thể lực,Conditioning Exercise,"Slimnastics, jazzercise","Slimnastics, jazzercise",6.0,MET,3.5,ml/kg/min,vigorous,False,False,False,https://pacompendium.com/conditioning-exercise
adult_02101,adult,bài tập thể lực,Conditioning Exercise,"giãn cơ, mild","Stretching, mild",2.3,MET,3.5,ml/kg/min,light,True,False,False,https://pacompendium.com/conditioning-exercise
adult_02103,adult,bài tập thể lực,Conditioning Exercise,"Pilates, traditional, mat","Pilates, traditional, mat",1.8,MET,3.5,ml/kg/min,light,True,False,False,https://pacompendium.com/conditioning-exercise
adult_02105,adult,bài tập thể lực,Conditioning Exercise,"Pilates, chung","Pilates, general",2.8,MET,3.5,ml/kg/min,light,True,False,False,https://pacompendium.com/conditioning-exercise
adult_02107,adult,bài tập thể lực,Conditioning Exercise,"Pound, combination of Pilates và body movements với drumming","Pound, combination of Pilates and body movements with drumming",8.5,MET,3.5,ml/kg/min,vigorous,False,False,False,https://pacompendium.com/conditioning-exercise
adult_02108,adult,bài tập thể lực,Conditioning Exercise,"Pole khiêu vũ, exercise class","Pole dancing, exercise class",4.5,MET,3.5,ml/kg/min,moderate,True,False,False,https://pacompendium.com/conditioning-exercise
adult_02110,adult,bài tập thể lực,Conditioning Exercise,"Teaching exercise classes (e.g., aerobic, water)","Teaching exercise classes (e.g., aerobic, water)",6.8,MET,3.5,ml/kg/min,vigorous,False,False,False,https://pacompendium.com/conditioning-exercise
adult_02112,adult,bài tập thể lực,Conditioning Exercise,"Therapeutic exercise ball, Fitball exercise","Therapeutic exercise ball, Fitball exercise",2.8,MET,3.5,ml/kg/min,light,True,False,False,https://pacompendium.com/conditioning-exercise
adult_02114,adult,bài tập thể lực,Conditioning Exercise,"Therapeutic exercise ball, Fitball exercise, high intensity","Therapeutic exercise ball, Fitball exercise, high intensity",9.5,MET,3.5,ml/kg/min,vigorous,False,False,False,https://pacompendium.com/conditioning-exercise
adult_02115,adult,bài tập thể lực,Conditioning Exercise,"Upper body exercise, arm ergometer, chung, nhẹ","Upper body exercise, arm ergometer, general, light",2.8,MET,3.5,ml/kg/min,light,True,False,False,https://pacompendium.com/conditioning-exercise
adult_02116,adult,bài tập thể lực,Conditioning Exercise,"Arm Ergometer, hand bike, 15W","Arm Ergometer, hand bike, 15W",2.0,MET,3.5,ml/kg/min,light,True,False,False,https://pacompendium.com/conditioning-exercise
adult_02117,adult,bài tập thể lực,Conditioning Exercise,"Arm Ergometer, hand bike, 25-30W","Arm Ergometer, hand bike, 25-30W",2.8,MET,3.5,ml/kg/min,light,True,False,False,https://pacompendium.com/conditioning-exercise
adult_02118,adult,bài tập thể lực,Conditioning Exercise,"Arm Ergometer, hand bike, 45W","Arm Ergometer, hand bike, 45W",3.5,MET,3.5,ml/kg/min,moderate,True,False,False,https://pacompendium.com/conditioning-exercise
adult_02119,adult,bài tập thể lực,Conditioning Exercise,"Upper body exercise, tại chỗ bicycle – Airdyne (arms only) 40 rpm, vừa intensity","Upper body exercise, stationary bicycle – Airdyne (arms only) 40 rpm, moderate intensity",4.3,MET,3.5,ml/kg/min,moderate,True,False,False,https://pacompendium.com/conditioning-exercise
adult_02120,adult,bài tập thể lực,Conditioning Exercise,"Water thể dục nhịp điệu, water calisthenics, water exercise","Water aerobics, water calisthenics, water exercise",5.3,MET,3.5,ml/kg/min,moderate,True,False,False,https://pacompendium.com/conditioning-exercise
adult_02135,adult,bài tập thể lực,Conditioning Exercise,"Whirlpool, ngồi","Whirlpool, sitting",1.3,MET,3.5,ml/kg/min,sedentary,True,False,False,https://pacompendium.com/conditioning-exercise
adult_02140,adult,bài tập thể lực,Conditioning Exercise,"Video, exercise workouts, TV thể lực programs (e.g., yoga, giãn cơ, seated), nhẹ nỗ lực","Video, exercise workouts, TV conditioning programs (e.g., yoga, stretching, seated), light effort",2.5,MET,3.5,ml/kg/min,light,True,False,False,https://pacompendium.com/conditioning-exercise
adult_02143,adult,bài tập thể lực,Conditioning Exercise,"Video, exercise workouts, TV thể lực programs (e.g., cardio-resistance training), vừa","Video, exercise workouts, TV conditioning programs (e.g., cardio-resistance training), moderate",4.0,MET,3.5,ml/kg/min,moderate,True,False,False,https://pacompendium.com/conditioning-exercise
adult_02145,adult,bài tập thể lực,Conditioning Exercise,"Video, exercise workouts, TV thể lực programs (e.g., cardio-resistance training), mạnh","Video, exercise workouts, TV conditioning programs (e.g., cardio-resistance training), vigorous",6.0,MET,3.5,ml/kg/min,vigorous,False,False,False,https://pacompendium.com/conditioning-exercise
adult_02150,adult,bài tập thể lực,Conditioning Exercise,"yoga, Hatha","Yoga, Hatha",2.3,MET,3.5,ml/kg/min,light,True,False,False,https://pacompendium.com/conditioning-exercise
adult_02153,adult,bài tập thể lực,Conditioning Exercise,"yoga, Hatha, high intensity","Yoga, Hatha, high intensity",8.0,MET,3.5,ml/kg/min,vigorous,False,False,False,https://pacompendium.com/conditioning-exercise
adult_02155,adult,bài tập thể lực,Conditioning Exercise,"yoga, Hot","Yoga, Hot",3.0,MET,3.5,ml/kg/min,moderate,True,False,False,https://pacompendium.com/conditioning-exercise
adult_02160,adult,bài tập thể lực,Conditioning Exercise,"yoga, Power","Yoga, Power",4.0,MET,3.5,ml/kg/min,moderate,True,False,False,https://pacompendium.com/conditioning-exercise
adult_02170,adult,bài tập thể lực,Conditioning Exercise,"yoga, Nadisodhana","Yoga, Nadisodhana",2.0,MET,3.5,ml/kg/min,light,True,False,False,https://pacompendium.com/conditioning-exercise
adult_02175,adult,bài tập thể lực,Conditioning Exercise,"yoga, chung","Yoga, General",2.3,MET,3.5,ml/kg/min,light,True,False,False,https://pacompendium.com/conditioning-exercise
adult_02180,adult,bài tập thể lực,Conditioning Exercise,"yoga, Surya Namaskar","Yoga, Surya Namaskar",3.5,MET,3.5,ml/kg/min,moderate,True,False,False,https://pacompendium.com/conditioning-exercise
adult_02185,adult,bài tập thể lực,Conditioning Exercise,"yoga, Vinyasa","Yoga, Vinyasa",2.7,MET,3.5,ml/kg/min,light,True,False,False,https://pacompendium.com/conditioning-exercise
adult_02200,adult,bài tập thể lực,Conditioning Exercise,"Native New Zealander PA, (e.g., Haka Powhiri, Poi, Moteatea, etc.), chung vừa nỗ lực","Native New Zealander PA, (e.g., Haka Powhiri, Poi, Moteatea, etc.), general moderate effort",5.3,MET,3.5,ml/kg/min,moderate,True,False,False,https://pacompendium.com/conditioning-exercise
adult_02205,adult,bài tập thể lực,Conditioning Exercise,"Native New Zealander PA, chung, mạnh nỗ lực","Native New Zealander PA, general, vigorous effort",6.8,MET,3.5,ml/kg/min,vigorous,False,False,False,https://pacompendium.com/conditioning-exercise
adult_02210,adult,bài tập thể lực,Conditioning Exercise,"High intensity interval exercise, vừa nỗ lực","High intensity interval exercise, moderate effort",7.0,MET,3.5,ml/kg/min,vigorous,False,False,False,https://pacompendium.com/conditioning-exercise
adult_02214,adult,bài tập thể lực,Conditioning Exercise,"High intensity interval exercise, burpees, mountain climbers, squat jumps, Tabata, mạnh nỗ lực","High intensity interval exercise, burpees, mountain climbers, squat jumps, Tabata, vigorous effort",11.0,MET,3.5,ml/kg/min,vigorous,False,False,False,https://pacompendium.com/conditioning-exercise
adult_02225,adult,bài tập thể lực,Conditioning Exercise,"Balance Exercise Assist Robot (BEAR), simulated skiing, tennis, rodeo","Balance Exercise Assist Robot (BEAR), simulated skiing, tennis, rodeo",2.3,MET,3.5,ml/kg/min,light,True,False,False,https://pacompendium.com/conditioning-exercise
adult_02230,adult,bài tập thể lực,Conditioning Exercise,Hooping (formerly known as hula® hooping),Hooping (formerly known as hula® hooping),5.8,MET,3.5,ml/kg/min,moderate,True,False,False,https://pacompendium.com/conditioning-exercise
adult_02240,adult,bài tập thể lực,Conditioning Exercise,"Impulse Training System, Inertial Exercise Trainer","Impulse Training System, Inertial Exercise Trainer",9.0,MET,3.5,ml/kg/min,vigorous,False,False,False,https://pacompendium.com/conditioning-exercise
adult_02280,adult,bài tập thể lực,Conditioning Exercise,"Virtual Reality Fitness, Supernatural™ “Flow”, “Boxing” mạnh intensity","Virtual Reality Fitness, Supernatural™ “Flow”, “Boxing” vigorous intensity",7.9,MET,3.5,ml/kg/min,vigorous,False,False,False,https://pacompendium.com/conditioning-exercise
adult_02284,adult,bài tập thể lực,Conditioning Exercise,"ExerCube, workout series","ExerCube, workout series",9.3,MET,3.5,ml/kg/min,vigorous,False,False,False,https://pacompendium.com/conditioning-exercise
adult_02288,adult,bài tập thể lực,Conditioning Exercise,"Blackbox Immersive virtual reality exergaming system, mạnh intensity","Blackbox Immersive virtual reality exergaming system, vigorous intensity",13.0,MET,3.5,ml/kg/min,vigorous,False,False,False,https://pacompendium.com/conditioning-exercise
adult_02300,adult,bài tập thể lực,Conditioning Exercise,"Wand exercise, Life-Build-Line","Wand exercise, Life-Build-Line",3.0,MET,3.5,ml/kg/min,moderate,True,False,False,https://pacompendium.com/conditioning-exercise
adult_02310,adult,bài tập thể lực,Conditioning Exercise,"Zumba, group class","Zumba, group class",6.5,MET,3.5,ml/kg/min,vigorous,False,False,False,https://pacompendium.com/conditioning-exercise
adult_02315,adult,bài tập thể lực,Conditioning Exercise,"Zumba, home video","Zumba, home video",5.5,MET,3.5,ml/kg/min,moderate,True,False,False,https://pacompendium.com/conditioning-exercise
adult_02340,adult,bài tập thể lực,Conditioning Exercise,"Sit to stand exercise, 6-12 times/min","Sit to stand exercise, 6-12 times/min",2.8,MET,3.5,ml/kg/min,light,True,False,False,https://pacompendium.com/conditioning-exercise
adult_02344,adult,bài tập thể lực,Conditioning Exercise,"Sit to stand exercise, 18-24 times/min","Sit to stand exercise, 18-24 times/min",4.0,MET,3.5,ml/kg/min,moderate,True,False,False,https://pacompendium.com/conditioning-exercise
adult_03005,adult,khiêu vũ / nhảy,Dancing,"Afro-Cuban salsa (Cuban cha-cha-cha, mambo, Afro rumba, contratiempo son steps, orisha/santo movements)","Afro-Cuban salsa (Cuban cha-cha-cha, mambo, Afro rumba, contratiempo son steps, orisha/santo movements)",6.0,MET,3.5,ml/kg/min,vigorous,False,False,False,https://pacompendium.com/dancing
adult_03010,adult,khiêu vũ / nhảy,Dancing,"Ballet, modern, hoặc jazz chung, rehearsal hoặc class","Ballet, modern, or jazz general, rehearsal or class",5.0,MET,3.5,ml/kg/min,moderate,True,False,False,https://pacompendium.com/dancing
adult_03011,adult,khiêu vũ / nhảy,Dancing,"Ballet exercises (plie, tendus, jetes, rond de Jambes, fondus, grand battement, grand adage, sautes, temp Leve’s)","Ballet exercises (plie, tendus, jetes, rond de Jambes, fondus, grand battement, grand adage, sautes, temp Leve’s)",6.3,MET,3.5,ml/kg/min,vigorous,False,False,False,https://pacompendium.com/dancing
adult_03012,adult,khiêu vũ / nhảy,Dancing,"Ballet, modern, hoặc jazz, performance, mạnh nỗ lực","Ballet, modern, or jazz, performance, vigorous effort",6.8,MET,3.5,ml/kg/min,vigorous,False,False,False,https://pacompendium.com/dancing
adult_03014,adult,khiêu vũ / nhảy,Dancing,Tap,Tap,4.8,MET,3.5,ml/kg/min,moderate,True,False,False,https://pacompendium.com/dancing
adult_03025,adult,khiêu vũ / nhảy,Dancing,"Ethnic hoặc cultural khiêu vũ (e.g. Greek, Middle Eastern, hula, salsa, merengue, bamba y plena, flamenco, belly, và swing)","Ethnic or cultural dancing (e.g. Greek, Middle Eastern, hula, salsa, merengue, bamba y plena, flamenco, belly, and swing)",4.5,MET,3.5,ml/kg/min,moderate,True,False,False,https://pacompendium.com/dancing
adult_03028,adult,khiêu vũ / nhảy,Dancing,"Chinese square dance, Ballet & Tibetan dance","Chinese square dance, Ballet & Tibetan dance",5.5,MET,3.5,ml/kg/min,moderate,True,False,False,https://pacompendium.com/dancing
adult_03029,adult,khiêu vũ / nhảy,Dancing,"Chinese square dance, aerobic dance","Chinese square dance, aerobic dance",7.3,MET,3.5,ml/kg/min,vigorous,False,False,False,https://pacompendium.com/dancing
adult_03030,adult,khiêu vũ / nhảy,Dancing,"Ballroom khiêu vũ, nhanh (Taylor Code 125)","Ballroom dancing, fast (Taylor Code 125)",5.5,MET,3.5,ml/kg/min,moderate,True,False,False,https://pacompendium.com/dancing
adult_03031,adult,khiêu vũ / nhảy,Dancing,"Nightclub hoặc folk khiêu vũ, mạnh nỗ lực (e.g., nightclub, disco, folk, line khiêu vũ, Irish step khiêu vũ, polka, contra)","Nightclub or folk dancing, vigorous effort (e.g., nightclub, disco, folk, line dancing, Irish step dancing, polka, contra)",9.8,MET,3.5,ml/kg/min,vigorous,False,False,False,https://pacompendium.com/dancing
adult_03033,adult,khiêu vũ / nhảy,Dancing,"Folk khiêu vũ, vừa nỗ lực","Folk dancing, moderate effort",5.0,MET,3.5,ml/kg/min,moderate,True,False,False,https://pacompendium.com/dancing
adult_03038,adult,khiêu vũ / nhảy,Dancing,"Ballroom khiêu vũ, competitive, chung","Ballroom dancing, competitive, general",11.3,MET,3.5,ml/kg/min,vigorous,False,False,False,https://pacompendium.com/dancing
adult_03039,adult,khiêu vũ / nhảy,Dancing,"Ballroom dance, DanceSport competition (modern waltz, tango, Viennese waltz, chậm fox, quick step, samba, chacha, rumba, paso doble, jive)","Ballroom dance, DanceSport competition (modern waltz, tango, Viennese waltz, slow fox, quick step, samba, chacha, rumba, paso doble, jive)",13.0,MET,3.5,ml/kg/min,vigorous,False,False,False,https://pacompendium.com/dancing
adult_03040,adult,khiêu vũ / nhảy,Dancing,"Ballroom, chậm, examples: waltz, foxtrot, chậm khiêu vũ, samba tango, rumba, 19th century dance, mambo, cha cha","Ballroom, slow, examples: waltz, foxtrot, slow dancing, samba tango, rumba, 19th century dance, mambo, cha cha",3.0,MET,3.5,ml/kg/min,moderate,True,False,False,https://pacompendium.com/dancing
adult_03042,adult,khiêu vũ / nhảy,Dancing,"Ballroom Dance, Recreational (Waltz, Foxtrot, Cha-cha, Swing)","Ballroom Dance, Recreational (Waltz, Foxtrot, Cha-cha, Swing)",6.0,MET,3.5,ml/kg/min,vigorous,False,False,False,https://pacompendium.com/dancing
adult_03050,adult,khiêu vũ / nhảy,Dancing,"Anishinaabe Jingle khiêu vũ, brisk tốc độ, other traditional American Indian khiêu vũ performed by women, vừa nỗ lực","Anishinaabe Jingle dancing, brisk pace, other traditional American Indian dancing performed by women, moderate effort",5.5,MET,3.5,ml/kg/min,moderate,True,False,False,https://pacompendium.com/dancing
adult_03060,adult,khiêu vũ / nhảy,Dancing,"Caribbean dance (Abakua, Beguine, Bellair, Bongo, Brukin’s, Caribbean Quadrills, Dinki Mini, Gere, Gumbay, Ibo, Jonkonnu, Kumina, Oreisha, Jambu)","Caribbean dance (Abakua, Beguine, Bellair, Bongo, Brukin’s, Caribbean Quadrills, Dinki Mini, Gere, Gumbay, Ibo, Jonkonnu, Kumina, Oreisha, Jambu)",3.5,MET,3.5,ml/kg/min,moderate,True,False,False,https://pacompendium.com/dancing
adult_03070,adult,khiêu vũ / nhảy,Dancing,"Contemporary khiêu vũ, chung","Contemporary dancing, general",3.8,MET,3.5,ml/kg/min,moderate,True,False,False,https://pacompendium.com/dancing
adult_03072,adult,khiêu vũ / nhảy,Dancing,"Contemporary khiêu vũ, nightclub","Contemporary dancing, nightclub",4.3,MET,3.5,ml/kg/min,moderate,True,False,False,https://pacompendium.com/dancing
adult_03075,adult,khiêu vũ / nhảy,Dancing,Flamenco dance,Flamenco dance,8.5,MET,3.5,ml/kg/min,vigorous,False,False,False,https://pacompendium.com/dancing
adult_03078,adult,khiêu vũ / nhảy,Dancing,"Jazz khiêu vũ, chung","Jazz dancing, general",4.5,MET,3.5,ml/kg/min,moderate,True,False,False,https://pacompendium.com/dancing
adult_03080,adult,khiêu vũ / nhảy,Dancing,"Musical Theater, Singing/dancing","Musical Theater, Singing/dancing",10.3,MET,3.5,ml/kg/min,vigorous,False,False,False,https://pacompendium.com/dancing
adult_03085,adult,khiêu vũ / nhảy,Dancing,"Polynesian dance, Hawaiian hula chậm, Maori haka, Tongan","Polynesian dance, Hawaiian hula slow, Maori haka, Tongan",5.8,MET,3.5,ml/kg/min,moderate,True,False,False,https://pacompendium.com/dancing
adult_03086,adult,khiêu vũ / nhảy,Dancing,"Polynesian dance, Hawaiian hula nhanh, Samoan sasa, Fijian style nhanh, Filipino Tinikling","Polynesian dance, Hawaiian hula fast, Samoan sasa, Fijian style fast, Filipino Tinikling",7.0,MET,3.5,ml/kg/min,vigorous,False,False,False,https://pacompendium.com/dancing
adult_03087,adult,khiêu vũ / nhảy,Dancing,"Polynesian dance, Samoan slap, Tahitian","Polynesian dance, Samoan slap, Tahitian",8.8,MET,3.5,ml/kg/min,vigorous,False,False,False,https://pacompendium.com/dancing
adult_03090,adult,khiêu vũ / nhảy,Dancing,"Salsa khiêu vũ, với partner","Salsa Dancing, with partner",4.8,MET,3.5,ml/kg/min,moderate,True,False,False,https://pacompendium.com/dancing
adult_03091,adult,khiêu vũ / nhảy,Dancing,"Salsa khiêu vũ, to a video","Salsa dancing, to a video",6.3,MET,3.5,ml/kg/min,vigorous,False,False,False,https://pacompendium.com/dancing
adult_03093,adult,khiêu vũ / nhảy,Dancing,"Square khiêu vũ, American Western, country","Square Dancing, American Western, country",5.5,MET,3.5,ml/kg/min,moderate,True,False,False,https://pacompendium.com/dancing
adult_04001,adult,câu cá hunting,Fishing Hunting,"câu cá, chung","Fishing, general",3.5,MET,3.5,ml/kg/min,moderate,True,False,False,https://pacompendium.com/fishing-hunting
adult_04005,adult,câu cá hunting,Fishing Hunting,"câu cá, crab câu cá","Fishing, crab fishing",4.5,MET,3.5,ml/kg/min,moderate,True,False,False,https://pacompendium.com/fishing-hunting
adult_04007,adult,câu cá hunting,Fishing Hunting,"câu cá, catching fish với hands","Fishing, catching fish with hands",4.0,MET,3.5,ml/kg/min,moderate,True,False,False,https://pacompendium.com/fishing-hunting
adult_04010,adult,câu cá hunting,Fishing Hunting,"câu cá related, digging worms, với shovel","Fishing related, digging worms, with shovel",4.3,MET,3.5,ml/kg/min,moderate,True,False,False,https://pacompendium.com/fishing-hunting
adult_04020,adult,câu cá hunting,Fishing Hunting,câu cá from river bank và đi bộ,Fishing from river bank and walking,4.0,MET,3.5,ml/kg/min,moderate,True,False,False,https://pacompendium.com/fishing-hunting
adult_04030,adult,câu cá hunting,Fishing Hunting,"câu cá from boat hoặc canoe, ngồi","Fishing from boat or canoe, sitting",2.0,MET,3.5,ml/kg/min,light,True,False,False,https://pacompendium.com/fishing-hunting
adult_04040,adult,câu cá hunting,Fishing Hunting,"câu cá from river bank, đứng (Taylor Code 660)","Fishing from river bank, standing (Taylor Code 660)",3.5,MET,3.5,ml/kg/min,moderate,True,False,False,https://pacompendium.com/fishing-hunting
adult_04050,adult,câu cá hunting,Fishing Hunting,"câu cá trong stream, trong waders (Taylor Code 670)","Fishing in stream, in waders (Taylor Code 670)",6.0,MET,3.5,ml/kg/min,vigorous,False,False,False,https://pacompendium.com/fishing-hunting
adult_04060,adult,câu cá hunting,Fishing Hunting,"câu cá, ice, ngồi","Fishing, ice, sitting",2.0,MET,3.5,ml/kg/min,light,True,False,False,https://pacompendium.com/fishing-hunting
adult_04061,adult,câu cá hunting,Fishing Hunting,"câu cá, jig hoặc line, đứng, chung","Fishing, jig or line, standing, general",1.8,MET,3.5,ml/kg/min,light,True,False,False,https://pacompendium.com/fishing-hunting
adult_04062,adult,câu cá hunting,Fishing Hunting,"câu cá, dip net, setting net và retrieving fish, chung","Fishing, dip net, setting net and retrieving fish, general",3.5,MET,3.5,ml/kg/min,moderate,True,False,False,https://pacompendium.com/fishing-hunting
adult_04063,adult,câu cá hunting,Fishing Hunting,"câu cá, set net, setting net và retrieving fish, chung","Fishing, set net, setting net and retrieving fish, general",3.8,MET,3.5,ml/kg/min,moderate,True,False,False,https://pacompendium.com/fishing-hunting
adult_04064,adult,câu cá hunting,Fishing Hunting,"câu cá, câu cá wheel, setting net và retrieving fish, chung","Fishing, fishing wheel, setting net and retrieving fish, general",3.0,MET,3.5,ml/kg/min,moderate,True,False,False,https://pacompendium.com/fishing-hunting
adult_04065,adult,câu cá hunting,Fishing Hunting,"câu cá với a spear, đứng","Fishing with a spear, standing",2.3,MET,3.5,ml/kg/min,light,True,False,False,https://pacompendium.com/fishing-hunting
adult_04070,adult,câu cá hunting,Fishing Hunting,"Hunting, bow và arrow hoặc crossbow","Hunting, bow and arrow or crossbow",2.5,MET,3.5,ml/kg/min,light,True,False,False,https://pacompendium.com/fishing-hunting
adult_04080,adult,câu cá hunting,Fishing Hunting,"Hunting, deer, elk, large game (Taylor Code 170)","Hunting, deer, elk, large game (Taylor Code 170)",6.0,MET,3.5,ml/kg/min,vigorous,False,False,False,https://pacompendium.com/fishing-hunting
adult_04081,adult,câu cá hunting,Fishing Hunting,"Hunting large game, dragging carcass","Hunting large game, dragging carcass",9.8,MET,3.5,ml/kg/min,vigorous,False,False,False,https://pacompendium.com/fishing-hunting
adult_04083,adult,câu cá hunting,Fishing Hunting,Hunting large marine animals,Hunting large marine animals,4.0,MET,3.5,ml/kg/min,moderate,True,False,False,https://pacompendium.com/fishing-hunting
adult_04085,adult,câu cá hunting,Fishing Hunting,"Hunting, large game from a hunting stand, limited đi bộ","Hunting, large game from a hunting stand, limited walking",2.5,MET,3.5,ml/kg/min,light,True,False,False,https://pacompendium.com/fishing-hunting
adult_04086,adult,câu cá hunting,Fishing Hunting,"Hunting large game from a car, plane, hoặc boat","Hunting large game from a car, plane, or boat",2.0,MET,3.5,ml/kg/min,light,True,False,False,https://pacompendium.com/fishing-hunting
adult_04090,adult,câu cá hunting,Fishing Hunting,"Hunting, duck, wading","Hunting, duck, wading",2.5,MET,3.5,ml/kg/min,light,True,False,False,https://pacompendium.com/fishing-hunting
adult_04095,adult,câu cá hunting,Fishing Hunting,"Hunting flying fox, squirrel","Hunting flying fox, squirrel",3.0,MET,3.5,ml/kg/min,moderate,True,False,False,https://pacompendium.com/fishing-hunting
adult_04100,adult,câu cá hunting,Fishing Hunting,"Hunting, chung","Hunting, general",5.0,MET,3.5,ml/kg/min,moderate,True,False,False,https://pacompendium.com/fishing-hunting
adult_04110,adult,câu cá hunting,Fishing Hunting,"Hunting, pheasants hoặc grouse (Taylor Code 680)","Hunting, pheasants or grouse (Taylor Code 680)",6.0,MET,3.5,ml/kg/min,vigorous,False,False,False,https://pacompendium.com/fishing-hunting
adult_04115,adult,câu cá hunting,Fishing Hunting,Hunting birds,Hunting birds,3.3,MET,3.5,ml/kg/min,moderate,True,False,False,https://pacompendium.com/fishing-hunting
adult_04120,adult,câu cá hunting,Fishing Hunting,"Hunting, rabbit, squirrel, prairie chick, raccoon, small game (Taylor Code 690)","Hunting, rabbit, squirrel, prairie chick, raccoon, small game (Taylor Code 690)",5.0,MET,3.5,ml/kg/min,moderate,True,False,False,https://pacompendium.com/fishing-hunting
adult_04123,adult,câu cá hunting,Fishing Hunting,"Hunting pigs, wild","Hunting pigs, wild",3.3,MET,3.5,ml/kg/min,moderate,True,False,False,https://pacompendium.com/fishing-hunting
adult_04124,adult,câu cá hunting,Fishing Hunting,"Trapping game, chung","Trapping game, general",2.0,MET,3.5,ml/kg/min,light,True,False,False,https://pacompendium.com/fishing-hunting
adult_04125,adult,câu cá hunting,Fishing Hunting,Hunting – đi bộ đường dài với hunting gear,Hunting – hiking with hunting gear,9.5,MET,3.5,ml/kg/min,vigorous,False,False,False,https://pacompendium.com/fishing-hunting
adult_04130,adult,câu cá hunting,Fishing Hunting,"Pistol shooting hoặc trap shooting, đứng","Pistol shooting or trap shooting, standing",2.5,MET,3.5,ml/kg/min,light,True,False,False,https://pacompendium.com/fishing-hunting
adult_04140,adult,câu cá hunting,Fishing Hunting,"Rifle exercises, shooting, lying down","Rifle exercises, shooting, lying down",2.3,MET,3.5,ml/kg/min,light,True,False,False,https://pacompendium.com/fishing-hunting
adult_04145,adult,câu cá hunting,Fishing Hunting,"Rifle exercises, shooting, kneeling hoặc đứng","Rifle exercises, shooting, kneeling or standing",2.5,MET,3.5,ml/kg/min,light,True,False,False,https://pacompendium.com/fishing-hunting
adult_04150,adult,câu cá hunting,Fishing Hunting,"Foraging, 0-9.9kg backpack","Foraging, 0-9.9kg backpack",2.8,MET,3.5,ml/kg/min,light,True,False,False,https://pacompendium.com/fishing-hunting
adult_04152,adult,câu cá hunting,Fishing Hunting,"Foraging, 10-15kg backpack","Foraging, 10-15kg backpack",3.0,MET,3.5,ml/kg/min,moderate,True,False,False,https://pacompendium.com/fishing-hunting
adult_04160,adult,câu cá hunting,Fishing Hunting,"ngồi trong boat, passenger","Sitting in boat, passenger",1.0,MET,3.5,ml/kg/min,sedentary,True,False,False,https://pacompendium.com/fishing-hunting
adult_04164,adult,câu cá hunting,Fishing Hunting,đứng trong boat,Standing in boat,1.5,MET,3.5,ml/kg/min,sedentary,True,False,False,https://pacompendium.com/fishing-hunting
adult_04168,adult,câu cá hunting,Fishing Hunting,"Activities trong a boat, nâng, lowering","Activities in a boat, lifting, lowering",3.3,MET,3.5,ml/kg/min,moderate,True,False,False,https://pacompendium.com/fishing-hunting
adult_05010,adult,hoạt động tại nhà,Home Activities,"Cleaning, sweeping carpet hoặc floors, chung","Cleaning, sweeping carpet or floors, general",3.3,MET,3.5,ml/kg/min,moderate,True,False,False,https://pacompendium.com/home-activities
adult_05011,adult,hoạt động tại nhà,Home Activities,"Cleaning, sweeping, chậm, nhẹ nỗ lực","Cleaning, sweeping, slow, light effort",2.3,MET,3.5,ml/kg/min,light,True,False,False,https://pacompendium.com/home-activities
adult_05012,adult,hoạt động tại nhà,Home Activities,"Cleaning, sweeping, nhanh, vừa nỗ lực","Cleaning, sweeping, fast, moderate effort",3.8,MET,3.5,ml/kg/min,moderate,True,False,False,https://pacompendium.com/home-activities
adult_05020,adult,hoạt động tại nhà,Home Activities,"Cleaning heavy hoặc major (e.g., wash car, clean garage), vừa nỗ lực","Cleaning heavy or major (e.g., wash car, clean garage), moderate effort",3.5,MET,3.5,ml/kg/min,moderate,True,False,False,https://pacompendium.com/home-activities
adult_05021,adult,hoạt động tại nhà,Home Activities,"Cleaning, mopping, đứng, vừa nỗ lực","Cleaning, mopping, standing, moderate effort",3.5,MET,3.5,ml/kg/min,moderate,True,False,False,https://pacompendium.com/home-activities
adult_05022,adult,hoạt động tại nhà,Home Activities,"Cleaning windows, washing windows, chung","Cleaning windows, washing windows, general",3.3,MET,3.5,ml/kg/min,moderate,True,False,False,https://pacompendium.com/home-activities
adult_05023,adult,hoạt động tại nhà,Home Activities,"Mopping, đứng, nhẹ nỗ lực","Mopping, standing, light effort",2.5,MET,3.5,ml/kg/min,light,True,False,False,https://pacompendium.com/home-activities
adult_05024,adult,hoạt động tại nhà,Home Activities,"Polishing floors, đứng, đi bộ slowly, using electric polishing machine","Polishing floors, standing, walking slowly, using electric polishing machine",4.5,MET,3.5,ml/kg/min,moderate,True,False,False,https://pacompendium.com/home-activities
adult_05025,adult,hoạt động tại nhà,Home Activities,"Multiple household tasks all at once, nhẹ nỗ lực","Multiple household tasks all at once, light effort",2.8,MET,3.5,ml/kg/min,light,True,False,False,https://pacompendium.com/home-activities
adult_05026,adult,hoạt động tại nhà,Home Activities,"Multiple household tasks all at once, vừa nỗ lực","Multiple household tasks all at once, moderate effort",3.3,MET,3.5,ml/kg/min,moderate,True,False,False,https://pacompendium.com/home-activities
adult_05027,adult,hoạt động tại nhà,Home Activities,"Multiple household tasks all at once, mạnh nỗ lực","Multiple household tasks all at once, vigorous effort",4.3,MET,3.5,ml/kg/min,moderate,True,False,False,https://pacompendium.com/home-activities
adult_05030,adult,hoạt động tại nhà,Home Activities,"Cleaning, house hoặc cabin, chung, vừa nỗ lực","Cleaning, house or cabin, general, moderate effort",3.3,MET,3.5,ml/kg/min,moderate,True,False,False,https://pacompendium.com/home-activities
adult_05032,adult,hoạt động tại nhà,Home Activities,"Dusting hoặc polishing furniture, chung","Dusting or polishing furniture, general",2.5,MET,3.5,ml/kg/min,light,True,False,False,https://pacompendium.com/home-activities
adult_05035,adult,hoạt động tại nhà,Home Activities,"Kitchen activity, chung, (e.g., cooking, washing dishes, cleaning up) vừa nỗ lực","Kitchen activity, general, (e.g., cooking, washing dishes, cleaning up) moderate effort",3.3,MET,3.5,ml/kg/min,moderate,True,False,False,https://pacompendium.com/home-activities
adult_05040,adult,hoạt động tại nhà,Home Activities,"Cleaning, chung (straightening up, changing linen, mang vác out trash), nhẹ nỗ lực","Cleaning, general (straightening up, changing linen, carrying out trash), light effort",2.5,MET,3.5,ml/kg/min,light,True,False,False,https://pacompendium.com/home-activities
adult_05041,adult,hoạt động tại nhà,Home Activities,"Wash dishes, đứng hoặc trong chung (not broken into stand/walk components)","Wash dishes, standing or in general (not broken into stand/walk components)",2.0,MET,3.5,ml/kg/min,light,True,False,False,https://pacompendium.com/home-activities
adult_05042,adult,hoạt động tại nhà,Home Activities,"Wash dishes, clearing dishes from table, đi bộ, nhẹ nỗ lực","Wash dishes, clearing dishes from table, walking, light effort",2.0,MET,3.5,ml/kg/min,light,True,False,False,https://pacompendium.com/home-activities
adult_05043,adult,hoạt động tại nhà,Home Activities,"Vacuuming, chung, vừa nỗ lực","Vacuuming, general, moderate effort",3.0,MET,3.5,ml/kg/min,moderate,True,False,False,https://pacompendium.com/home-activities
adult_05044,adult,hoạt động tại nhà,Home Activities,"Butchering animals, small","Butchering animals, small",3.0,MET,3.5,ml/kg/min,moderate,True,False,False,https://pacompendium.com/home-activities
adult_05045,adult,hoạt động tại nhà,Home Activities,"Butchering animals, large, mạnh nỗ lực","Butchering animals, large, vigorous effort",6.0,MET,3.5,ml/kg/min,vigorous,False,False,False,https://pacompendium.com/home-activities
adult_05046,adult,hoạt động tại nhà,Home Activities,"Cutting và smoking fish, drying fish hoặc meat","Cutting and smoking fish, drying fish or meat",2.3,MET,3.5,ml/kg/min,light,True,False,False,https://pacompendium.com/home-activities
adult_05048,adult,hoạt động tại nhà,Home Activities,"Tanning hides, chung","Tanning hides, general",4.0,MET,3.5,ml/kg/min,moderate,True,False,False,https://pacompendium.com/home-activities
adult_05049,adult,hoạt động tại nhà,Home Activities,"Cooking hoặc food preparation, vừa nỗ lực","Cooking or food preparation, moderate effort",3.5,MET,3.5,ml/kg/min,moderate,True,False,False,https://pacompendium.com/home-activities
adult_05050,adult,hoạt động tại nhà,Home Activities,"Cooking hoặc food preparation – đứng hoặc ngồi hoặc trong chung (not broken into stand/walk components), manual appliances, nhẹ nỗ lực","Cooking or food preparation – standing or sitting or in general (not broken into stand/walk components), manual appliances, light effort",2.0,MET,3.5,ml/kg/min,light,True,False,False,https://pacompendium.com/home-activities
adult_05051,adult,hoạt động tại nhà,Home Activities,"Cooking hoặc food preparation, đi bộ","Cooking or food preparation, walking",2.3,MET,3.5,ml/kg/min,light,True,False,False,https://pacompendium.com/home-activities
adult_05052,adult,hoạt động tại nhà,Home Activities,"Serving food, setting/cleaning table, implied đi bộ hoặc đứng","Serving food, setting/cleaning table, implied walking or standing",2.3,MET,3.5,ml/kg/min,light,True,False,False,https://pacompendium.com/home-activities
adult_05053,adult,hoạt động tại nhà,Home Activities,Feeding household animals,Feeding household animals,2.5,MET,3.5,ml/kg/min,light,True,False,False,https://pacompendium.com/home-activities
adult_05054,adult,hoạt động tại nhà,Home Activities,"mang vác groceries, on level ground, đi bộ","carrying groceries, on level ground, walking",3.5,MET,3.5,ml/kg/min,moderate,True,False,False,https://pacompendium.com/home-activities
adult_05055,adult,hoạt động tại nhà,Home Activities,"Putting away groceries (e.g. mang vác groceries, mang vác packages)","Putting away groceries (e.g. carrying groceries, carrying packages)",2.5,MET,3.5,ml/kg/min,light,True,False,False,https://pacompendium.com/home-activities
adult_05056,adult,hoạt động tại nhà,Home Activities,mang vác groceries upstairs,Carrying groceries upstairs,5.3,MET,3.5,ml/kg/min,moderate,True,False,False,https://pacompendium.com/home-activities
adult_05057,adult,hoạt động tại nhà,Home Activities,Cooking Indian bread hoặc other food on an outside stove,Cooking Indian bread or other food on an outside stove,3.0,MET,3.5,ml/kg/min,moderate,True,False,False,https://pacompendium.com/home-activities
adult_05060,adult,hoạt động tại nhà,Home Activities,Food shopping với hoặc không có a grocery cart; mang vác a 10 lb bag; đứng hoặc đi bộ,Food shopping with or without a grocery cart; carrying a 10 lb bag; standing or walking,3.3,MET,3.5,ml/kg/min,moderate,True,False,False,https://pacompendium.com/home-activities
adult_05065,adult,hoạt động tại nhà,Home Activities,"Non-food shopping, với hoặc không có cart, đứng hoặc đi bộ","Non-food shopping, with or without cart, standing or walking",2.3,MET,3.5,ml/kg/min,light,True,False,False,https://pacompendium.com/home-activities
adult_05070,adult,hoạt động tại nhà,Home Activities,Ironing,Ironing,1.8,MET,3.5,ml/kg/min,light,True,False,False,https://pacompendium.com/home-activities
adult_05080,adult,hoạt động tại nhà,Home Activities,"Knitting, sewing, nhẹ nỗ lực, wrapping presents, ngồi","Knitting, sewing, light effort, wrapping presents, sitting",1.3,MET,3.5,ml/kg/min,sedentary,True,False,False,https://pacompendium.com/home-activities
adult_05082,adult,hoạt động tại nhà,Home Activities,Sewing với a machine,Sewing with a machine,2.8,MET,3.5,ml/kg/min,light,True,False,False,https://pacompendium.com/home-activities
adult_05090,adult,hoạt động tại nhà,Home Activities,"Laundry, fold hoặc hang clothes, put clothes trong washer hoặc dryer, packing suitcase, washing clothes by hand, implied đứng, nhẹ nỗ lực","Laundry, fold or hang clothes, put clothes in washer or dryer, packing suitcase, washing clothes by hand, implied standing, light effort",2.3,MET,3.5,ml/kg/min,light,True,False,False,https://pacompendium.com/home-activities
adult_05091,adult,hoạt động tại nhà,Home Activities,"Laundry, fold hoặc hang clothes, ngồi","Laundry, fold or hang clothes, sitting",2.0,MET,3.5,ml/kg/min,light,True,False,False,https://pacompendium.com/home-activities
adult_05092,adult,hoạt động tại nhà,Home Activities,"Laundry, vừa nỗ lực","Laundry, moderate effort",4.0,MET,3.5,ml/kg/min,moderate,True,False,False,https://pacompendium.com/home-activities
adult_05095,adult,hoạt động tại nhà,Home Activities,"Laundry, putting away clothes, gathering clothes to pack, putting away laundry, implied đi bộ","Laundry, putting away clothes, gathering clothes to pack, putting away laundry, implied walking",2.0,MET,3.5,ml/kg/min,light,True,False,False,https://pacompendium.com/home-activities
adult_05100,adult,hoạt động tại nhà,Home Activities,"Making bed, changing linens","Making bed, changing linens",3.0,MET,3.5,ml/kg/min,moderate,True,False,False,https://pacompendium.com/home-activities
adult_05110,adult,hoạt động tại nhà,Home Activities,"Maple syruping/sugar bushing (including mang vác buckets, mang vác wood)","Maple syruping/sugar bushing (including carrying buckets, carrying wood)",5.0,MET,3.5,ml/kg/min,moderate,True,False,False,https://pacompendium.com/home-activities
adult_05120,adult,hoạt động tại nhà,Home Activities,"Moving furniture, household items, mang vác boxes","Moving furniture, household items, carrying boxes",5.8,MET,3.5,ml/kg/min,moderate,True,False,False,https://pacompendium.com/home-activities
adult_05121,adult,hoạt động tại nhà,Home Activities,"Moving, nâng nhẹ loads","Moving, lifting light loads",5.0,MET,3.5,ml/kg/min,moderate,True,False,False,https://pacompendium.com/home-activities
adult_05125,adult,hoạt động tại nhà,Home Activities,Organizing a room,Organizing a room,4.8,MET,3.5,ml/kg/min,moderate,True,False,False,https://pacompendium.com/home-activities
adult_05130,adult,hoạt động tại nhà,Home Activities,"Scrubbing floors, on hands và knees, scrubbing bathroom, bathtub, vừa nỗ lực","Scrubbing floors, on hands and knees, scrubbing bathroom, bathtub, moderate effort",3.5,MET,3.5,ml/kg/min,moderate,True,False,False,https://pacompendium.com/home-activities
adult_05131,adult,hoạt động tại nhà,Home Activities,"Scrubbing floors, on hands và knees, scrubbing bathroom, bathtub, nhẹ nỗ lực","Scrubbing floors, on hands and knees, scrubbing bathroom, bathtub, light effort",2.0,MET,3.5,ml/kg/min,light,True,False,False,https://pacompendium.com/home-activities
adult_05132,adult,hoạt động tại nhà,Home Activities,"Scrubbing floors, on hands và knees, scrubbing bathroom, bathtub, mạnh nỗ lực","Scrubbing floors, on hands and knees, scrubbing bathroom, bathtub, vigorous effort",6.5,MET,3.5,ml/kg/min,vigorous,False,False,False,https://pacompendium.com/home-activities
adult_05140,adult,hoạt động tại nhà,Home Activities,"Sweeping garage, sidewalk, hoặc outside house","Sweeping garage, sidewalk, or outside house",3.0,MET,3.5,ml/kg/min,moderate,True,False,False,https://pacompendium.com/home-activities
adult_05146,adult,hoạt động tại nhà,Home Activities,"đứng, packing/unpacking boxes, occasional nâng lightweight household items, loading hoặc unloading items into a car, vừa nỗ lực","Standing, packing/unpacking boxes, occasional lifting lightweight household items, loading or unloading items into a car, moderate effort",3.8,MET,3.5,ml/kg/min,moderate,True,False,False,https://pacompendium.com/home-activities
adult_05147,adult,hoạt động tại nhà,Home Activities,"Implied đi bộ, putting away household items, vừa nỗ lực","Implied walking, putting away household items, moderate effort",3.0,MET,3.5,ml/kg/min,moderate,True,False,False,https://pacompendium.com/home-activities
adult_05148,adult,hoạt động tại nhà,Home Activities,Watering plants,Watering plants,2.0,MET,3.5,ml/kg/min,light,True,False,False,https://pacompendium.com/home-activities
adult_05149,adult,hoạt động tại nhà,Home Activities,Building a fire inside,Building a fire inside,2.5,MET,3.5,ml/kg/min,light,True,False,False,https://pacompendium.com/home-activities
adult_05150,adult,hoạt động tại nhà,Home Activities,"Moving household items upstairs, mang vác boxes hoặc furniture","Moving household items upstairs, carrying boxes or furniture",9.0,MET,3.5,ml/kg/min,vigorous,False,False,False,https://pacompendium.com/home-activities
adult_05160,adult,hoạt động tại nhà,Home Activities,"đứng, nhẹ nỗ lực tasks (pump gas, change nhẹ bulb, etc.)","Standing, light effort tasks (pump gas, change light bulb, etc.)",2.0,MET,3.5,ml/kg/min,light,True,False,False,https://pacompendium.com/home-activities
adult_05165,adult,hoạt động tại nhà,Home Activities,"đi bộ, vừa nỗ lực tasks, non-cleaning (readying to leave, shut/lock doors, close windows, etc.","Walking, moderate effort tasks, non-cleaning (readying to leave, shut/lock doors, close windows, etc.",3.5,MET,3.5,ml/kg/min,moderate,True,False,False,https://pacompendium.com/home-activities
adult_05170,adult,hoạt động tại nhà,Home Activities,"ngồi, playing với child(ren), nhẹ nỗ lực, only active periods","Sitting, playing with child(ren), light effort, only active periods",2.3,MET,3.5,ml/kg/min,light,True,False,False,https://pacompendium.com/home-activities
adult_05171,adult,hoạt động tại nhà,Home Activities,"đứng, playing với child(ren), nhẹ nỗ lực, only active periods","Standing, playing with child(ren), light effort, only active periods",2.8,MET,3.5,ml/kg/min,light,True,False,False,https://pacompendium.com/home-activities
adult_05175,adult,hoạt động tại nhà,Home Activities,"Walking/running, playing với child(ren), vừa nỗ lực, only active periods","Walking/running, playing with child(ren), moderate effort, only active periods",3.5,MET,3.5,ml/kg/min,moderate,True,False,False,https://pacompendium.com/home-activities
adult_05180,adult,hoạt động tại nhà,Home Activities,"Walking/running, playing với child(ren), mạnh nỗ lực, only active periods","Walking/running, playing with child(ren), vigorous effort, only active periods",5.8,MET,3.5,ml/kg/min,moderate,True,False,False,https://pacompendium.com/home-activities
adult_05181,adult,hoạt động tại nhà,Home Activities,"đi bộ và mang vác small child, child weighing 15 lbs hoặc more","Walking and carrying small child, child weighing 15 lbs or more",3.0,MET,3.5,ml/kg/min,moderate,True,False,False,https://pacompendium.com/home-activities
adult_05182,adult,hoạt động tại nhà,Home Activities,"đi bộ và mang vác small child, child weighing less than 15 lbs","Walking and carrying small child, child weighing less than 15 lbs",2.5,MET,3.5,ml/kg/min,light,True,False,False,https://pacompendium.com/home-activities
adult_05183,adult,hoạt động tại nhà,Home Activities,"đứng, holding child","Standing, holding child",2.0,MET,3.5,ml/kg/min,light,True,False,False,https://pacompendium.com/home-activities
adult_05184,adult,hoạt động tại nhà,Home Activities,"Child care, infant, chung","Child care, infant, general",2.5,MET,3.5,ml/kg/min,light,True,False,False,https://pacompendium.com/home-activities
adult_05185,adult,hoạt động tại nhà,Home Activities,"Child care: ngồi hoặc kneeling, dressing, bathing, grooming, feeding, occasional nâng of child-light nỗ lực, chung","Child care: sitting or kneeling, dressing, bathing, grooming, feeding, occasional lifting of child-light effort, general",2.0,MET,3.5,ml/kg/min,light,True,False,False,https://pacompendium.com/home-activities
adult_05186,adult,hoạt động tại nhà,Home Activities,"Child care: đứng, dressing, bathing, grooming, feeding, occasional nâng of child- nhẹ nỗ lực","Child care: standing, dressing, bathing, grooming, feeding, occasional lifting of child- light effort",3.5,MET,3.5,ml/kg/min,moderate,True,False,False,https://pacompendium.com/home-activities
adult_05188,adult,hoạt động tại nhà,Home Activities,Reclining với baby,Reclining with baby,1.5,MET,3.5,ml/kg/min,sedentary,True,False,False,https://pacompendium.com/home-activities
adult_05189,adult,hoạt động tại nhà,Home Activities,"Breastfeeding, ngồi hoặc reclining","Breastfeeding, sitting or reclining",2.0,MET,3.5,ml/kg/min,light,True,False,False,https://pacompendium.com/home-activities
adult_05190,adult,hoạt động tại nhà,Home Activities,"Sit, playing với animals, nhẹ, only active period","Sit, playing with animals, light, only active period",2.5,MET,3.5,ml/kg/min,light,True,False,False,https://pacompendium.com/home-activities
adult_05191,adult,hoạt động tại nhà,Home Activities,"Stand, playing với animals, nhẹ nỗ lực, only active periods","Stand, playing with animals, light effort, only active periods",2.8,MET,3.5,ml/kg/min,light,True,False,False,https://pacompendium.com/home-activities
adult_05192,adult,hoạt động tại nhà,Home Activities,"Walk hoặc run, playing với animals, chung, nhẹ nỗ lực, only active periods","Walk or run, playing with animals, general, light effort, only active periods",2.8,MET,3.5,ml/kg/min,light,True,False,False,https://pacompendium.com/home-activities
adult_05193,adult,hoạt động tại nhà,Home Activities,"Walk/run, playing với animals, vừa nỗ lực, only active periods","Walk/run, playing with animals, moderate effort, only active periods",4.0,MET,3.5,ml/kg/min,moderate,True,False,False,https://pacompendium.com/home-activities
adult_05194,adult,hoạt động tại nhà,Home Activities,"Walk/run, playing với animals, mạnh nỗ lực, only active periods","Walk/run, playing with animals, vigorous effort, only active periods",5.0,MET,3.5,ml/kg/min,moderate,True,False,False,https://pacompendium.com/home-activities
adult_05195,adult,hoạt động tại nhà,Home Activities,"đứng, bathing dog","Standing, bathing dog",3.5,MET,3.5,ml/kg/min,moderate,True,False,False,https://pacompendium.com/home-activities
adult_05197,adult,hoạt động tại nhà,Home Activities,"Animal care, household animals, chung","Animal care, household animals, general",2.3,MET,3.5,ml/kg/min,light,True,False,False,https://pacompendium.com/home-activities
adult_05200,adult,hoạt động tại nhà,Home Activities,"Elder care, disabled adult, bathing, dressing, moving into và out of bed, only active periods","Elder care, disabled adult, bathing, dressing, moving into and out of bed, only active periods",3.0,MET,3.5,ml/kg/min,moderate,True,False,False,https://pacompendium.com/home-activities
adult_05205,adult,hoạt động tại nhà,Home Activities,"Elder care, disabled adult, feeding, combing hair, nhẹ nỗ lực, only active periods","Elder care, disabled adult, feeding, combing hair, light effort, only active periods",1.8,MET,3.5,ml/kg/min,light,True,False,False,https://pacompendium.com/home-activities
adult_05300,adult,hoạt động tại nhà,Home Activities,Handwashing,Handwashing,1.3,MET,3.5,ml/kg/min,sedentary,True,False,False,https://pacompendium.com/home-activities
adult_06010,adult,sửa chữa nhà cửa,Home Repair,Airplane repair,Airplane repair,3.0,MET,3.5,ml/kg/min,moderate,True,False,False,https://pacompendium.com/home-repair
adult_06020,adult,sửa chữa nhà cửa,Home Repair,Automobile body work,Automobile body work,4.0,MET,3.5,ml/kg/min,moderate,True,False,False,https://pacompendium.com/home-repair
adult_06030,adult,sửa chữa nhà cửa,Home Repair,"Automobile repair, nhẹ hoặc vừa nỗ lực","Automobile repair, light or moderate effort",3.3,MET,3.5,ml/kg/min,moderate,True,False,False,https://pacompendium.com/home-repair
adult_06040,adult,sửa chữa nhà cửa,Home Repair,"Carpentry, chung, workshop (Taylor Code 620)","Carpentry, general, workshop (Taylor Code 620)",3.0,MET,3.5,ml/kg/min,moderate,True,False,False,https://pacompendium.com/home-repair
adult_06050,adult,sửa chữa nhà cửa,Home Repair,"Carpentry, outside house, (Taylor Code 640)","Carpentry, outside house, (Taylor Code 640)",6.0,MET,3.5,ml/kg/min,vigorous,False,False,False,https://pacompendium.com/home-repair
adult_06052,adult,sửa chữa nhà cửa,Home Repair,"Carpentry, outside house, building a fence","Carpentry, outside house, building a fence",3.8,MET,3.5,ml/kg/min,moderate,True,False,False,https://pacompendium.com/home-repair
adult_06060,adult,sửa chữa nhà cửa,Home Repair,"Carpentry, finishing, varnishing, hoặc refinishing cabinets hoặc furniture","Carpentry, finishing, varnishing, or refinishing cabinets or furniture",3.3,MET,3.5,ml/kg/min,moderate,True,False,False,https://pacompendium.com/home-repair
adult_06070,adult,sửa chữa nhà cửa,Home Repair,"Carpentry, sawing hardwood, planing và drilling wood, moderate-to-vigorous nỗ lực","Carpentry, sawing hardwood, planing and drilling wood, moderate-to-vigorous effort",6.0,MET,3.5,ml/kg/min,vigorous,False,False,False,https://pacompendium.com/home-repair
adult_06072,adult,sửa chữa nhà cửa,Home Repair,"Carpentry, home remodeling tasks, vừa nỗ lực","Carpentry, home remodeling tasks, moderate effort",4.0,MET,3.5,ml/kg/min,moderate,True,False,False,https://pacompendium.com/home-repair
adult_06074,adult,sửa chữa nhà cửa,Home Repair,"Carpentry, home remodeling tasks, nhẹ nỗ lực","Carpentry, home remodeling tasks, light effort",2.3,MET,3.5,ml/kg/min,light,True,False,False,https://pacompendium.com/home-repair
adult_06080,adult,sửa chữa nhà cửa,Home Repair,"Caulking, chinking log cabin","Caulking, chinking log cabin",5.0,MET,3.5,ml/kg/min,moderate,True,False,False,https://pacompendium.com/home-repair
adult_06090,adult,sửa chữa nhà cửa,Home Repair,"Caulking, except log cabin","Caulking, except log cabin",4.5,MET,3.5,ml/kg/min,moderate,True,False,False,https://pacompendium.com/home-repair
adult_06100,adult,sửa chữa nhà cửa,Home Repair,Cleaning gutters,Cleaning gutters,5.0,MET,3.5,ml/kg/min,moderate,True,False,False,https://pacompendium.com/home-repair
adult_06110,adult,sửa chữa nhà cửa,Home Repair,Excavating garage,Excavating garage,5.0,MET,3.5,ml/kg/min,moderate,True,False,False,https://pacompendium.com/home-repair
adult_06120,adult,sửa chữa nhà cửa,Home Repair,Hanging storm windows,Hanging storm windows,5.0,MET,3.5,ml/kg/min,moderate,True,False,False,https://pacompendium.com/home-repair
adult_06122,adult,sửa chữa nhà cửa,Home Repair,Hanging sheet rock inside house,Hanging sheet rock inside house,5.0,MET,3.5,ml/kg/min,moderate,True,False,False,https://pacompendium.com/home-repair
adult_06124,adult,sửa chữa nhà cửa,Home Repair,Hammering nails,Hammering nails,3.0,MET,3.5,ml/kg/min,moderate,True,False,False,https://pacompendium.com/home-repair
adult_06126,adult,sửa chữa nhà cửa,Home Repair,"sửa chữa nhà cửa, chung, nhẹ nỗ lực","Home repair, general, light effort",2.5,MET,3.5,ml/kg/min,light,True,False,False,https://pacompendium.com/home-repair
adult_06127,adult,sửa chữa nhà cửa,Home Repair,"sửa chữa nhà cửa, chung, vừa nỗ lực","Home repair, general, moderate effort",4.5,MET,3.5,ml/kg/min,moderate,True,False,False,https://pacompendium.com/home-repair
adult_06128,adult,sửa chữa nhà cửa,Home Repair,"sửa chữa nhà cửa, chung, mạnh nỗ lực","Home repair, general, vigorous effort",6.0,MET,3.5,ml/kg/min,vigorous,False,False,False,https://pacompendium.com/home-repair
adult_06130,adult,sửa chữa nhà cửa,Home Repair,Laying hoặc removing carpet,Laying or removing carpet,4.5,MET,3.5,ml/kg/min,moderate,True,False,False,https://pacompendium.com/home-repair
adult_06140,adult,sửa chữa nhà cửa,Home Repair,Laying tile hoặc linoleum,Laying tile or linoleum,3.8,MET,3.5,ml/kg/min,moderate,True,False,False,https://pacompendium.com/home-repair
adult_06144,adult,sửa chữa nhà cửa,Home Repair,Repairing appliances,Repairing appliances,3.0,MET,3.5,ml/kg/min,moderate,True,False,False,https://pacompendium.com/home-repair
adult_06150,adult,sửa chữa nhà cửa,Home Repair,"Painting, outside home (Taylor Code 650)","Painting, outside home (Taylor Code 650)",5.0,MET,3.5,ml/kg/min,moderate,True,False,False,https://pacompendium.com/home-repair
adult_06160,adult,sửa chữa nhà cửa,Home Repair,"Painting inside house, wallpapering, scraping paint","Painting inside house, wallpapering, scraping paint",3.3,MET,3.5,ml/kg/min,moderate,True,False,False,https://pacompendium.com/home-repair
adult_06165,adult,sửa chữa nhà cửa,Home Repair,Painting (Taylor Code 630),Painting (Taylor Code 630),4.5,MET,3.5,ml/kg/min,moderate,True,False,False,https://pacompendium.com/home-repair
adult_06167,adult,sửa chữa nhà cửa,Home Repair,"Plumbing, chung","Plumbing, general",3.0,MET,3.5,ml/kg/min,moderate,True,False,False,https://pacompendium.com/home-repair
adult_06170,adult,sửa chữa nhà cửa,Home Repair,Put on và removal of tarp – sailboat,Put on and removal of tarp – sailboat,3.0,MET,3.5,ml/kg/min,moderate,True,False,False,https://pacompendium.com/home-repair
adult_06180,adult,sửa chữa nhà cửa,Home Repair,Roofing,Roofing,6.0,MET,3.5,ml/kg/min,vigorous,False,False,False,https://pacompendium.com/home-repair
adult_06190,adult,sửa chữa nhà cửa,Home Repair,Sanding floors với a power sander,Sanding floors with a power sander,4.5,MET,3.5,ml/kg/min,moderate,True,False,False,https://pacompendium.com/home-repair
adult_06200,adult,sửa chữa nhà cửa,Home Repair,Scraping và painting sailboat hoặc powerboat,Scraping and painting sailboat or powerboat,4.5,MET,3.5,ml/kg/min,moderate,True,False,False,https://pacompendium.com/home-repair
adult_06205,adult,sửa chữa nhà cửa,Home Repair,Sharpening tools,Sharpening tools,2.0,MET,3.5,ml/kg/min,light,True,False,False,https://pacompendium.com/home-repair
adult_06210,adult,sửa chữa nhà cửa,Home Repair,Spreading dirt với a shovel,Spreading dirt with a shovel,5.0,MET,3.5,ml/kg/min,moderate,True,False,False,https://pacompendium.com/home-repair
adult_06220,adult,sửa chữa nhà cửa,Home Repair,Washing và waxing hull of sailboat hoặc airplane,Washing and waxing hull of sailboat or airplane,4.5,MET,3.5,ml/kg/min,moderate,True,False,False,https://pacompendium.com/home-repair
adult_06225,adult,sửa chữa nhà cửa,Home Repair,Washing và waxing car,Washing and waxing car,2.0,MET,3.5,ml/kg/min,light,True,False,False,https://pacompendium.com/home-repair
adult_06230,adult,sửa chữa nhà cửa,Home Repair,"Washing fence, painting fence, vừa nỗ lực","Washing fence, painting fence, moderate effort",4.5,MET,3.5,ml/kg/min,moderate,True,False,False,https://pacompendium.com/home-repair
adult_06240,adult,sửa chữa nhà cửa,Home Repair,"Wiring, tapping-splicing","Wiring, tapping-splicing",3.3,MET,3.5,ml/kg/min,moderate,True,False,False,https://pacompendium.com/home-repair
adult_07009,adult,không hoạt động,Inactivity,Lying quietly và watching television,Lying quietly and watching television,1.0,MET,3.5,ml/kg/min,sedentary,True,False,False,https://pacompendium.com/inactivity
adult_07011,adult,không hoạt động,Inactivity,"Lying quietly, doing nothing, lying trong bed awake, listening to music (not talking hoặc reading)","Lying quietly, doing nothing, lying in bed awake, listening to music (not talking or reading)",1.0,MET,3.5,ml/kg/min,sedentary,True,False,False,https://pacompendium.com/inactivity
adult_07020,adult,không hoạt động,Inactivity,"Sit, watch television","Sit, watch television",1.0,MET,3.5,ml/kg/min,sedentary,True,False,False,https://pacompendium.com/inactivity
adult_07021,adult,không hoạt động,Inactivity,"ngồi quietly, chung","Sitting quietly, general",1.0,MET,3.5,ml/kg/min,sedentary,True,False,False,https://pacompendium.com/inactivity
adult_07022,adult,không hoạt động,Inactivity,"ngồi quietly, fidgeting, chung, fidgeting hands","Sitting quietly, fidgeting, general, fidgeting hands",1.5,MET,3.5,ml/kg/min,sedentary,True,False,False,https://pacompendium.com/inactivity
adult_07023,adult,không hoạt động,Inactivity,"ngồi, fidget feet","Sitting, fidget feet",1.8,MET,3.5,ml/kg/min,light,True,False,False,https://pacompendium.com/inactivity
adult_07024,adult,không hoạt động,Inactivity,ngồi smoking,Sitting smoking,1.3,MET,3.5,ml/kg/min,sedentary,True,False,False,https://pacompendium.com/inactivity
adult_07025,adult,không hoạt động,Inactivity,"ngồi, listening to music (not talking hoặc reading) hoặc watching a movie trong a theater","Sitting, listening to music (not talking or reading) or watching a movie in a theater",1.5,MET,3.5,ml/kg/min,sedentary,True,False,False,https://pacompendium.com/inactivity
adult_07026,adult,không hoạt động,Inactivity,"ngồi at a desk, resting head trong hands","Sitting at a desk, resting head in hands",1.3,MET,3.5,ml/kg/min,sedentary,True,False,False,https://pacompendium.com/inactivity
adult_07030,adult,không hoạt động,Inactivity,Sleeping,Sleeping,1.0,MET,3.5,ml/kg/min,sedentary,True,False,False,https://pacompendium.com/inactivity
adult_07040,adult,không hoạt động,Inactivity,đứng quietly đứng trong a line),Standing quietly (standing in a line),1.3,MET,3.5,ml/kg/min,sedentary,True,False,False,https://pacompendium.com/inactivity
adult_07041,adult,không hoạt động,Inactivity,đứng (fidgeting),Standing (fidgeting),1.5,MET,3.5,ml/kg/min,sedentary,True,False,False,https://pacompendium.com/inactivity
adult_07045,adult,không hoạt động,Inactivity,đứng watching television,Standing watching television,1.3,MET,3.5,ml/kg/min,sedentary,True,False,False,https://pacompendium.com/inactivity
adult_07050,adult,không hoạt động,Inactivity,"Reclining, writing","Reclining, writing",1.5,MET,3.5,ml/kg/min,sedentary,True,False,False,https://pacompendium.com/inactivity
adult_07060,adult,không hoạt động,Inactivity,"Reclining, talking hoặc talking on phone","Reclining, talking or talking on phone",1.3,MET,3.5,ml/kg/min,sedentary,True,False,False,https://pacompendium.com/inactivity
adult_07070,adult,không hoạt động,Inactivity,"Reclining, reading","Reclining, reading",1.3,MET,3.5,ml/kg/min,sedentary,True,False,False,https://pacompendium.com/inactivity
adult_07075,adult,không hoạt động,Inactivity,Meditating,Meditating,1.0,MET,3.5,ml/kg/min,sedentary,True,False,False,https://pacompendium.com/inactivity
adult_08009,adult,vườn vườn,Lawn Garden,"mang vác, loading hoặc stacking wood, loading/unloading hoặc mang vác lumber, light-to- vừa nỗ lực","Carrying, loading or stacking wood, loading/unloading or carrying lumber, light-to- moderate effort",4.1,MET,3.5,ml/kg/min,moderate,True,False,False,https://pacompendium.com/lawn-garden
adult_08010,adult,vườn vườn,Lawn Garden,"mang vác, loading hoặc stacking wood, loading/unloading hoặc mang vác lumber, vừa nỗ lực","Carrying, loading or stacking wood, loading/unloading or carrying lumber, moderate effort",5.5,MET,3.5,ml/kg/min,moderate,True,False,False,https://pacompendium.com/lawn-garden
adult_08019,adult,vườn vườn,Lawn Garden,"Chopping wood, splitting logs, vừa nỗ lực","Chopping wood, splitting logs, moderate effort",4.5,MET,3.5,ml/kg/min,moderate,True,False,False,https://pacompendium.com/lawn-garden
adult_08020,adult,vườn vườn,Lawn Garden,"Chopping wood, splitting logs, mạnh nỗ lực","Chopping wood, splitting logs, vigorous effort",6.5,MET,3.5,ml/kg/min,vigorous,False,False,False,https://pacompendium.com/lawn-garden
adult_08025,adult,vườn vườn,Lawn Garden,"Clearing nhẹ brush, thinning vườn, vừa nỗ lực","Clearing light brush, thinning garden, moderate effort",3.5,MET,3.5,ml/kg/min,moderate,True,False,False,https://pacompendium.com/lawn-garden
adult_08030,adult,vườn vườn,Lawn Garden,"Clearing land, haul brush, undergrowth, hoặc ground, mạnh nỗ lực","Clearing land, haul brush, undergrowth, or ground, vigorous effort",6.3,MET,3.5,ml/kg/min,vigorous,False,False,False,https://pacompendium.com/lawn-garden
adult_08040,adult,vườn vườn,Lawn Garden,"Digging sandbox, shoveling sand","Digging sandbox, shoveling sand",5.0,MET,3.5,ml/kg/min,moderate,True,False,False,https://pacompendium.com/lawn-garden
adult_08045,adult,vườn vườn,Lawn Garden,"Digging, spading, filling vườn, composting, light-to-moderate nỗ lực","Digging, spading, filling garden, composting, light-to-moderate effort",3.5,MET,3.5,ml/kg/min,moderate,True,False,False,https://pacompendium.com/lawn-garden
adult_08050,adult,vườn vườn,Lawn Garden,"Digging, spading, filling vườn, composting (Taylor Code 590)","Digging, spading, filling garden, composting (Taylor Code 590)",5.0,MET,3.5,ml/kg/min,moderate,True,False,False,https://pacompendium.com/lawn-garden
adult_08052,adult,vườn vườn,Lawn Garden,"Digging, spading, filling vườn, composting, mạnh nỗ lực","Digging, spading, filling garden, composting, vigorous effort",7.3,MET,3.5,ml/kg/min,vigorous,False,False,False,https://pacompendium.com/lawn-garden
adult_08055,adult,vườn vườn,Lawn Garden,Driving tractor,Driving tractor,2.8,MET,3.5,ml/kg/min,light,True,False,False,https://pacompendium.com/lawn-garden
adult_08057,adult,vườn vườn,Lawn Garden,"Felling trees, large size","Felling trees, large size",8.3,MET,3.5,ml/kg/min,vigorous,False,False,False,https://pacompendium.com/lawn-garden
adult_08058,adult,vườn vườn,Lawn Garden,"Felling trees, small-medium size","Felling trees, small-medium size",5.3,MET,3.5,ml/kg/min,moderate,True,False,False,https://pacompendium.com/lawn-garden
adult_08060,adult,vườn vườn,Lawn Garden,"Gardening với heavy power tools, using chain saw, tilling a vườn","Gardening with heavy power tools, using chain saw, tilling a garden",5.8,MET,3.5,ml/kg/min,moderate,True,False,False,https://pacompendium.com/lawn-garden
adult_08066,adult,vườn vườn,Lawn Garden,"gardening, chung","gardening, general",2.0,MET,3.5,ml/kg/min,light,True,False,False,https://pacompendium.com/lawn-garden
adult_08070,adult,vườn vườn,Lawn Garden,"Irrigation channels, opening và closing ports","Irrigation channels, opening and closing ports",4.0,MET,3.5,ml/kg/min,moderate,True,False,False,https://pacompendium.com/lawn-garden
adult_08080,adult,vườn vườn,Lawn Garden,Laying crushed rock hoặc gravel,Laying crushed rock or gravel,6.3,MET,3.5,ml/kg/min,vigorous,False,False,False,https://pacompendium.com/lawn-garden
adult_08090,adult,vườn vườn,Lawn Garden,Laying sod,Laying sod,5.0,MET,3.5,ml/kg/min,moderate,True,False,False,https://pacompendium.com/lawn-garden
adult_08095,adult,vườn vườn,Lawn Garden,"Mowing vườn, chung, đi bộ, vừa nỗ lực","Mowing lawn, general, walking, moderate effort",5.5,MET,3.5,ml/kg/min,moderate,True,False,False,https://pacompendium.com/lawn-garden
adult_08100,adult,vườn vườn,Lawn Garden,"Mowing vườn, riding mower (Taylor Code 550)","Mowing lawn, riding mower (Taylor Code 550)",2.5,MET,3.5,ml/kg/min,light,True,False,False,https://pacompendium.com/lawn-garden
adult_08110,adult,vườn vườn,Lawn Garden,"Mowing vườn, hand mower, mạnh nỗ lực (Taylor Code 570)","Mowing lawn, hand mower, vigorous effort (Taylor Code 570)",6.0,MET,3.5,ml/kg/min,vigorous,False,False,False,https://pacompendium.com/lawn-garden
adult_08120,adult,vườn vườn,Lawn Garden,"Mowing vườn, walk, power mower, vừa hoặc mạnh nỗ lực","Mowing lawn, walk, power mower, moderate or vigorous effort",5.0,MET,3.5,ml/kg/min,moderate,True,False,False,https://pacompendium.com/lawn-garden
adult_08125,adult,vườn vườn,Lawn Garden,"Mowing vườn, power mower, nhẹ hoặc vừa nỗ lực (Taylor Code 590)","Mowing lawn, power mower, light or moderate effort (Taylor Code 590)",4.5,MET,3.5,ml/kg/min,moderate,True,False,False,https://pacompendium.com/lawn-garden
adult_08130,adult,vườn vườn,Lawn Garden,"Operating snow blower, đi bộ","Operating snow blower, walking",2.5,MET,3.5,ml/kg/min,light,True,False,False,https://pacompendium.com/lawn-garden
adult_08135,adult,vườn vườn,Lawn Garden,"Planting, potting, transplanting seedlings hoặc plants, nhẹ nỗ lực","Planting, potting, transplanting seedlings or plants, light effort",2.6,MET,3.5,ml/kg/min,light,True,False,False,https://pacompendium.com/lawn-garden
adult_08140,adult,vườn vườn,Lawn Garden,"Planting seedlings, shrubs, stooping, vừa nỗ lực","Planting seedlings, shrubs, stooping, moderate effort",4.3,MET,3.5,ml/kg/min,moderate,True,False,False,https://pacompendium.com/lawn-garden
adult_08145,adult,vườn vườn,Lawn Garden,"Planting crops hoặc vườn, stooping, vừa nỗ lực","Planting crops or garden, stooping, moderate effort",4.3,MET,3.5,ml/kg/min,moderate,True,False,False,https://pacompendium.com/lawn-garden
adult_08150,adult,vườn vườn,Lawn Garden,Planting trees,Planting trees,4.5,MET,3.5,ml/kg/min,moderate,True,False,False,https://pacompendium.com/lawn-garden
adult_08160,adult,vườn vườn,Lawn Garden,"Raking vườn hoặc leaves, vừa nỗ lực","Raking lawn or leaves, moderate effort",4.0,MET,3.5,ml/kg/min,moderate,True,False,False,https://pacompendium.com/lawn-garden
adult_08165,adult,vườn vườn,Lawn Garden,Raking vườn (Taylor Code 600),Raking lawn (Taylor Code 600),4.0,MET,3.5,ml/kg/min,moderate,True,False,False,https://pacompendium.com/lawn-garden
adult_08170,adult,vườn vườn,Lawn Garden,Raking roof với snow rake,Raking roof with snow rake,4.0,MET,3.5,ml/kg/min,moderate,True,False,False,https://pacompendium.com/lawn-garden
adult_08180,adult,vườn vườn,Lawn Garden,Riding snow blower,Riding snow blower,3.0,MET,3.5,ml/kg/min,moderate,True,False,False,https://pacompendium.com/lawn-garden
adult_08190,adult,vườn vườn,Lawn Garden,"Sacking grass, leaves","Sacking grass, leaves",4.0,MET,3.5,ml/kg/min,moderate,True,False,False,https://pacompendium.com/lawn-garden
adult_08192,adult,vườn vườn,Lawn Garden,Shoveling dirt hoặc mud,Shoveling dirt or mud,5.5,MET,3.5,ml/kg/min,moderate,True,False,False,https://pacompendium.com/lawn-garden
adult_08195,adult,vườn vườn,Lawn Garden,"Shoveling snow, by hand, vừa nỗ lực","Shoveling snow, by hand, moderate effort",5.3,MET,3.5,ml/kg/min,moderate,True,False,False,https://pacompendium.com/lawn-garden
adult_08200,adult,vườn vườn,Lawn Garden,"Shoveling snow, by hand (Taylor Code 610)","Shoveling snow, by hand (Taylor Code 610)",6.0,MET,3.5,ml/kg/min,vigorous,False,False,False,https://pacompendium.com/lawn-garden
adult_08202,adult,vườn vườn,Lawn Garden,"Shoveling snow, by hand, mạnh nỗ lực","Shoveling snow, by hand, vigorous effort",7.5,MET,3.5,ml/kg/min,vigorous,False,False,False,https://pacompendium.com/lawn-garden
adult_08210,adult,vườn vườn,Lawn Garden,"Trimming shrubs hoặc trees, manual cutter","Trimming shrubs or trees, manual cutter",3.8,MET,3.5,ml/kg/min,moderate,True,False,False,https://pacompendium.com/lawn-garden
adult_08215,adult,vườn vườn,Lawn Garden,"Trimming shrubs hoặc trees, power cutter, using leaf blower, edger, vừa nỗ lực","Trimming shrubs or trees, power cutter, using leaf blower, edger, moderate effort",3.3,MET,3.5,ml/kg/min,moderate,True,False,False,https://pacompendium.com/lawn-garden
adult_08220,adult,vườn vườn,Lawn Garden,"đi bộ, applying fertilizer hoặc seeding a vườn, push applicator","Walking, applying fertilizer or seeding a lawn, push applicator",3.0,MET,3.5,ml/kg/min,moderate,True,False,False,https://pacompendium.com/lawn-garden
adult_08230,adult,vườn vườn,Lawn Garden,"Watering vườn hoặc vườn, đứng hoặc đi bộ","Watering lawn or garden, standing or walking",4.0,MET,3.5,ml/kg/min,moderate,True,False,False,https://pacompendium.com/lawn-garden
adult_08239,adult,vườn vườn,Lawn Garden,"Weeding, cultivating vườn, light-to-moderate nỗ lực","Weeding, cultivating garden, light-to-moderate effort",3.8,MET,3.5,ml/kg/min,moderate,True,False,False,https://pacompendium.com/lawn-garden
adult_08240,adult,vườn vườn,Lawn Garden,"Weeding, cultivating vườn, vừa nỗ lực (Taylor Code 580)","Weeding, cultivating garden, moderate effort (Taylor Code 580)",4.5,MET,3.5,ml/kg/min,moderate,True,False,False,https://pacompendium.com/lawn-garden
adult_08241,adult,vườn vườn,Lawn Garden,"Weeding, cultivating vườn, using hoe moderate-to-vigorous nỗ lực","Weeding, cultivating garden, using hoe moderate-to-vigorous effort",5.0,MET,3.5,ml/kg/min,moderate,True,False,False,https://pacompendium.com/lawn-garden
adult_08245,adult,vườn vườn,Lawn Garden,"Gardening, chung, vừa nỗ lực","Gardening, general, moderate effort",3.8,MET,3.5,ml/kg/min,moderate,True,False,False,https://pacompendium.com/lawn-garden
adult_08246,adult,vườn vườn,Lawn Garden,"Picking fruit hoặc coffee from trees, vừa nỗ lực","Picking fruit or coffee from trees, moderate effort",3.5,MET,3.5,ml/kg/min,moderate,True,False,False,https://pacompendium.com/lawn-garden
adult_08248,adult,vườn vườn,Lawn Garden,"Harvesting Produce, Picking fruit off trees, gleaning fruits, picking fruits/vegetables, leo núi ladder to pick fruit, mạnh nỗ lực","Harvesting Produce, Picking fruit off trees, gleaning fruits, picking fruits/vegetables, climbing ladder to pick fruit, vigorous effort",4.5,MET,3.5,ml/kg/min,moderate,True,False,False,https://pacompendium.com/lawn-garden
adult_08250,adult,vườn vườn,Lawn Garden,"Implied walking/standing – picking up yard, nhẹ, picking flowers hoặc vegetables","Implied walking/standing – picking up yard, light, picking flowers or vegetables",3.0,MET,3.5,ml/kg/min,moderate,True,False,False,https://pacompendium.com/lawn-garden
adult_08251,adult,vườn vườn,Lawn Garden,"đi bộ, gathering gardening tools","Walking, gathering gardening tools",3.0,MET,3.5,ml/kg/min,moderate,True,False,False,https://pacompendium.com/lawn-garden
adult_08255,adult,vườn vườn,Lawn Garden,"Wheel barrow, đẩy vườn cart hoặc wheelbarrow, chung","Wheel barrow, pushing garden cart or wheelbarrow, general",4.8,MET,3.5,ml/kg/min,moderate,True,False,False,https://pacompendium.com/lawn-garden
adult_08256,adult,vườn vườn,Lawn Garden,"Wheel barrow, đẩy large vườn cart hoặc heavy wheelbarrow up to 150kg","Wheel barrow, pushing large garden cart or heavy wheelbarrow up to 150kg",6.0,MET,3.5,ml/kg/min,vigorous,False,False,False,https://pacompendium.com/lawn-garden
adult_08260,adult,vườn vườn,Lawn Garden,"Yardwork, chung, nhẹ nỗ lực","Yardwork, general, light effort",2.3,MET,3.5,ml/kg/min,light,True,False,False,https://pacompendium.com/lawn-garden
adult_08261,adult,vườn vườn,Lawn Garden,"Yardwork, chung, vừa nỗ lực","Yardwork, general, moderate effort",4.0,MET,3.5,ml/kg/min,moderate,True,False,False,https://pacompendium.com/lawn-garden
adult_08262,adult,vườn vườn,Lawn Garden,"Yardwork, chung, mạnh nỗ lực","Yardwork, general, vigorous effort",6.0,MET,3.5,ml/kg/min,vigorous,False,False,False,https://pacompendium.com/lawn-garden
adult_09005,adult,hoạt động khác,Miscellaneous,"Casino gambling, đứng","Casino gambling, standing",2.5,MET,3.5,ml/kg/min,light,True,False,False,https://pacompendium.com/miscellaneous
adult_09010,adult,hoạt động khác,Miscellaneous,"Card playing, ngồi","Card playing, sitting",1.5,MET,3.5,ml/kg/min,sedentary,True,False,False,https://pacompendium.com/miscellaneous
adult_09013,adult,hoạt động khác,Miscellaneous,"Chess game, ngồi","Chess game, sitting",1.5,MET,3.5,ml/kg/min,sedentary,True,False,False,https://pacompendium.com/miscellaneous
adult_09015,adult,hoạt động khác,Miscellaneous,"Copying hoặc filing documents, đứng","Copying or filing documents, standing",1.5,MET,3.5,ml/kg/min,sedentary,True,False,False,https://pacompendium.com/miscellaneous
adult_09020,adult,hoạt động khác,Miscellaneous,"Drawing, writing, painting, đứng","Drawing, writing, painting, standing",1.8,MET,3.5,ml/kg/min,light,True,False,False,https://pacompendium.com/miscellaneous
adult_09025,adult,hoạt động khác,Miscellaneous,"Laughter, ngồi","Laughter, sitting",1.0,MET,3.5,ml/kg/min,sedentary,True,False,False,https://pacompendium.com/miscellaneous
adult_09030,adult,hoạt động khác,Miscellaneous,"Sitting: reading, book, newspaper, magazine","Sitting: reading, book, newspaper, magazine",1.0,MET,3.5,ml/kg/min,sedentary,True,False,False,https://pacompendium.com/miscellaneous
adult_09034,adult,hoạt động khác,Miscellaneous,"ngồi, typing hoặc reading on a balance chair/stability ball","sitting, typing or reading on a balance chair/stability ball",1.8,MET,3.5,ml/kg/min,light,True,False,False,https://pacompendium.com/miscellaneous
adult_09036,adult,hoạt động khác,Miscellaneous,"watching tv, stepping during commercial breaks","watching tv, stepping during commercial breaks",2.0,MET,3.5,ml/kg/min,light,True,False,False,https://pacompendium.com/miscellaneous
adult_09040,adult,hoạt động khác,Miscellaneous,"Sitting: writing, desk work, typing","Sitting: writing, desk work, typing",1.3,MET,3.5,ml/kg/min,sedentary,True,False,False,https://pacompendium.com/miscellaneous
adult_09050,adult,hoạt động khác,Miscellaneous,"Standing: talking trong person, on the phone, computer, text messaging, writing","Standing: talking in person, on the phone, computer, text messaging, writing",1.3,MET,3.5,ml/kg/min,sedentary,True,False,False,https://pacompendium.com/miscellaneous
adult_09055,adult,hoạt động khác,Miscellaneous,"Sitting: talking trong person, on the phone, computer, hoặc text messaging, nhẹ nỗ lực","Sitting: talking in person, on the phone, computer, or text messaging, light effort",1.3,MET,3.5,ml/kg/min,sedentary,True,False,False,https://pacompendium.com/miscellaneous
adult_09060,adult,hoạt động khác,Miscellaneous,"ngồi – studying, chung, including reading and/or writing, nhẹ nỗ lực","Sitting – studying, general, including reading and/or writing, light effort",1.5,MET,3.5,ml/kg/min,sedentary,True,False,False,https://pacompendium.com/miscellaneous
adult_09065,adult,hoạt động khác,Miscellaneous,"ngồi – trong class, chung, including note-taking hoặc class discussion","Sitting – in class, general, including note-taking or class discussion",1.8,MET,3.5,ml/kg/min,light,True,False,False,https://pacompendium.com/miscellaneous
adult_09070,adult,hoạt động khác,Miscellaneous,đứng – reading,Standing – reading,1.0,MET,3.5,ml/kg/min,sedentary,True,False,False,https://pacompendium.com/miscellaneous
adult_09071,adult,hoạt động khác,Miscellaneous,Standing: miscellaneous,Standing: miscellaneous,2.5,MET,3.5,ml/kg/min,light,True,False,False,https://pacompendium.com/miscellaneous
adult_09075,adult,hoạt động khác,Miscellaneous,"Sitting: arts và crafts, carving wood, weaving, spinning wool, nhẹ nỗ lực","Sitting: arts and crafts, carving wood, weaving, spinning wool, light effort",1.8,MET,3.5,ml/kg/min,light,True,False,False,https://pacompendium.com/miscellaneous
adult_09080,adult,hoạt động khác,Miscellaneous,"Sitting: arts và crafts, carving wood, weaving, spinning wool, vừa nỗ lực","Sitting: arts and crafts, carving wood, weaving, spinning wool, moderate effort",3.0,MET,3.5,ml/kg/min,moderate,True,False,False,https://pacompendium.com/miscellaneous
adult_09085,adult,hoạt động khác,Miscellaneous,"Standing: arts và crafts, sand painting, carving, weaving, nhẹ nỗ lực","Standing: arts and crafts, sand painting, carving, weaving, light effort",2.5,MET,3.5,ml/kg/min,light,True,False,False,https://pacompendium.com/miscellaneous
adult_09090,adult,hoạt động khác,Miscellaneous,"đứng – arts và crafts, sand painting, carving, weaving, vừa nỗ lực","Standing – arts and crafts, sand painting, carving, weaving, moderate effort",3.3,MET,3.5,ml/kg/min,moderate,True,False,False,https://pacompendium.com/miscellaneous
adult_09095,adult,hoạt động khác,Miscellaneous,"đứng – arts và crafts, sand painting, carving, weaving, mạnh nỗ lực","Standing – arts and crafts, sand painting, carving, weaving, vigorous effort",3.5,MET,3.5,ml/kg/min,moderate,True,False,False,https://pacompendium.com/miscellaneous
adult_09100,adult,hoạt động khác,Miscellaneous,"Retreat/family reunion activities involving ngồi, relaxing, talking, eating","Retreat/family reunion activities involving sitting, relaxing, talking, eating",1.5,MET,3.5,ml/kg/min,sedentary,True,False,False,https://pacompendium.com/miscellaneous
adult_09101,adult,hoạt động khác,Miscellaneous,Retreat/family reunion activities involving playing games với children,Retreat/family reunion activities involving playing games with children,2.5,MET,3.5,ml/kg/min,light,True,False,False,https://pacompendium.com/miscellaneous
adult_09105,adult,hoạt động khác,Miscellaneous,Touring/traveling/vacation involving riding trong vehicle,Touring/traveling/vacation involving riding in vehicle,2.0,MET,3.5,ml/kg/min,light,True,False,False,https://pacompendium.com/miscellaneous
adult_09106,adult,hoạt động khác,Miscellaneous,Touring/traveling/vacation involving đi bộ,Touring/traveling/vacation involving walking,3.5,MET,3.5,ml/kg/min,moderate,True,False,False,https://pacompendium.com/miscellaneous
adult_09110,adult,hoạt động khác,Miscellaneous,"Camping involving đứng, đi bộ, ngồi, light-to-moderate nỗ lực","Camping involving standing, walking, sitting, light-to-moderate effort",2.5,MET,3.5,ml/kg/min,light,True,False,False,https://pacompendium.com/miscellaneous
adult_09115,adult,hoạt động khác,Miscellaneous,"ngồi at a sporting event, spectator","Sitting at a sporting event, spectator",1.5,MET,3.5,ml/kg/min,sedentary,True,False,False,https://pacompendium.com/miscellaneous
adult_10010,adult,chơi nhạc cụ,Music Playing,"Accordion, ngồi","Accordion, sitting",1.8,MET,3.5,ml/kg/min,light,True,False,False,https://pacompendium.com/music-playing
adult_10020,adult,chơi nhạc cụ,Music Playing,"Cello, ngồi","Cello, sitting",2.3,MET,3.5,ml/kg/min,light,True,False,False,https://pacompendium.com/music-playing
adult_10030,adult,chơi nhạc cụ,Music Playing,"Conducting orchestra, đứng","Conducting orchestra, standing",2.3,MET,3.5,ml/kg/min,light,True,False,False,https://pacompendium.com/music-playing
adult_10035,adult,chơi nhạc cụ,Music Playing,"Double bass, đứng","Double bass, standing",2.5,MET,3.5,ml/kg/min,light,True,False,False,https://pacompendium.com/music-playing
adult_10040,adult,chơi nhạc cụ,Music Playing,"Drums, ngồi","Drums, sitting",3.8,MET,3.5,ml/kg/min,moderate,True,False,False,https://pacompendium.com/music-playing
adult_10045,adult,chơi nhạc cụ,Music Playing,"Drumming (e.g., bongo, conga, benbe), vừa, ngồi","Drumming (e.g., bongo, conga, benbe), moderate, sitting",3.0,MET,3.5,ml/kg/min,moderate,True,False,False,https://pacompendium.com/music-playing
adult_10048,adult,chơi nhạc cụ,Music Playing,"Drumming, concert/live show","Drumming, concert/live show",8.3,MET,3.5,ml/kg/min,vigorous,False,False,False,https://pacompendium.com/music-playing
adult_10050,adult,chơi nhạc cụ,Music Playing,"Flute, ngồi","Flute, sitting",2.0,MET,3.5,ml/kg/min,light,True,False,False,https://pacompendium.com/music-playing
adult_10060,adult,chơi nhạc cụ,Music Playing,"Horn, đứng","Horn, standing",1.8,MET,3.5,ml/kg/min,light,True,False,False,https://pacompendium.com/music-playing
adult_10070,adult,chơi nhạc cụ,Music Playing,"Piano, ngồi","Piano, sitting",2.3,MET,3.5,ml/kg/min,light,True,False,False,https://pacompendium.com/music-playing
adult_10074,adult,chơi nhạc cụ,Music Playing,"Playing musical instruments, chung","Playing musical instruments, general",2.0,MET,3.5,ml/kg/min,light,True,False,False,https://pacompendium.com/music-playing
adult_10077,adult,chơi nhạc cụ,Music Playing,"Organ, ngồi","Organ, sitting",2.0,MET,3.5,ml/kg/min,light,True,False,False,https://pacompendium.com/music-playing
adult_10080,adult,chơi nhạc cụ,Music Playing,"Trombone, đứng","Trombone, standing",3.5,MET,3.5,ml/kg/min,moderate,True,False,False,https://pacompendium.com/music-playing
adult_10090,adult,chơi nhạc cụ,Music Playing,"Trumpet, đứng","Trumpet, standing",2.5,MET,3.5,ml/kg/min,light,True,False,False,https://pacompendium.com/music-playing
adult_10100,adult,chơi nhạc cụ,Music Playing,"Violin, ngồi","Violin, sitting",2.5,MET,3.5,ml/kg/min,light,True,False,False,https://pacompendium.com/music-playing
adult_10110,adult,chơi nhạc cụ,Music Playing,"Woodwind instruments, ngồi","Woodwind instruments, sitting",1.8,MET,3.5,ml/kg/min,light,True,False,False,https://pacompendium.com/music-playing
adult_10115,adult,chơi nhạc cụ,Music Playing,"Brass instruments, ngồi","Brass instruments, sitting",1.8,MET,3.5,ml/kg/min,light,True,False,False,https://pacompendium.com/music-playing
adult_10120,adult,chơi nhạc cụ,Music Playing,"Guitar, classical, folk, ngồi","Guitar, classical, folk, sitting",2.0,MET,3.5,ml/kg/min,light,True,False,False,https://pacompendium.com/music-playing
adult_10125,adult,chơi nhạc cụ,Music Playing,"Guitar, rock và roll band, đứng","Guitar, rock and roll band, standing",3.0,MET,3.5,ml/kg/min,moderate,True,False,False,https://pacompendium.com/music-playing
adult_10130,adult,chơi nhạc cụ,Music Playing,"Marching band, baton twirling, đi bộ, vừa tốc độ, chung","Marching band, baton twirling, walking, moderate pace, general",4.0,MET,3.5,ml/kg/min,moderate,True,False,False,https://pacompendium.com/music-playing
adult_10131,adult,chơi nhạc cụ,Music Playing,"Marching band, playing an instrument, đi bộ, brisk tốc độ, chung","Marching band, playing an instrument, walking, brisk pace, general",5.5,MET,3.5,ml/kg/min,moderate,True,False,False,https://pacompendium.com/music-playing
adult_10135,adult,chơi nhạc cụ,Music Playing,"Marching band, drum major, đi bộ","Marching band, drum major, walking",3.5,MET,3.5,ml/kg/min,moderate,True,False,False,https://pacompendium.com/music-playing
adult_11000,adult,hoạt động nghề nghiệp,Occupation,"Active workstation, Pedal desk, balance chair/ball, chung, nhẹ nỗ lực","Active workstation, Pedal desk, balance chair/ball, General, light effort",2.0,MET,3.5,ml/kg/min,light,True,False,False,https://pacompendium.com/occupation
adult_11001,adult,hoạt động nghề nghiệp,Occupation,"Active workstation, Pedal desk (40 watts)","Active workstation, Pedal desk (40 watts)",3.5,MET,3.5,ml/kg/min,moderate,True,False,False,https://pacompendium.com/occupation
adult_11002,adult,hoạt động nghề nghiệp,Occupation,"Active workstation, Pedal desk (80 watts)","Active workstation, Pedal desk (80 watts)",5.3,MET,3.5,ml/kg/min,moderate,True,False,False,https://pacompendium.com/occupation
adult_11003,adult,hoạt động nghề nghiệp,Occupation,"Active workstation, treadmill desk, đi bộ slowly 1.0 mph hoặc less","Active workstation, treadmill desk, walking slowly 1.0 mph or less",2.0,MET,3.5,ml/kg/min,light,True,False,False,https://pacompendium.com/occupation
adult_11004,adult,hoạt động nghề nghiệp,Occupation,"Active workstation, treadmill desk, đi bộ 1.0 – 2.0 mph","Active workstation, treadmill desk, walking 1.0 – 2.0 mph",2.8,MET,3.5,ml/kg/min,light,True,False,False,https://pacompendium.com/occupation
adult_11006,adult,hoạt động nghề nghiệp,Occupation,Airline flight attendant,Airline flight attendant,3.0,MET,3.5,ml/kg/min,moderate,True,False,False,https://pacompendium.com/occupation
adult_11008,adult,hoạt động nghề nghiệp,Occupation,Apple Harvesting,Apple Harvesting,4.8,MET,3.5,ml/kg/min,moderate,True,False,False,https://pacompendium.com/occupation
adult_11010,adult,hoạt động nghề nghiệp,Occupation,"Bakery, chung, vừa nỗ lực","Bakery, general, moderate effort",4.0,MET,3.5,ml/kg/min,moderate,True,False,False,https://pacompendium.com/occupation
adult_11015,adult,hoạt động nghề nghiệp,Occupation,"Bakery, nhẹ nỗ lực","Bakery, light effort",2.0,MET,3.5,ml/kg/min,light,True,False,False,https://pacompendium.com/occupation
adult_11020,adult,hoạt động nghề nghiệp,Occupation,Bookbinding,Bookbinding,2.3,MET,3.5,ml/kg/min,light,True,False,False,https://pacompendium.com/occupation
adult_11030,adult,hoạt động nghề nghiệp,Occupation,"Building road, driving heavy machinery","Building road, driving heavy machinery",6.0,MET,3.5,ml/kg/min,vigorous,False,False,False,https://pacompendium.com/occupation
adult_11035,adult,hoạt động nghề nghiệp,Occupation,"Building road, directing traffic, đứng","Building road, directing traffic, standing",2.0,MET,3.5,ml/kg/min,light,True,False,False,https://pacompendium.com/occupation
adult_11038,adult,hoạt động nghề nghiệp,Occupation,"Carpentry, chung, nhẹ nỗ lực","Carpentry, general, light effort",2.5,MET,3.5,ml/kg/min,light,True,False,False,https://pacompendium.com/occupation
adult_11040,adult,hoạt động nghề nghiệp,Occupation,"Carpentry, chung, vừa nỗ lực","Carpentry, general, moderate effort",4.3,MET,3.5,ml/kg/min,moderate,True,False,False,https://pacompendium.com/occupation
adult_11042,adult,hoạt động nghề nghiệp,Occupation,"Carpentry, chung, heavy hoặc mạnh nỗ lực","Carpentry, general, heavy or vigorous effort",7.0,MET,3.5,ml/kg/min,vigorous,False,False,False,https://pacompendium.com/occupation
adult_11050,adult,hoạt động nghề nghiệp,Occupation,"mang vác heavy loads (e.g., bricks, tools)","Carrying heavy loads (e.g., bricks, tools)",8.0,MET,3.5,ml/kg/min,vigorous,False,False,False,https://pacompendium.com/occupation
adult_11060,adult,hoạt động nghề nghiệp,Occupation,"mang vác vừa loads up stairs, moving boxes, 25-49 lbs","Carrying moderate loads up stairs, moving boxes, 25-49 lbs",8.0,MET,3.5,ml/kg/min,vigorous,False,False,False,https://pacompendium.com/occupation
adult_11070,adult,hoạt động nghề nghiệp,Occupation,"Chambermaid, hotel housekeeper, making bed, cleaning bathroom, đẩy cart","Chambermaid, hotel housekeeper, making bed, cleaning bathroom, pushing cart",4.0,MET,3.5,ml/kg/min,moderate,True,False,False,https://pacompendium.com/occupation
adult_11072,adult,hoạt động nghề nghiệp,Occupation,"Cleaning, vacuuming a commercial space","Cleaning, vacuuming a commercial space",4.3,MET,3.5,ml/kg/min,moderate,True,False,False,https://pacompendium.com/occupation
adult_11080,adult,hoạt động nghề nghiệp,Occupation,"Coal mining, drilling coal, rock","Coal mining, drilling coal, rock",5.3,MET,3.5,ml/kg/min,moderate,True,False,False,https://pacompendium.com/occupation
adult_11090,adult,hoạt động nghề nghiệp,Occupation,"Coal mining, erecting supports","Coal mining, erecting supports",5.0,MET,3.5,ml/kg/min,moderate,True,False,False,https://pacompendium.com/occupation
adult_11100,adult,hoạt động nghề nghiệp,Occupation,"Coal mining, chung","Coal mining, general",5.5,MET,3.5,ml/kg/min,moderate,True,False,False,https://pacompendium.com/occupation
adult_11110,adult,hoạt động nghề nghiệp,Occupation,"Coal mining, shoveling coal, by hand","Coal mining, shoveling coal, by hand",6.3,MET,3.5,ml/kg/min,vigorous,False,False,False,https://pacompendium.com/occupation
adult_11115,adult,hoạt động nghề nghiệp,Occupation,"Cook, chef","Cook, chef",2.5,MET,3.5,ml/kg/min,light,True,False,False,https://pacompendium.com/occupation
adult_11120,adult,hoạt động nghề nghiệp,Occupation,"Construction, outside, remodeling, new structures (e.g., roof repair, miscellaneous)","Construction, outside, remodeling, new structures (e.g., roof repair, miscellaneous)",4.0,MET,3.5,ml/kg/min,moderate,True,False,False,https://pacompendium.com/occupation
adult_11124,adult,hoạt động nghề nghiệp,Occupation,"Construction, rebar, bar bending/fixing","Construction, rebar, bar bending/fixing",2.3,MET,3.5,ml/kg/min,light,True,False,False,https://pacompendium.com/occupation
adult_11125,adult,hoạt động nghề nghiệp,Occupation,"Custodial work, nhẹ nỗ lực (e.g., cleaning sink và toilet, dusting, vacuuming, nhẹ cleaning)","Custodial work, light effort (e.g., cleaning sink and toilet, dusting, vacuuming, light cleaning)",2.3,MET,3.5,ml/kg/min,light,True,False,False,https://pacompendium.com/occupation
adult_11126,adult,hoạt động nghề nghiệp,Occupation,"Custodial work, vừa nỗ lực (e.g., buffing floors với electric buffer, feathering hoặc sweeping arena floors, mopping, taking out the trash, vacuuming)","Custodial work, moderate effort (e.g., buffing floors with electric buffer, feathering or sweeping arena floors, mopping, taking out the trash, vacuuming)",3.8,MET,3.5,ml/kg/min,moderate,True,False,False,https://pacompendium.com/occupation
adult_11130,adult,hoạt động nghề nghiệp,Occupation,"Electrical work (e.g., hook up wire, tapping, splicing); plumbing moved to 11516","Electrical work (e.g., hook up wire, tapping, splicing); plumbing moved to 11516",3.3,MET,3.5,ml/kg/min,moderate,True,False,False,https://pacompendium.com/occupation
adult_11135,adult,hoạt động nghề nghiệp,Occupation,"Engineer (e.g., mechanical hoặc electrical)","Engineer (e.g., mechanical or electrical)",1.8,MET,3.5,ml/kg/min,light,True,False,False,https://pacompendium.com/occupation
adult_11145,adult,hoạt động nghề nghiệp,Occupation,"Farming, mạnh nỗ lực (e.g., baling hay, cleaning barn), includes former code 11200","Farming, vigorous effort (e.g., baling hay, cleaning barn), includes former code 11200",7.8,MET,3.5,ml/kg/min,vigorous,False,False,False,https://pacompendium.com/occupation
adult_11146,adult,hoạt động nghề nghiệp,Occupation,"Farming, vừa nỗ lực (e.g., feeding animals, chasing cattle by đi bộ and/or horseback, spreading manure, harvesting crops)","Farming, moderate effort (e.g., feeding animals, chasing cattle by walking and/or horseback, spreading manure, harvesting crops)",4.8,MET,3.5,ml/kg/min,moderate,True,False,False,https://pacompendium.com/occupation
adult_11147,adult,hoạt động nghề nghiệp,Occupation,"Farming, nhẹ nỗ lực, (e.g., cleaning animal sheds, preparing animal feed)","Farming, light effort, (e.g., cleaning animal sheds, preparing animal feed)",2.0,MET,3.5,ml/kg/min,light,True,False,False,https://pacompendium.com/occupation
adult_11170,adult,hoạt động nghề nghiệp,Occupation,"Farming, driving tasks (e.g., driving tractor hoặc harvester)","Farming, driving tasks (e.g., driving tractor or harvester)",2.8,MET,3.5,ml/kg/min,light,True,False,False,https://pacompendium.com/occupation
adult_11180,adult,hoạt động nghề nghiệp,Occupation,"Farming, feeding small animals","Farming, feeding small animals",3.5,MET,3.5,ml/kg/min,moderate,True,False,False,https://pacompendium.com/occupation
adult_11190,adult,hoạt động nghề nghiệp,Occupation,"Farming, feeding cattle, horses","Farming, feeding cattle, horses",4.3,MET,3.5,ml/kg/min,moderate,True,False,False,https://pacompendium.com/occupation
adult_11191,adult,hoạt động nghề nghiệp,Occupation,"Farming, hauling water cho animals, fetching water from a well hoặc stream","Farming, hauling water for animals, fetching water from a well or stream",4.3,MET,3.5,ml/kg/min,moderate,True,False,False,https://pacompendium.com/occupation
adult_11192,adult,hoạt động nghề nghiệp,Occupation,"Farming, taking care of animals (e.g., grooming, brushing, shearing sheep, assisting với birthing, medical care, branding), chung","Farming, taking care of animals (e.g., grooming, brushing, shearing sheep, assisting with birthing, medical care, branding), general",4.5,MET,3.5,ml/kg/min,moderate,True,False,False,https://pacompendium.com/occupation
adult_11195,adult,hoạt động nghề nghiệp,Occupation,"Farming, rice, planting, grain milling activities","Farming, rice, planting, grain milling activities",3.8,MET,3.5,ml/kg/min,moderate,True,False,False,https://pacompendium.com/occupation
adult_11210,adult,hoạt động nghề nghiệp,Occupation,"Farming, milking by hand, cleaning pails, vừa nỗ lực","Farming, milking by hand, cleaning pails, moderate effort",3.5,MET,3.5,ml/kg/min,moderate,True,False,False,https://pacompendium.com/occupation
adult_11220,adult,hoạt động nghề nghiệp,Occupation,"Farming, milking by machine, nhẹ nỗ lực","Farming, milking by machine, light effort",1.3,MET,3.5,ml/kg/min,sedentary,True,False,False,https://pacompendium.com/occupation
adult_11222,adult,hoạt động nghề nghiệp,Occupation,"Farming, milking Cows, full milking process, modern milking parlor với milking machines","Farming, milking Cows, full milking process, modern milking parlor with milking machines",3.0,MET,3.5,ml/kg/min,moderate,True,False,False,https://pacompendium.com/occupation
adult_11240,adult,hoạt động nghề nghiệp,Occupation,"Fire fighter, chung","Fire fighter, general",8.0,MET,3.5,ml/kg/min,vigorous,False,False,False,https://pacompendium.com/occupation
adult_11244,adult,hoạt động nghề nghiệp,Occupation,"Firefighter, rescue victim, automobile accident, using pike pole","Firefighter, rescue victim, automobile accident, using pike pole",6.8,MET,3.5,ml/kg/min,vigorous,False,False,False,https://pacompendium.com/occupation
adult_11245,adult,hoạt động nghề nghiệp,Occupation,"Firefighter, raising và leo núi ladder với full gear, simulated fire suppression","Firefighter, raising and climbing ladder with full gear, simulated fire suppression",8.0,MET,3.5,ml/kg/min,vigorous,False,False,False,https://pacompendium.com/occupation
adult_11246,adult,hoạt động nghề nghiệp,Occupation,"Firefighter, hauling hoses on ground, carrying/hoisting equipment, breaking down walls etc., wearing full gear","Firefighter, hauling hoses on ground, carrying/hoisting equipment, breaking down walls etc., wearing full gear",9.0,MET,3.5,ml/kg/min,vigorous,False,False,False,https://pacompendium.com/occupation
adult_11247,adult,hoạt động nghề nghiệp,Occupation,"câu cá, commercial, nhẹ nỗ lực","Fishing, commercial, light effort",3.5,MET,3.5,ml/kg/min,moderate,True,False,False,https://pacompendium.com/occupation
adult_11248,adult,hoạt động nghề nghiệp,Occupation,"câu cá, commercial, vừa nỗ lực","Fishing, commercial, moderate effort",5.0,MET,3.5,ml/kg/min,moderate,True,False,False,https://pacompendium.com/occupation
adult_11250,adult,hoạt động nghề nghiệp,Occupation,"Forestry, ax chopping, very nhanh, 1.25 kg axe, 51 blows/min, extremely mạnh nỗ lực","Forestry, ax chopping, very fast, 1.25 kg axe, 51 blows/min, extremely vigorous effort",17.5,MET,3.5,ml/kg/min,vigorous,False,False,False,https://pacompendium.com/occupation
adult_11260,adult,hoạt động nghề nghiệp,Occupation,"Forestry, ax chopping, chậm, 1.25 kg axe, 19 blows/min, vừa nỗ lực","Forestry, ax chopping, slow, 1.25 kg axe, 19 blows/min, moderate effort",5.0,MET,3.5,ml/kg/min,moderate,True,False,False,https://pacompendium.com/occupation
adult_11262,adult,hoạt động nghề nghiệp,Occupation,"Forestry, ax chopping, nhanh, 1.25 kg axe, 35 blows/min, mạnh nỗ lực","Forestry, ax chopping, fast, 1.25 kg axe, 35 blows/min, vigorous effort",8.0,MET,3.5,ml/kg/min,vigorous,False,False,False,https://pacompendium.com/occupation
adult_11264,adult,hoạt động nghề nghiệp,Occupation,"Forestry, vừa nỗ lực (e.g., sawing wood với power saw, weeding, hoeing)","Forestry, moderate effort (e.g., sawing wood with power saw, weeding, hoeing)",5.0,MET,3.5,ml/kg/min,moderate,True,False,False,https://pacompendium.com/occupation
adult_11266,adult,hoạt động nghề nghiệp,Occupation,"Forestry, mạnh nỗ lực (e.g., barking, felling, hoặc trimming trees, mang vác hoặc stacking logs, planting seeds, sawing lumber by hand )","Forestry, vigorous effort (e.g., barking, felling, or trimming trees, carrying or stacking logs, planting seeds, sawing lumber by hand )",8.5,MET,3.5,ml/kg/min,vigorous,False,False,False,https://pacompendium.com/occupation
adult_11370,adult,hoạt động nghề nghiệp,Occupation,Furriery,Furriery,4.8,MET,3.5,ml/kg/min,moderate,True,False,False,https://pacompendium.com/occupation
adult_11375,adult,hoạt động nghề nghiệp,Occupation,"Garbage collector, đi bộ, dumping bins into truck, street cleaning","Garbage collector, walking, dumping bins into truck, street cleaning",3.8,MET,3.5,ml/kg/min,moderate,True,False,False,https://pacompendium.com/occupation
adult_11378,adult,hoạt động nghề nghiệp,Occupation,"Hairstylist (e.g., plaiting hair, manicure, make-up artist)","Hairstylist (e.g., plaiting hair, manicure, make-up artist)",1.8,MET,3.5,ml/kg/min,light,True,False,False,https://pacompendium.com/occupation
adult_11380,adult,hoạt động nghề nghiệp,Occupation,"Horse grooming, including feeding, cleaning stalls, bathing, brushing, clipping, longeing và exercising horses.","Horse grooming, including feeding, cleaning stalls, bathing, brushing, clipping, longeing and exercising horses.",7.3,MET,3.5,ml/kg/min,vigorous,False,False,False,https://pacompendium.com/occupation
adult_11381,adult,hoạt động nghề nghiệp,Occupation,"Horse, feeding, watering, cleaning stalls, implied đi bộ và nâng loads","Horse, feeding, watering, cleaning stalls, implied walking and lifting loads",4.3,MET,3.5,ml/kg/min,moderate,True,False,False,https://pacompendium.com/occupation
adult_11383,adult,hoạt động nghề nghiệp,Occupation,"Horseback riding, working, cutting cows","Horseback riding, working, cutting cows",4.5,MET,3.5,ml/kg/min,moderate,True,False,False,https://pacompendium.com/occupation
adult_11390,adult,hoạt động nghề nghiệp,Occupation,"Horse racing, Jockey, canter","Horse racing, Jockey, canter",7.8,MET,3.5,ml/kg/min,vigorous,False,False,False,https://pacompendium.com/occupation
adult_11400,adult,hoạt động nghề nghiệp,Occupation,"Horse racing, Jockey, trotting","Horse racing, Jockey, trotting",6.3,MET,3.5,ml/kg/min,vigorous,False,False,False,https://pacompendium.com/occupation
adult_11410,adult,hoạt động nghề nghiệp,Occupation,"Horse racing, Jockey, đi bộ","Horse racing, Jockey, walking",2.3,MET,3.5,ml/kg/min,light,True,False,False,https://pacompendium.com/occupation
adult_11413,adult,hoạt động nghề nghiệp,Occupation,Kitchen maid,Kitchen maid,3.0,MET,3.5,ml/kg/min,moderate,True,False,False,https://pacompendium.com/occupation
adult_11415,adult,hoạt động nghề nghiệp,Occupation,"vườn keeper, yardwork, chung","Lawn keeper, yardwork, general",4.0,MET,3.5,ml/kg/min,moderate,True,False,False,https://pacompendium.com/occupation
adult_11416,adult,hoạt động nghề nghiệp,Occupation,"vườn keeper, weeding, gas powered","Lawn keeper, weeding, gas powered",3.0,MET,3.5,ml/kg/min,moderate,True,False,False,https://pacompendium.com/occupation
adult_11418,adult,hoạt động nghề nghiệp,Occupation,Laundry worker,Laundry worker,3.3,MET,3.5,ml/kg/min,moderate,True,False,False,https://pacompendium.com/occupation
adult_11420,adult,hoạt động nghề nghiệp,Occupation,Locksmith,Locksmith,3.0,MET,3.5,ml/kg/min,moderate,True,False,False,https://pacompendium.com/occupation
adult_11430,adult,hoạt động nghề nghiệp,Occupation,"Machine tooling (e.g., machining, working sheet metal, machine fitter, operating lathe, welding) light-to-moderate nỗ lực","Machine tooling (e.g., machining, working sheet metal, machine fitter, operating lathe, welding) light-to-moderate effort",3.0,MET,3.5,ml/kg/min,moderate,True,False,False,https://pacompendium.com/occupation
adult_11450,adult,hoạt động nghề nghiệp,Occupation,"Machine tooling, operating punch press, vừa nỗ lực","Machine tooling, operating punch press, moderate effort",5.0,MET,3.5,ml/kg/min,moderate,True,False,False,https://pacompendium.com/occupation
adult_11472,adult,hoạt động nghề nghiệp,Occupation,"Manager, property","Manager, property",1.8,MET,3.5,ml/kg/min,light,True,False,False,https://pacompendium.com/occupation
adult_11475,adult,hoạt động nghề nghiệp,Occupation,"Manual hoặc unskilled labor, chung, nhẹ nỗ lực","Manual or unskilled labor, general, light effort",2.8,MET,3.5,ml/kg/min,light,True,False,False,https://pacompendium.com/occupation
adult_11476,adult,hoạt động nghề nghiệp,Occupation,"Manual hoặc unskilled labor, chung, vừa nỗ lực","Manual or unskilled labor, general, moderate effort",4.5,MET,3.5,ml/kg/min,moderate,True,False,False,https://pacompendium.com/occupation
adult_11477,adult,hoạt động nghề nghiệp,Occupation,"Manual hoặc unskilled labor, chung, mạnh nỗ lực","Manual or unskilled labor, general, vigorous effort",6.5,MET,3.5,ml/kg/min,vigorous,False,False,False,https://pacompendium.com/occupation
adult_11480,adult,hoạt động nghề nghiệp,Occupation,"Masonry, concrete, vừa nỗ lực","Masonry, concrete, moderate effort",4.3,MET,3.5,ml/kg/min,moderate,True,False,False,https://pacompendium.com/occupation
adult_11482,adult,hoạt động nghề nghiệp,Occupation,"Masonry, concrete, nhẹ nỗ lực","Masonry, concrete, light effort",2.5,MET,3.5,ml/kg/min,light,True,False,False,https://pacompendium.com/occupation
adult_11485,adult,hoạt động nghề nghiệp,Occupation,"Massage therapist, đứng","Massage therapist, standing",5.5,MET,3.5,ml/kg/min,moderate,True,False,False,https://pacompendium.com/occupation
adult_11486,adult,hoạt động nghề nghiệp,Occupation,"Mail carrier, đi bộ to deliver mail","Mail carrier, walking to deliver mail",2.3,MET,3.5,ml/kg/min,light,True,False,False,https://pacompendium.com/occupation
adult_11487,adult,hoạt động nghề nghiệp,Occupation,"Mail delivery, motorbike","Mail delivery, motorbike",1.5,MET,3.5,ml/kg/min,sedentary,True,False,False,https://pacompendium.com/occupation
adult_11488,adult,hoạt động nghề nghiệp,Occupation,"Mail delivery, Electronically Assisted Bicycle","Mail delivery, Electronically Assisted Bicycle",3.5,MET,3.5,ml/kg/min,moderate,True,False,False,https://pacompendium.com/occupation
adult_11490,adult,hoạt động nghề nghiệp,Occupation,"Moving, mang vác, hoặc đẩy heavy objects, 75 lbs hoặc more, only active time (e.g., desks, moving van work)","Moving, carrying, or pushing heavy objects, 75 lbs or more, only active time (e.g., desks, moving van work)",7.5,MET,3.5,ml/kg/min,vigorous,False,False,False,https://pacompendium.com/occupation
adult_11493,adult,hoạt động nghề nghiệp,Occupation,"Mining, chung services, drilling, mining support jobs (mechanical, welding, pipe installation, chung construction)","Mining, general services, drilling, mining support jobs (mechanical, welding, pipe installation, general construction)",8.5,MET,3.5,ml/kg/min,vigorous,False,False,False,https://pacompendium.com/occupation
adult_11495,adult,hoạt động nghề nghiệp,Occupation,"Skindiving hoặc SCUBA diving as a frogman, Navy Seal","Skindiving or SCUBA diving as a frogman, Navy Seal",12.0,MET,3.5,ml/kg/min,vigorous,False,False,False,https://pacompendium.com/occupation
adult_11500,adult,hoạt động nghề nghiệp,Occupation,"Operating heavy-duty equipment, automated, not driving","Operating heavy-duty equipment, automated, not driving",2.5,MET,3.5,ml/kg/min,light,True,False,False,https://pacompendium.com/occupation
adult_11510,adult,hoạt động nghề nghiệp,Occupation,"Orange grove work, picking fruit","Orange grove work, picking fruit",3.5,MET,3.5,ml/kg/min,moderate,True,False,False,https://pacompendium.com/occupation
adult_11514,adult,hoạt động nghề nghiệp,Occupation,"Painting, house, furniture, vừa nỗ lực","Painting, house, furniture, moderate effort",3.3,MET,3.5,ml/kg/min,moderate,True,False,False,https://pacompendium.com/occupation
adult_11516,adult,hoạt động nghề nghiệp,Occupation,Plumbing activities,Plumbing activities,3.0,MET,3.5,ml/kg/min,moderate,True,False,False,https://pacompendium.com/occupation
adult_11520,adult,hoạt động nghề nghiệp,Occupation,"Printing, paper industry worker, đứng","Printing, paper industry worker, standing",2.0,MET,3.5,ml/kg/min,light,True,False,False,https://pacompendium.com/occupation
adult_11524,adult,hoạt động nghề nghiệp,Occupation,"Police Officer, đi bộ","Police Officer, Walking",3.8,MET,3.5,ml/kg/min,moderate,True,False,False,https://pacompendium.com/occupation
adult_11525,adult,hoạt động nghề nghiệp,Occupation,"Police, directing traffic, đứng","Police, directing traffic, standing",2.5,MET,3.5,ml/kg/min,light,True,False,False,https://pacompendium.com/occupation
adult_11526,adult,hoạt động nghề nghiệp,Occupation,"Police, driving a squad car, ngồi","Police, driving a squad car, sitting",2.0,MET,3.5,ml/kg/min,light,True,False,False,https://pacompendium.com/occupation
adult_11527,adult,hoạt động nghề nghiệp,Occupation,"Police, riding trong a squad car, ngồi","Police, riding in a squad car, sitting",1.3,MET,3.5,ml/kg/min,sedentary,True,False,False,https://pacompendium.com/occupation
adult_11528,adult,hoạt động nghề nghiệp,Occupation,"Police, making an arrest, đứng","Police, making an arrest, standing",4.0,MET,3.5,ml/kg/min,moderate,True,False,False,https://pacompendium.com/occupation
adult_11529,adult,hoạt động nghề nghiệp,Occupation,"Counter terrorism maneuvers, clearing building","Counter terrorism maneuvers, clearing building",9.0,MET,3.5,ml/kg/min,vigorous,False,False,False,https://pacompendium.com/occupation
adult_11530,adult,hoạt động nghề nghiệp,Occupation,"Shoe repair, chung","Shoe repair, general",2.0,MET,3.5,ml/kg/min,light,True,False,False,https://pacompendium.com/occupation
adult_11540,adult,hoạt động nghề nghiệp,Occupation,"Shoveling, digging ditches","Shoveling, digging ditches",7.3,MET,3.5,ml/kg/min,vigorous,False,False,False,https://pacompendium.com/occupation
adult_11550,adult,hoạt động nghề nghiệp,Occupation,"Shoveling, more than 16 lbs/minute, deep digging, mạnh nỗ lực","Shoveling, more than 16 lbs/minute, deep digging, vigorous effort",8.8,MET,3.5,ml/kg/min,vigorous,False,False,False,https://pacompendium.com/occupation
adult_11560,adult,hoạt động nghề nghiệp,Occupation,"Shoveling, less than 10 lbs/minute, vừa nỗ lực","Shoveling, less than 10 lbs/minute, moderate effort",5.0,MET,3.5,ml/kg/min,moderate,True,False,False,https://pacompendium.com/occupation
adult_11570,adult,hoạt động nghề nghiệp,Occupation,"Shoveling, 10 to 15 lbs/minute, mạnh nỗ lực","Shoveling, 10 to 15 lbs/minute, vigorous effort",6.5,MET,3.5,ml/kg/min,vigorous,False,False,False,https://pacompendium.com/occupation
adult_11580,adult,hoạt động nghề nghiệp,Occupation,"ngồi tasks, nhẹ nỗ lực (e.g., office work, chemistry lab work, nhẹ assembly repair, watch repair, reading, desk work)","Sitting tasks, light effort (e.g., office work, chemistry lab work, light assembly repair, watch repair, reading, desk work)",1.5,MET,3.5,ml/kg/min,sedentary,True,False,False,https://pacompendium.com/occupation
adult_11582,adult,hoạt động nghề nghiệp,Occupation,"ngồi, computer work","Sitting, computer work",1.3,MET,3.5,ml/kg/min,sedentary,True,False,False,https://pacompendium.com/occupation
adult_11583,adult,hoạt động nghề nghiệp,Occupation,"đứng workstation, typing, computer work","Standing workstation, typing, computer work",1.3,MET,3.5,ml/kg/min,sedentary,True,False,False,https://pacompendium.com/occupation
adult_11585,adult,hoạt động nghề nghiệp,Occupation,"ngồi meetings, nhẹ nỗ lực, chung, and/or với talking involved (e.g., eating at a business meeting)","Sitting meetings, light effort, general, and/or with talking involved (e.g., eating at a business meeting)",1.3,MET,3.5,ml/kg/min,sedentary,True,False,False,https://pacompendium.com/occupation
adult_11590,adult,hoạt động nghề nghiệp,Occupation,"ngồi tasks, vừa nỗ lực (e.g. đẩy heavy levers, riding mower/forklift, crane operation)","Sitting tasks, moderate effort (e.g. pushing heavy levers, riding mower/forklift, crane operation)",2.5,MET,3.5,ml/kg/min,light,True,False,False,https://pacompendium.com/occupation
adult_11593,adult,hoạt động nghề nghiệp,Occupation,"ngồi, teaching giãn cơ hoặc yoga, hoặc nhẹ nỗ lực exercise classes","Sitting, teaching stretching or yoga, or light effort exercise classes",2.8,MET,3.5,ml/kg/min,light,True,False,False,https://pacompendium.com/occupation
adult_11600,adult,hoạt động nghề nghiệp,Occupation,"đứng tasks, nhẹ nỗ lực (e.g., bartending, store clerk, assembling, filing, duplicating, librarian, putting up a Christmas tree, đứng và talking at work, changing clothes when teaching physical education)","Standing tasks, light effort (e.g., bartending, store clerk, assembling, filing, duplicating, librarian, putting up a Christmas tree, standing and talking at work, changing clothes when teaching physical education)",1.8,MET,3.5,ml/kg/min,light,True,False,False,https://pacompendium.com/occupation
adult_11610,adult,hoạt động nghề nghiệp,Occupation,"đứng, light/moderate nỗ lực (e.g., assemble/repair heavy parts, welding, stocking parts, auto repair, packing boxes, nursing patient care, laundry)","Standing, light/moderate effort (e.g., assemble/repair heavy parts, welding, stocking parts, auto repair, packing boxes, nursing patient care, laundry)",3.3,MET,3.5,ml/kg/min,moderate,True,False,False,https://pacompendium.com/occupation
adult_11615,adult,hoạt động nghề nghiệp,Occupation,"đứng, vừa nỗ lực, nâng items continuously, 10 – 20 lbs, với limited đi bộ hoặc resting","Standing, moderate effort, lifting items continuously, 10 – 20 lbs, with limited walking or resting",4.5,MET,3.5,ml/kg/min,moderate,True,False,False,https://pacompendium.com/occupation
adult_11620,adult,hoạt động nghề nghiệp,Occupation,"đứng, vừa nỗ lực, intermittent nâng 50 lbs, hitch hoặc twisting ropes","Standing, moderate effort, intermittent lifting 50 lbs, hitch or twisting ropes",3.8,MET,3.5,ml/kg/min,moderate,True,False,False,https://pacompendium.com/occupation
adult_11630,adult,hoạt động nghề nghiệp,Occupation,"đứng, moderate/heavy tasks (e.g., nâng more than 50 lbs, masonry, painting, paper hanging)","Standing, moderate/heavy tasks (e.g., lifting more than 50 lbs, masonry, painting, paper hanging)",4.5,MET,3.5,ml/kg/min,moderate,True,False,False,https://pacompendium.com/occupation
adult_11650,adult,hoạt động nghề nghiệp,Occupation,"Patient care, healthcare activites","Patient care, healthcare activites",2.3,MET,3.5,ml/kg/min,light,True,False,False,https://pacompendium.com/occupation
adult_11660,adult,hoạt động nghề nghiệp,Occupation,"Patient care, room cleaning/preperation","Patient care, room cleaning/preperation",3.5,MET,3.5,ml/kg/min,moderate,True,False,False,https://pacompendium.com/occupation
adult_11708,adult,hoạt động nghề nghiệp,Occupation,"Steel mill, vừa nỗ lực (e.g., fettling, forging, tipping molds)","Steel mill, moderate effort (e.g., fettling, forging, tipping molds)",5.3,MET,3.5,ml/kg/min,moderate,True,False,False,https://pacompendium.com/occupation
adult_11710,adult,hoạt động nghề nghiệp,Occupation,"Steel mill, mạnh nỗ lực (e.g., hand rolling, merchant mill rolling, removing slag, tending furnace)","Steel mill, vigorous effort (e.g., hand rolling, merchant mill rolling, removing slag, tending furnace)",8.3,MET,3.5,ml/kg/min,vigorous,False,False,False,https://pacompendium.com/occupation
adult_11720,adult,hoạt động nghề nghiệp,Occupation,"Tailoring, cutting fabric","Tailoring, cutting fabric",2.3,MET,3.5,ml/kg/min,light,True,False,False,https://pacompendium.com/occupation
adult_11730,adult,hoạt động nghề nghiệp,Occupation,"Tailoring, chung","Tailoring, general",2.5,MET,3.5,ml/kg/min,light,True,False,False,https://pacompendium.com/occupation
adult_11740,adult,hoạt động nghề nghiệp,Occupation,"Tailoring, hand sewing","Tailoring, hand sewing",1.8,MET,3.5,ml/kg/min,light,True,False,False,https://pacompendium.com/occupation
adult_11750,adult,hoạt động nghề nghiệp,Occupation,"Tailoring, machine sewing","Tailoring, machine sewing",2.5,MET,3.5,ml/kg/min,light,True,False,False,https://pacompendium.com/occupation
adult_11760,adult,hoạt động nghề nghiệp,Occupation,"Tailoring, pressing","Tailoring, pressing",3.5,MET,3.5,ml/kg/min,moderate,True,False,False,https://pacompendium.com/occupation
adult_11763,adult,hoạt động nghề nghiệp,Occupation,"Tailoring, weaving, nhẹ nỗ lực (e.g., finishing operations, washing, dyeing, inspecting cloth, counting yards, paperwork)","Tailoring, weaving, light effort (e.g., finishing operations, washing, dyeing, inspecting cloth, counting yards, paperwork)",2.0,MET,3.5,ml/kg/min,light,True,False,False,https://pacompendium.com/occupation
adult_11765,adult,hoạt động nghề nghiệp,Occupation,"Tailoring, weaving, vừa nỗ lực (e.g., spinning và weaving operations, delivering boxes of yarn to spinners, loading of warp beam, pinwinding, conewinding, warping, cloth clutting)","Tailoring, weaving, moderate effort (e.g., spinning and weaving operations, delivering boxes of yarn to spinners, loading of warp beam, pinwinding, conewinding, warping, cloth clutting)",4.0,MET,3.5,ml/kg/min,moderate,True,False,False,https://pacompendium.com/occupation
adult_11766,adult,hoạt động nghề nghiệp,Occupation,"Truck driving, loading và unloading truck, tying down load, đứng, đi bộ và mang vác heavy loads","Truck driving, loading and unloading truck, tying down load, standing, walking and carrying heavy loads",6.5,MET,3.5,ml/kg/min,vigorous,False,False,False,https://pacompendium.com/occupation
adult_11767,adult,hoạt động nghề nghiệp,Occupation,"Truck driving, delivery truck, taxi, shuttlebus, school bus","Truck driving, delivery truck, taxi, shuttlebus, school bus",2.0,MET,3.5,ml/kg/min,light,True,False,False,https://pacompendium.com/occupation
adult_11770,adult,hoạt động nghề nghiệp,Occupation,"Typing, electric, manual hoặc computer","Typing, electric, manual or computer",1.3,MET,3.5,ml/kg/min,sedentary,True,False,False,https://pacompendium.com/occupation
adult_11780,adult,hoạt động nghề nghiệp,Occupation,"Using heavy power tools such as pneumatic tools (e.g., jackhammers, drills, etc.)","Using heavy power tools such as pneumatic tools (e.g., jackhammers, drills, etc.)",6.3,MET,3.5,ml/kg/min,vigorous,False,False,False,https://pacompendium.com/occupation
adult_11790,adult,hoạt động nghề nghiệp,Occupation,"Using heavy tools (not power) such as shovel, pick, tunnel bar, spade","Using heavy tools (not power) such as shovel, pick, tunnel bar, spade",7.8,MET,3.5,ml/kg/min,vigorous,False,False,False,https://pacompendium.com/occupation
adult_11791,adult,hoạt động nghề nghiệp,Occupation,"đi bộ on job, less than 2.0 mph, very chậm tốc độ, trong office hoặc lab area","Walking on job, less than 2.0 mph, very slow speed, in office or lab area",2.0,MET,3.5,ml/kg/min,light,True,False,False,https://pacompendium.com/occupation
adult_11792,adult,hoạt động nghề nghiệp,Occupation,"đi bộ on job, 2.8 to 3.4 mph, trong office, vừa tốc độ, not mang vác anything","Walking on job, 2.8 to 3.4 mph, in office, moderate speed, not carrying anything",3.8,MET,3.5,ml/kg/min,moderate,True,False,False,https://pacompendium.com/occupation
adult_11793,adult,hoạt động nghề nghiệp,Occupation,"đi bộ on job, 3.5 to 3.9 mph, trong office, brisk tốc độ, not mang vác anything","Walking on job, 3.5 to 3.9 mph, in office, brisk speed, not carrying anything",4.8,MET,3.5,ml/kg/min,moderate,True,False,False,https://pacompendium.com/occupation
adult_11795,adult,hoạt động nghề nghiệp,Occupation,"đi bộ on job, 2.5 mph, chậm tốc độ, mang vác nhẹ objects less than 25 lbs","Walking on job, 2.5 mph, slow speed, carrying light objects less than 25 lbs",3.5,MET,3.5,ml/kg/min,moderate,True,False,False,https://pacompendium.com/occupation
adult_11796,adult,hoạt động nghề nghiệp,Occupation,"đi bộ, gathering things at work, ready to leave","Walking, gathering things at work, ready to leave",3.0,MET,3.5,ml/kg/min,moderate,True,False,False,https://pacompendium.com/occupation
adult_11797,adult,hoạt động nghề nghiệp,Occupation,"đi bộ, 2.5 mph, chậm tốc độ, mang vác heavy objects more than 25 lbs","Walking, 2.5 mph, slow speed, carrying heavy objects more than 25 lbs",3.8,MET,3.5,ml/kg/min,moderate,True,False,False,https://pacompendium.com/occupation
adult_11800,adult,hoạt động nghề nghiệp,Occupation,"đi bộ, 3.0 mph, moderately và mang vác nhẹ objects less than 25 lbs","Walking, 3.0 mph, moderately and carrying light objects less than 25 lbs",4.5,MET,3.5,ml/kg/min,moderate,True,False,False,https://pacompendium.com/occupation
adult_11805,adult,hoạt động nghề nghiệp,Occupation,"đi bộ, đẩy a xe lăn","Walking, pushing a wheelchair",3.8,MET,3.5,ml/kg/min,moderate,True,False,False,https://pacompendium.com/occupation
adult_11810,adult,hoạt động nghề nghiệp,Occupation,"đi bộ, 3.5 mph, briskly và mang vác objects less than 25 lbs","Walking, 3.5 mph, briskly and carrying objects less than 25 lbs",4.5,MET,3.5,ml/kg/min,moderate,True,False,False,https://pacompendium.com/occupation
adult_11820,adult,hoạt động nghề nghiệp,Occupation,"đi bộ hoặc walk downstairs hoặc đứng, mang vác objects about 25 to 49 lbs","Walking or walk downstairs or standing, carrying objects about 25 to 49 lbs",4.0,MET,3.5,ml/kg/min,moderate,True,False,False,https://pacompendium.com/occupation
adult_11830,adult,hoạt động nghề nghiệp,Occupation,"đi bộ hoặc walk downstairs hoặc đứng, mang vác objects about 50 to 74 lbs","Walking or walk downstairs or standing, carrying objects about 50 to 74 lbs",5.5,MET,3.5,ml/kg/min,moderate,True,False,False,https://pacompendium.com/occupation
adult_11840,adult,hoạt động nghề nghiệp,Occupation,"đi bộ hoặc walk downstairs hoặc đứng, mang vác objects about 75 to 99 lbs","Walking or walk downstairs or standing, carrying objects about 75 to 99 lbs",7.0,MET,3.5,ml/kg/min,vigorous,False,False,False,https://pacompendium.com/occupation
adult_11850,adult,hoạt động nghề nghiệp,Occupation,"đi bộ hoặc walk downstairs hoặc đứng, mang vác objects about 100 lbs hoặc more","Walking or walk downstairs or standing, carrying objects about 100 lbs or more",7.3,MET,3.5,ml/kg/min,vigorous,False,False,False,https://pacompendium.com/occupation
adult_11860,adult,hoạt động nghề nghiệp,Occupation,"Warehouse/Shipping Center, Loading/Unloading boxes","Warehouse/Shipping Center, Loading/Unloading boxes",2.3,MET,3.5,ml/kg/min,light,True,False,False,https://pacompendium.com/occupation
adult_11862,adult,hoạt động nghề nghiệp,Occupation,"Warehouse/Shipping Center, Moving boxes (~5kg)","Warehouse/Shipping Center, Moving boxes (~5kg)",4.3,MET,3.5,ml/kg/min,moderate,True,False,False,https://pacompendium.com/occupation
adult_11870,adult,hoạt động nghề nghiệp,Occupation,"Working trong scene shop, theater actor, backstage employee","Working in scene shop, theater actor, backstage employee",3.0,MET,3.5,ml/kg/min,moderate,True,False,False,https://pacompendium.com/occupation
adult_11880,adult,hoạt động nghề nghiệp,Occupation,"Soldiers, military marching, unloaded, 1.5 to 2.5 mph","Soldiers, military marching, unloaded, 1.5 to 2.5 mph",3.5,MET,3.5,ml/kg/min,moderate,True,False,False,https://pacompendium.com/occupation
adult_11882,adult,hoạt động nghề nghiệp,Occupation,"Soldiers, military marching, 1.5 to 2.5 mph, 10 to 30 kg load","Soldiers, military marching, 1.5 to 2.5 mph, 10 to 30 kg load",4.0,MET,3.5,ml/kg/min,moderate,True,False,False,https://pacompendium.com/occupation
adult_11884,adult,hoạt động nghề nghiệp,Occupation,"Airborne Shuffle, 2.5 to 3.5 mph, 20-30 kg load","Airborne Shuffle, 2.5 to 3.5 mph, 20-30 kg load",5.0,MET,3.5,ml/kg/min,moderate,True,False,False,https://pacompendium.com/occupation
adult_11886,adult,hoạt động nghề nghiệp,Occupation,"Soldiers, military loaded marching, varying terrain, 25-40 kg load","Soldiers, military loaded marching, varying terrain, 25-40 kg load",6.3,MET,3.5,ml/kg/min,vigorous,False,False,False,https://pacompendium.com/occupation
adult_11887,adult,hoạt động nghề nghiệp,Occupation,"Soldiers, đi bộ, 2.8 mph, 5% grade, up to 21.5 kg load","Soldiers, walking, 2.8 mph, 5% grade, up to 21.5 kg load",6.0,MET,3.5,ml/kg/min,vigorous,False,False,False,https://pacompendium.com/occupation
adult_11888,adult,hoạt động nghề nghiệp,Occupation,"Soldiers, đi bộ, 2.8 mph, 10% grade, up to 21.5 kg load","Soldiers, walking, 2.8 mph, 10% grade, up to 21.5 kg load",8.5,MET,3.5,ml/kg/min,vigorous,False,False,False,https://pacompendium.com/occupation
adult_11889,adult,hoạt động nghề nghiệp,Occupation,"Soldiers, đi bộ, 2.8 mph, 15% grade, up to 21.5 kg load","Soldiers, walking, 2.8 mph, 15% grade, up to 21.5 kg load",11.0,MET,3.5,ml/kg/min,vigorous,False,False,False,https://pacompendium.com/occupation
adult_11892,adult,hoạt động nghề nghiệp,Occupation,"Military activities, arterial field preparation, digging defensive positions","Military activities, arterial field preparation, digging defensive positions",6.0,MET,3.5,ml/kg/min,vigorous,False,False,False,https://pacompendium.com/occupation
adult_12010,adult,chạy bộ,Running,Jog/walk combination chạy bộ chậm component of less than 10 minutes) (Taylor Code 180),Jog/walk combination (jogging component of less than 10 minutes) (Taylor Code 180),6.0,MET,3.5,ml/kg/min,vigorous,False,False,False,https://pacompendium.com/running
adult_12020,adult,chạy bộ,Running,"chạy bộ chậm, chung, self-selected tốc độ","Jogging, general, self-selected pace",7.5,MET,3.5,ml/kg/min,vigorous,False,False,False,https://pacompendium.com/running
adult_12025,adult,chạy bộ,Running,"chạy bộ chậm, trong place","Jogging, in place",4.8,MET,3.5,ml/kg/min,moderate,True,False,False,https://pacompendium.com/running
adult_12026,adult,chạy bộ,Running,chạy bộ chậm 2.6 to 3.7 mph,Jogging 2.6 to 3.7 mph,3.3,MET,3.5,ml/kg/min,moderate,True,False,False,https://pacompendium.com/running
adult_12027,adult,chạy bộ,Running,chạy bộ chậm on a mini-tramp,Jogging on a mini-tramp,4.5,MET,3.5,ml/kg/min,moderate,True,False,False,https://pacompendium.com/running
adult_12028,adult,chạy bộ,Running,"chạy bộ, 4 to 4.2 mph (13 min/mile)","Running, 4 to 4.2 mph (13 min/mile)",6.5,MET,3.5,ml/kg/min,vigorous,False,False,False,https://pacompendium.com/running
adult_12029,adult,chạy bộ,Running,chạy bộ 4.3 to 4.8 mph,Running 4.3 to 4.8 mph,7.8,MET,3.5,ml/kg/min,vigorous,False,False,False,https://pacompendium.com/running
adult_12030,adult,chạy bộ,Running,"chạy bộ, 5.0 to 5.2 mph (12 min/mile)","Running, 5.0 to 5.2 mph (12 min/mile)",8.5,MET,3.5,ml/kg/min,vigorous,False,False,False,https://pacompendium.com/running
adult_12045,adult,chạy bộ,Running,"chạy bộ, 5.5 -5.8 mph","Running, 5.5 -5.8 mph",9.0,MET,3.5,ml/kg/min,vigorous,False,False,False,https://pacompendium.com/running
adult_12050,adult,chạy bộ,Running,"chạy bộ, 6-6.3 mph (10 min/mile)","Running, 6-6.3 mph (10 min/mile)",9.3,MET,3.5,ml/kg/min,vigorous,False,False,False,https://pacompendium.com/running
adult_12060,adult,chạy bộ,Running,"chạy bộ, 6.7 mph (9 min/mile)","Running, 6.7 mph (9 min/mile)",10.5,MET,3.5,ml/kg/min,vigorous,False,False,False,https://pacompendium.com/running
adult_12070,adult,chạy bộ,Running,"chạy bộ, 7 mph (8.5 min/mile)","Running, 7 mph (8.5 min/mile)",11.0,MET,3.5,ml/kg/min,vigorous,False,False,False,https://pacompendium.com/running
adult_12080,adult,chạy bộ,Running,"chạy bộ, 7.5 mph (8 min/mile)","Running, 7.5 mph (8 min/mile)",11.8,MET,3.5,ml/kg/min,vigorous,False,False,False,https://pacompendium.com/running
adult_12090,adult,chạy bộ,Running,"chạy bộ, 8 mph (7.5 min/mile)","Running, 8 mph (7.5 min/mile)",12.0,MET,3.5,ml/kg/min,vigorous,False,False,False,https://pacompendium.com/running
adult_12100,adult,chạy bộ,Running,"chạy bộ, 8.6 mph (7 min/mile)","Running, 8.6 mph (7 min/mile)",12.5,MET,3.5,ml/kg/min,vigorous,False,False,False,https://pacompendium.com/running
adult_12110,adult,chạy bộ,Running,"chạy bộ, 9 mph (6.5 min/mile)","Running, 9 mph (6.5 min/mile)",13.0,MET,3.5,ml/kg/min,vigorous,False,False,False,https://pacompendium.com/running
adult_12115,adult,chạy bộ,Running,"chạy bộ, 9.3 to 9.6 mph","Running, 9.3 to 9.6 mph",14.8,MET,3.5,ml/kg/min,vigorous,False,False,False,https://pacompendium.com/running
adult_12120,adult,chạy bộ,Running,"chạy bộ, 10 mph (6 min/mile)","Running, 10 mph (6 min/mile)",14.8,MET,3.5,ml/kg/min,vigorous,False,False,False,https://pacompendium.com/running
adult_12130,adult,chạy bộ,Running,"chạy bộ, 11 mph (5.5 min/mile)","Running, 11 mph (5.5 min/mile)",16.8,MET,3.5,ml/kg/min,vigorous,False,False,False,https://pacompendium.com/running
adult_12132,adult,chạy bộ,Running,"chạy bộ, 12 mph (5.0 min/mile)","Running, 12 mph (5.0 min/mile)",18.5,MET,3.5,ml/kg/min,vigorous,False,False,False,https://pacompendium.com/running
adult_12134,adult,chạy bộ,Running,"chạy bộ, 13 mph (4.6 min/mile)","Running, 13 mph (4.6 min/mile)",19.8,MET,3.5,ml/kg/min,vigorous,False,False,False,https://pacompendium.com/running
adult_12135,adult,chạy bộ,Running,"chạy bộ, 14 mph (4.3 min/mile)","Running, 14 mph (4.3 min/mile)",23.0,MET,3.5,ml/kg/min,vigorous,False,False,False,https://pacompendium.com/running
adult_12140,adult,chạy bộ,Running,"chạy bộ, cross country","Running, cross country",9.3,MET,3.5,ml/kg/min,vigorous,False,False,False,https://pacompendium.com/running
adult_12145,adult,chạy bộ,Running,"chạy bộ, self-selected tốc độ","Running, self-selected pace",10.5,MET,3.5,ml/kg/min,vigorous,False,False,False,https://pacompendium.com/running
adult_12150,adult,chạy bộ,Running,chạy bộ (Taylor Code 200),Running (Taylor Code 200),8.0,MET,3.5,ml/kg/min,vigorous,False,False,False,https://pacompendium.com/running
adult_12170,adult,chạy bộ,Running,"chạy bộ, stairs, up","Running, stairs, up",15.0,MET,3.5,ml/kg/min,vigorous,False,False,False,https://pacompendium.com/running
adult_12180,adult,chạy bộ,Running,"chạy bộ, on a track, team practice","Running, on a track, team practice",10.0,MET,3.5,ml/kg/min,vigorous,False,False,False,https://pacompendium.com/running
adult_12184,adult,chạy bộ,Running,"chạy bộ, on track, 500-1500m, competitive","Running, on track, 500-1500m, competitive",18.0,MET,3.5,ml/kg/min,vigorous,False,False,False,https://pacompendium.com/running
adult_12186,adult,chạy bộ,Running,"chạy bộ, on track, 2000-3000m, competitive","Running, on track, 2000-3000m, competitive",19.3,MET,3.5,ml/kg/min,vigorous,False,False,False,https://pacompendium.com/running
adult_12190,adult,chạy bộ,Running,"chạy bộ, training, đẩy a xe lăn hoặc baby carrier","Running, training, pushing a wheelchair or baby carrier",8.0,MET,3.5,ml/kg/min,vigorous,False,False,False,https://pacompendium.com/running
adult_12200,adult,chạy bộ,Running,"chạy bộ, marathon","Running, marathon",13.3,MET,3.5,ml/kg/min,vigorous,False,False,False,https://pacompendium.com/running
adult_12255,adult,chạy bộ,Running,"chạy bộ lên dốc, 4.5mph, 5% incline","Running uphill, 4.5mph, 5% incline",10.3,MET,3.5,ml/kg/min,vigorous,False,False,False,https://pacompendium.com/running
adult_12260,adult,chạy bộ,Running,"chạy bộ lên dốc, 6.0 mph, 5% incline","Running uphill, 6.0 mph, 5% incline",13.3,MET,3.5,ml/kg/min,vigorous,False,False,False,https://pacompendium.com/running
adult_12265,adult,chạy bộ,Running,"chạy bộ lên dốc, 7.0 mph, 5% incline","Running uphill, 7.0 mph, 5% incline",15.5,MET,3.5,ml/kg/min,vigorous,False,False,False,https://pacompendium.com/running
adult_12325,adult,chạy bộ,Running,"chạy bộ lên dốc, 5.0 to 5.9 mph, 15% incline","Running uphill, 5.0 to 5.9 mph, 15% incline",17.5,MET,3.5,ml/kg/min,vigorous,False,False,False,https://pacompendium.com/running
adult_12335,adult,chạy bộ,Running,"chạy bộ lên dốc, 0.6 to 0.79 mph, 30% incline","Running uphill, 0.6 to 0.79 mph, 30% incline",8.8,MET,3.5,ml/kg/min,vigorous,False,False,False,https://pacompendium.com/running
adult_12337,adult,chạy bộ,Running,"chạy bộ lên dốc, 0.8 to 0.99 mph, 30% incline","Running uphill, 0.8 to 0.99 mph, 30% incline",10.3,MET,3.5,ml/kg/min,vigorous,False,False,False,https://pacompendium.com/running
adult_12339,adult,chạy bộ,Running,"chạy bộ lên dốc, 1.0 to 1.19 mph, 30% incline","Running uphill, 1.0 to 1.19 mph, 30% incline",11.8,MET,3.5,ml/kg/min,vigorous,False,False,False,https://pacompendium.com/running
adult_12341,adult,chạy bộ,Running,"chạy bộ lên dốc, 1.2 to 1.39 mph, 30-40% incline","Running uphill, 1.2 to 1.39 mph, 30-40% incline",13.5,MET,3.5,ml/kg/min,vigorous,False,False,False,https://pacompendium.com/running
adult_12343,adult,chạy bộ,Running,"chạy bộ lên dốc, 1.4 to 1.59 mph, 30% incline","Running uphill, 1.4 to 1.59 mph, 30% incline",14.8,MET,3.5,ml/kg/min,vigorous,False,False,False,https://pacompendium.com/running
adult_12345,adult,chạy bộ,Running,"chạy bộ lên dốc, >1.6mph, 10-30% incline","Running uphill, >1.6mph, 10-30% incline",16.3,MET,3.5,ml/kg/min,vigorous,False,False,False,https://pacompendium.com/running
adult_12350,adult,chạy bộ,Running,"chạy bộ, hilly terrain, ±100m change trong elevation","Running, hilly terrain, ±100m change in elevation",16.0,MET,3.5,ml/kg/min,vigorous,False,False,False,https://pacompendium.com/running
adult_12352,adult,chạy bộ,Running,"chạy bộ xuống dốc, 5.0 to 5.9 mph, -10% to -15%","Running downhill, 5.0 to 5.9 mph, -10% to -15%",5.8,MET,3.5,ml/kg/min,moderate,True,False,False,https://pacompendium.com/running
adult_12353,adult,chạy bộ,Running,"chạy bộ xuống dốc, 6.0 to 6.9 mph, -10% to -15%","Running downhill, 6.0 to 6.9 mph, -10% to -15%",7.5,MET,3.5,ml/kg/min,vigorous,False,False,False,https://pacompendium.com/running
adult_12355,adult,chạy bộ,Running,"chạy bộ xuống dốc, 7.0 to 8.9 mph, -10% to -15%","Running downhill, 7.0 to 8.9 mph, -10% to -15%",9.0,MET,3.5,ml/kg/min,vigorous,False,False,False,https://pacompendium.com/running
adult_12358,adult,chạy bộ,Running,"chạy bộ xuống dốc, 6.0 to 7.9 mph, -3% to -9%","Running downhill, 6.0 to 7.9 mph, -3% to -9%",9.3,MET,3.5,ml/kg/min,vigorous,False,False,False,https://pacompendium.com/running
adult_12361,adult,chạy bộ,Running,"chạy bộ xuống dốc, 8.0 to 10.5 mph, -3% to -9%","Running downhill, 8.0 to 10.5 mph, -3% to -9%",13.8,MET,3.5,ml/kg/min,vigorous,False,False,False,https://pacompendium.com/running
adult_12405,adult,chạy bộ,Running,"Running/jogging, curved treadmill, 3.0 to 3.9 mph","Running/jogging, curved treadmill, 3.0 to 3.9 mph",5.3,MET,3.5,ml/kg/min,moderate,True,False,False,https://pacompendium.com/running
adult_12408,adult,chạy bộ,Running,"Running/jogging, curved treadmill, 4.0 to 4.9 mph","Running/jogging, curved treadmill, 4.0 to 4.9 mph",6.5,MET,3.5,ml/kg/min,vigorous,False,False,False,https://pacompendium.com/running
adult_12410,adult,chạy bộ,Running,"chạy bộ curved treadmill, 5.0 to 5.9 mph","Running curved treadmill, 5.0 to 5.9 mph",11.0,MET,3.5,ml/kg/min,vigorous,False,False,False,https://pacompendium.com/running
adult_12412,adult,chạy bộ,Running,"chạy bộ curved treadmill, 7.0 to 7.9 mph","Running curved treadmill, 7.0 to 7.9 mph",12.0,MET,3.5,ml/kg/min,vigorous,False,False,False,https://pacompendium.com/running
adult_12414,adult,chạy bộ,Running,"chạy bộ curved treadmill, 8.0 to 8.9 mph","Running curved treadmill, 8.0 to 8.9 mph",14.0,MET,3.5,ml/kg/min,vigorous,False,False,False,https://pacompendium.com/running
adult_12416,adult,chạy bộ,Running,"chạy bộ curved treadmill, 9.0 to 9.9 mph","Running curved treadmill, 9.0 to 9.9 mph",16.8,MET,3.5,ml/kg/min,vigorous,False,False,False,https://pacompendium.com/running
adult_12508,adult,chạy bộ,Running,"chạy bộ, 5.0 – 5.9 mph, 1.0 to 3.0 kg backpack","Running, 5.0 – 5.9 mph, 1.0 to 3.0 kg backpack",8.5,MET,3.5,ml/kg/min,vigorous,False,False,False,https://pacompendium.com/running
adult_12510,adult,chạy bộ,Running,"chạy bộ, 6.0 – 6.9 mph, 1.0 to 3.0 kg backpack","Running, 6.0 – 6.9 mph, 1.0 to 3.0 kg backpack",9.5,MET,3.5,ml/kg/min,vigorous,False,False,False,https://pacompendium.com/running
adult_12512,adult,chạy bộ,Running,"chạy bộ, 7.0 – 7.9 mph, 1.0 to 3.0 kg backpack","Running, 7.0 – 7.9 mph, 1.0 to 3.0 kg backpack",9.8,MET,3.5,ml/kg/min,vigorous,False,False,False,https://pacompendium.com/running
adult_12514,adult,chạy bộ,Running,"chạy bộ, 8.0 – 8.9 mph, 1.0 to 3.0 kg backpack","Running, 8.0 – 8.9 mph, 1.0 to 3.0 kg backpack",12.0,MET,3.5,ml/kg/min,vigorous,False,False,False,https://pacompendium.com/running
adult_12555,adult,chạy bộ,Running,"chạy bộ, barefoot, 3.5-5.9 mph","Running, barefoot, 3.5-5.9 mph",7.8,MET,3.5,ml/kg/min,vigorous,False,False,False,https://pacompendium.com/running
adult_12560,adult,chạy bộ,Running,"chạy bộ, barefoot, 6.0-7.9 mph","Running, barefoot, 6.0-7.9 mph",12.0,MET,3.5,ml/kg/min,vigorous,False,False,False,https://pacompendium.com/running
adult_12565,adult,chạy bộ,Running,"chạy bộ, barefoot, 8.0-8.9 mph","Running, barefoot, 8.0-8.9 mph",13.5,MET,3.5,ml/kg/min,vigorous,False,False,False,https://pacompendium.com/running
adult_12585,adult,chạy bộ,Running,"chạy bộ, chạy bộ chậm stroller, indoors, 5 mph","Running, jogging stroller, indoors, 5 mph",8.0,MET,3.5,ml/kg/min,vigorous,False,False,False,https://pacompendium.com/running
adult_12588,adult,chạy bộ,Running,"chạy bộ, chạy bộ chậm stroller, indoors, 6 mph","Running, jogging stroller, indoors, 6 mph",9.0,MET,3.5,ml/kg/min,vigorous,False,False,False,https://pacompendium.com/running
adult_12593,adult,chạy bộ,Running,"chạy bộ, chạy bộ chậm stroller, outdoors, 5 mph","Running, jogging stroller, outdoors, 5 mph",10.0,MET,3.5,ml/kg/min,vigorous,False,False,False,https://pacompendium.com/running
adult_12595,adult,chạy bộ,Running,"chạy bộ, chạy bộ chậm stroller, outdoors, 6 mph","Running, jogging stroller, outdoors, 6 mph",11.5,MET,3.5,ml/kg/min,vigorous,False,False,False,https://pacompendium.com/running
adult_12600,adult,chạy bộ,Running,"Skipping, 5.5-6.0 mph","Skipping, 5.5-6.0 mph",11.5,MET,3.5,ml/kg/min,vigorous,False,False,False,https://pacompendium.com/running
adult_12620,adult,chạy bộ,Running,"Triathlon, chạy bộ","Triathlon, Running",13.0,MET,3.5,ml/kg/min,vigorous,False,False,False,https://pacompendium.com/running
adult_13000,adult,tự chăm sóc,Self Care,"Getting ready cho bed, chung, đứng","Getting ready for bed, general, standing",2.3,MET,3.5,ml/kg/min,light,True,False,False,https://pacompendium.com/self-care
adult_13009,adult,tự chăm sóc,Self Care,"ngồi on toilet, eliminating while đứng hoặc squatting","Sitting on toilet, eliminating while standing or squatting",2.3,MET,3.5,ml/kg/min,light,True,False,False,https://pacompendium.com/self-care
adult_13010,adult,tự chăm sóc,Self Care,"Bathing, ngồi","Bathing, sitting",1.5,MET,3.5,ml/kg/min,sedentary,True,False,False,https://pacompendium.com/self-care
adult_13020,adult,tự chăm sóc,Self Care,"Dressing, undressing, đứng hoặc ngồi","Dressing, undressing, standing or sitting",2.8,MET,3.5,ml/kg/min,light,True,False,False,https://pacompendium.com/self-care
adult_13030,adult,tự chăm sóc,Self Care,"Eating, ngồi","Eating, sitting",1.5,MET,3.5,ml/kg/min,sedentary,True,False,False,https://pacompendium.com/self-care
adult_13035,adult,tự chăm sóc,Self Care,"Talking và eating hoặc eating only, đứng","Talking and eating or eating only, standing",2.0,MET,3.5,ml/kg/min,light,True,False,False,https://pacompendium.com/self-care
adult_13036,adult,tự chăm sóc,Self Care,"Taking medication, ngồi hoặc đứng","Taking medication, sitting or standing",1.5,MET,3.5,ml/kg/min,sedentary,True,False,False,https://pacompendium.com/self-care
adult_13040,adult,tự chăm sóc,Self Care,"Grooming, washing hands, shaving, brushing teeth, putting on make-up, ngồi hoặc đứng","Grooming, washing hands, shaving, brushing teeth, putting on make-up, sitting or standing",2.0,MET,3.5,ml/kg/min,light,True,False,False,https://pacompendium.com/self-care
adult_13045,adult,tự chăm sóc,Self Care,"Hairstyling, đứng","Hairstyling, standing",2.5,MET,3.5,ml/kg/min,light,True,False,False,https://pacompendium.com/self-care
adult_13046,adult,tự chăm sóc,Self Care,"Having hair hoặc nails done by someone else, ngồi","Having hair or nails done by someone else, sitting",1.3,MET,3.5,ml/kg/min,sedentary,True,False,False,https://pacompendium.com/self-care
adult_13050,adult,tự chăm sóc,Self Care,"Showering, toweling off, đứng","Showering, toweling off, standing",2.0,MET,3.5,ml/kg/min,light,True,False,False,https://pacompendium.com/self-care
adult_14010,adult,hoạt động tình dục,Sexual Activity,"Active, mạnh nỗ lực","Active, vigorous effort",5.8,MET,3.5,ml/kg/min,moderate,True,False,False,https://pacompendium.com/sexual-activity
adult_14020,adult,hoạt động tình dục,Sexual Activity,"chung, vừa nỗ lực","General, moderate effort",3.0,MET,3.5,ml/kg/min,moderate,True,False,False,https://pacompendium.com/sexual-activity
adult_14030,adult,hoạt động tình dục,Sexual Activity,"Passive, nhẹ nỗ lực, kissing, hugging","Passive, light effort, kissing, hugging",1.8,MET,3.5,ml/kg/min,light,True,False,False,https://pacompendium.com/sexual-activity
adult_15000,adult,thể thao,Sports,"Alaska Native Games, Eskimo Olympics, chung","Alaska Native Games, Eskimo Olympics, general",5.5,MET,3.5,ml/kg/min,moderate,True,False,False,https://pacompendium.com/sports
adult_15010,adult,thể thao,Sports,Archery (non-hunting),Archery (non-hunting),4.3,MET,3.5,ml/kg/min,moderate,True,False,False,https://pacompendium.com/sports
adult_15020,adult,thể thao,Sports,"Badminton, competitive (Taylor Code 450)","Badminton, competitive (Taylor Code 450)",7.0,MET,3.5,ml/kg/min,vigorous,False,False,False,https://pacompendium.com/sports
adult_15025,adult,thể thao,Sports,"Badminton, competitive, match play","Badminton, competitive, match play",9.0,MET,3.5,ml/kg/min,vigorous,False,False,False,https://pacompendium.com/sports
adult_15030,adult,thể thao,Sports,"Badminton, social singles và doubles, chung","Badminton, social singles and doubles, general",5.5,MET,3.5,ml/kg/min,moderate,True,False,False,https://pacompendium.com/sports
adult_15040,adult,thể thao,Sports,"Basketball, game (Taylor Code 490)","Basketball, game (Taylor Code 490)",8.0,MET,3.5,ml/kg/min,vigorous,False,False,False,https://pacompendium.com/sports
adult_15050,adult,thể thao,Sports,"Basketball, non-game, chung (Taylor Code 480)","Basketball, non-game, general (Taylor Code 480)",6.0,MET,3.5,ml/kg/min,vigorous,False,False,False,https://pacompendium.com/sports
adult_15055,adult,thể thao,Sports,"Basketball, chung","Basketball, general",7.5,MET,3.5,ml/kg/min,vigorous,False,False,False,https://pacompendium.com/sports
adult_15060,adult,thể thao,Sports,"Basketball, officiating (Taylor Code 500)","Basketball, officiating (Taylor Code 500)",7.0,MET,3.5,ml/kg/min,vigorous,False,False,False,https://pacompendium.com/sports
adult_15062,adult,thể thao,Sports,"Basketball, officiating","Basketball, officiating",5.8,MET,3.5,ml/kg/min,moderate,True,False,False,https://pacompendium.com/sports
adult_15070,adult,thể thao,Sports,"Basketball, shooting baskets","Basketball, shooting baskets",5.0,MET,3.5,ml/kg/min,moderate,True,False,False,https://pacompendium.com/sports
adult_15072,adult,thể thao,Sports,"Basketball, drills, practice","Basketball, drills, practice",9.3,MET,3.5,ml/kg/min,vigorous,False,False,False,https://pacompendium.com/sports
adult_15080,adult,thể thao,Sports,Billiards,Billiards,2.5,MET,3.5,ml/kg/min,light,True,False,False,https://pacompendium.com/sports
adult_15090,adult,thể thao,Sports,Bowling (Taylor Code 390),Bowling (Taylor Code 390),3.0,MET,3.5,ml/kg/min,moderate,True,False,False,https://pacompendium.com/sports
adult_15092,adult,thể thao,Sports,"Bowling, indoor, bowling alley","Bowling, indoor, bowling alley",3.8,MET,3.5,ml/kg/min,moderate,True,False,False,https://pacompendium.com/sports
adult_15100,adult,thể thao,Sports,"Boxing, trong ring, chung","Boxing, in ring, general",12.3,MET,3.5,ml/kg/min,vigorous,False,False,False,https://pacompendium.com/sports
adult_15110,adult,thể thao,Sports,"Boxing, punching bag","Boxing, punching bag",5.8,MET,3.5,ml/kg/min,moderate,True,False,False,https://pacompendium.com/sports
adult_15113,adult,thể thao,Sports,"Boxing, punching bag, 60 b/min","Boxing, punching bag, 60 b/min",7.0,MET,3.5,ml/kg/min,vigorous,False,False,False,https://pacompendium.com/sports
adult_15115,adult,thể thao,Sports,"Boxing, punching bag, 120 b/min","Boxing, punching bag, 120 b/min",8.5,MET,3.5,ml/kg/min,vigorous,False,False,False,https://pacompendium.com/sports
adult_15118,adult,thể thao,Sports,"Boxing, punching bag, 180 b/min","Boxing, punching bag, 180 b/min",10.8,MET,3.5,ml/kg/min,vigorous,False,False,False,https://pacompendium.com/sports
adult_15120,adult,thể thao,Sports,"Boxing, sparring","Boxing, sparring",7.8,MET,3.5,ml/kg/min,vigorous,False,False,False,https://pacompendium.com/sports
adult_15125,adult,thể thao,Sports,"Boxing, simulated boxing round, exercise","Boxing, simulated boxing round, exercise",9.3,MET,3.5,ml/kg/min,vigorous,False,False,False,https://pacompendium.com/sports
adult_15130,adult,thể thao,Sports,Broomball,Broomball,7.0,MET,3.5,ml/kg/min,vigorous,False,False,False,https://pacompendium.com/sports
adult_15135,adult,thể thao,Sports,"Children’s games, adults playing (e.g., hopscotch, 4-square, dodge ball, playground apparatus, t-ball, tetherball, marbles, jacks, arcade games), vừa nỗ lực","Children’s games, adults playing (e.g., hopscotch, 4-square, dodge ball, playground apparatus, t-ball, tetherball, marbles, jacks, arcade games), moderate effort",5.8,MET,3.5,ml/kg/min,moderate,True,False,False,https://pacompendium.com/sports
adult_15138,adult,thể thao,Sports,"Cheerleading, gymnastic moves, competitive","Cheerleading, gymnastic moves, competitive",6.0,MET,3.5,ml/kg/min,vigorous,False,False,False,https://pacompendium.com/sports
adult_15140,adult,thể thao,Sports,"Coaching, football, soccer, basketball, baseball, bơi lội, etc.","Coaching, football, soccer, basketball, baseball, swimming, etc.",4.0,MET,3.5,ml/kg/min,moderate,True,False,False,https://pacompendium.com/sports
adult_15142,adult,thể thao,Sports,"Coaching, actively playing sport với players","Coaching, actively playing sport with players",8.0,MET,3.5,ml/kg/min,vigorous,False,False,False,https://pacompendium.com/sports
adult_15150,adult,thể thao,Sports,"Cricket, batting, bowling, fielding","Cricket, batting, bowling, fielding",4.8,MET,3.5,ml/kg/min,moderate,True,False,False,https://pacompendium.com/sports
adult_15160,adult,thể thao,Sports,Croquet,Croquet,3.3,MET,3.5,ml/kg/min,moderate,True,False,False,https://pacompendium.com/sports
adult_15170,adult,thể thao,Sports,Curling,Curling,4.0,MET,3.5,ml/kg/min,moderate,True,False,False,https://pacompendium.com/sports
adult_15180,adult,thể thao,Sports,"Darts, wall hoặc vườn","Darts, wall or lawn",2.5,MET,3.5,ml/kg/min,light,True,False,False,https://pacompendium.com/sports
adult_15190,adult,thể thao,Sports,"Drag racing, đẩy hoặc driving a car","Drag racing, pushing or driving a car",6.0,MET,3.5,ml/kg/min,vigorous,False,False,False,https://pacompendium.com/sports
adult_15192,adult,thể thao,Sports,"Auto racing, open wheel","Auto racing, open wheel",8.5,MET,3.5,ml/kg/min,vigorous,False,False,False,https://pacompendium.com/sports
adult_15195,adult,thể thao,Sports,Futsal,Futsal,7.8,MET,3.5,ml/kg/min,vigorous,False,False,False,https://pacompendium.com/sports
adult_15200,adult,thể thao,Sports,"Fencing, chung","Fencing, general",6.0,MET,3.5,ml/kg/min,vigorous,False,False,False,https://pacompendium.com/sports
adult_15203,adult,thể thao,Sports,"Fencing, epee, competitive","Fencing, epee, competitive",9.8,MET,3.5,ml/kg/min,vigorous,False,False,False,https://pacompendium.com/sports
adult_15205,adult,thể thao,Sports,Floorball,Floorball,10.5,MET,3.5,ml/kg/min,vigorous,False,False,False,https://pacompendium.com/sports
adult_15210,adult,thể thao,Sports,"Football, competitive","Football, competitive",8.0,MET,3.5,ml/kg/min,vigorous,False,False,False,https://pacompendium.com/sports
adult_15230,adult,thể thao,Sports,"Football, touch, flag, chung (Taylor Code 510)","Football, touch, flag, general (Taylor Code 510)",8.0,MET,3.5,ml/kg/min,vigorous,False,False,False,https://pacompendium.com/sports
adult_15232,adult,thể thao,Sports,"Football, touch, flag, nhẹ nỗ lực","Football, touch, flag, light effort",4.0,MET,3.5,ml/kg/min,moderate,True,False,False,https://pacompendium.com/sports
adult_15235,adult,thể thao,Sports,"Football hoặc baseball, playing catch","Football or baseball, playing catch",2.5,MET,3.5,ml/kg/min,light,True,False,False,https://pacompendium.com/sports
adult_15240,adult,thể thao,Sports,"Frisbee playing, chung","Frisbee playing, general",3.0,MET,3.5,ml/kg/min,moderate,True,False,False,https://pacompendium.com/sports
adult_15250,adult,thể thao,Sports,"Frisbee, ultimate","Frisbee, ultimate",8.0,MET,3.5,ml/kg/min,vigorous,False,False,False,https://pacompendium.com/sports
adult_15252,adult,thể thao,Sports,Frisbee golf,Frisbee golf,3.8,MET,3.5,ml/kg/min,moderate,True,False,False,https://pacompendium.com/sports
adult_15255,adult,thể thao,Sports,"Golf, chung","Golf, general",4.5,MET,3.5,ml/kg/min,moderate,True,False,False,https://pacompendium.com/sports
adult_15265,adult,thể thao,Sports,"Golf, đi bộ, mang vác clubs","Golf, walking, carrying clubs",4.3,MET,3.5,ml/kg/min,moderate,True,False,False,https://pacompendium.com/sports
adult_15270,adult,thể thao,Sports,"Golf, miniature, driving range","Golf, miniature, driving range",3.5,MET,3.5,ml/kg/min,moderate,True,False,False,https://pacompendium.com/sports
adult_15285,adult,thể thao,Sports,"Golf, đi bộ, kéo clubs","Golf, walking, pulling clubs",4.5,MET,3.5,ml/kg/min,moderate,True,False,False,https://pacompendium.com/sports
adult_15290,adult,thể thao,Sports,"Golf, using power cart (Taylor Code 070)","Golf, using power cart (Taylor Code 070)",3.5,MET,3.5,ml/kg/min,moderate,True,False,False,https://pacompendium.com/sports
adult_15300,adult,thể thao,Sports,"Gymnastics, chung","Gymnastics, general",3.8,MET,3.5,ml/kg/min,moderate,True,False,False,https://pacompendium.com/sports
adult_15310,adult,thể thao,Sports,Hacky sack,Hacky sack,4.0,MET,3.5,ml/kg/min,moderate,True,False,False,https://pacompendium.com/sports
adult_15320,adult,thể thao,Sports,"Handball, chung (Taylor Code 520)","Handball, general (Taylor Code 520)",12.0,MET,3.5,ml/kg/min,vigorous,False,False,False,https://pacompendium.com/sports
adult_15330,adult,thể thao,Sports,"Handball, team","Handball, team",8.0,MET,3.5,ml/kg/min,vigorous,False,False,False,https://pacompendium.com/sports
adult_15335,adult,thể thao,Sports,"High ropes course, multiple elements","High ropes course, multiple elements",4.0,MET,3.5,ml/kg/min,moderate,True,False,False,https://pacompendium.com/sports
adult_15340,adult,thể thao,Sports,Hang gliding,Hang gliding,3.5,MET,3.5,ml/kg/min,moderate,True,False,False,https://pacompendium.com/sports
adult_15350,adult,thể thao,Sports,"Hockey, field","Hockey, field",7.8,MET,3.5,ml/kg/min,vigorous,False,False,False,https://pacompendium.com/sports
adult_15360,adult,thể thao,Sports,"Hockey, ice, chung","Hockey, ice, general",8.0,MET,3.5,ml/kg/min,vigorous,False,False,False,https://pacompendium.com/sports
adult_15362,adult,thể thao,Sports,"Hockey, ice, competitive","Hockey, ice, competitive",10.0,MET,3.5,ml/kg/min,vigorous,False,False,False,https://pacompendium.com/sports
adult_15370,adult,thể thao,Sports,"Horseback riding, chung","Horseback riding, general",5.5,MET,3.5,ml/kg/min,moderate,True,False,False,https://pacompendium.com/sports
adult_15380,adult,thể thao,Sports,"Horse grooming, maintenance, saddling tasks","Horse grooming, maintenance, saddling tasks",4.5,MET,3.5,ml/kg/min,moderate,True,False,False,https://pacompendium.com/sports
adult_15390,adult,thể thao,Sports,"Horseback riding, trotting","Horseback riding, trotting",5.8,MET,3.5,ml/kg/min,moderate,True,False,False,https://pacompendium.com/sports
adult_15395,adult,thể thao,Sports,"Horseback riding, canter hoặc gallop","Horseback riding, canter or gallop",7.3,MET,3.5,ml/kg/min,vigorous,False,False,False,https://pacompendium.com/sports
adult_15400,adult,thể thao,Sports,"Horseback riding, đi bộ","Horseback riding, walking",3.8,MET,3.5,ml/kg/min,moderate,True,False,False,https://pacompendium.com/sports
adult_15402,adult,thể thao,Sports,"Horseback riding, nhảy","Horseback riding, jumping",9.0,MET,3.5,ml/kg/min,vigorous,False,False,False,https://pacompendium.com/sports
adult_15403,adult,thể thao,Sports,"Horseback riding, reining","Horseback riding, reining",6.0,MET,3.5,ml/kg/min,vigorous,False,False,False,https://pacompendium.com/sports
adult_15406,adult,thể thao,Sports,"Horseback riding, simulator","Horseback riding, simulator",2.1,MET,3.5,ml/kg/min,light,True,False,False,https://pacompendium.com/sports
adult_15408,adult,thể thao,Sports,"Horse cart, driving, đứng hoặc ngồi","Horse cart, driving, standing or sitting",1.8,MET,3.5,ml/kg/min,light,True,False,False,https://pacompendium.com/sports
adult_15410,adult,thể thao,Sports,"Horseshoe pitching, quoits","Horseshoe pitching, quoits",3.0,MET,3.5,ml/kg/min,moderate,True,False,False,https://pacompendium.com/sports
adult_15420,adult,thể thao,Sports,Jai alai,Jai alai,12.0,MET,3.5,ml/kg/min,vigorous,False,False,False,https://pacompendium.com/sports
adult_15425,adult,thể thao,Sports,"Martial Arts, different types, slower tốc độ, novice performers, practice","Martial Arts, different types, slower pace, novice performers, practice",5.3,MET,3.5,ml/kg/min,moderate,True,False,False,https://pacompendium.com/sports
adult_15430,adult,thể thao,Sports,"Martial Arts, different types, vừa tốc độ (e.g., judo, jujitsu, karate, kick boxing, tae kwon do, tai-bo, Muay Thai boxing)","Martial Arts, different types, moderate pace (e.g., judo, jujitsu, karate, kick boxing, tae kwon do, tai-bo, Muay Thai boxing)",10.3,MET,3.5,ml/kg/min,vigorous,False,False,False,https://pacompendium.com/sports
adult_15432,adult,thể thao,Sports,"Taekwondo, combat simulation","Taekwondo, combat simulation",14.3,MET,3.5,ml/kg/min,vigorous,False,False,False,https://pacompendium.com/sports
adult_15433,adult,thể thao,Sports,Judo,Judo,11.3,MET,3.5,ml/kg/min,vigorous,False,False,False,https://pacompendium.com/sports
adult_15440,adult,thể thao,Sports,Juggling,Juggling,4.0,MET,3.5,ml/kg/min,moderate,True,False,False,https://pacompendium.com/sports
adult_15444,adult,thể thao,Sports,"Kendo, kihon-keiko style, vừa intensity","Kendo, kihon-keiko style, moderate intensity",6.5,MET,3.5,ml/kg/min,vigorous,False,False,False,https://pacompendium.com/sports
adult_15445,adult,thể thao,Sports,"Kendo, kirikaeshi style, high intensity","Kendo, kirikaeshi style, high intensity",9.6,MET,3.5,ml/kg/min,vigorous,False,False,False,https://pacompendium.com/sports
adult_15446,adult,thể thao,Sports,"Kendo, kakari keiko style, very high intensity","Kendo, kakari keiko style, very high intensity",11.3,MET,3.5,ml/kg/min,vigorous,False,False,False,https://pacompendium.com/sports
adult_15450,adult,thể thao,Sports,Kickball,Kickball,7.0,MET,3.5,ml/kg/min,vigorous,False,False,False,https://pacompendium.com/sports
adult_15455,adult,thể thao,Sports,Kung Fu Gymnastics,Kung Fu Gymnastics,5.5,MET,3.5,ml/kg/min,moderate,True,False,False,https://pacompendium.com/sports
adult_15457,adult,thể thao,Sports,Kickboxing,Kickboxing,7.3,MET,3.5,ml/kg/min,vigorous,False,False,False,https://pacompendium.com/sports
adult_15460,adult,thể thao,Sports,Lacrosse,Lacrosse,8.0,MET,3.5,ml/kg/min,vigorous,False,False,False,https://pacompendium.com/sports
adult_15465,adult,thể thao,Sports,"vườn bowling, bocce ball, outdoor","Lawn bowling, bocce ball, outdoor",3.3,MET,3.5,ml/kg/min,moderate,True,False,False,https://pacompendium.com/sports
adult_15470,adult,thể thao,Sports,"Motocross, off-road motor thể thao, all-terrain vehicle, chung","Motocross, off-road motor sports, all-terrain vehicle, general",4.0,MET,3.5,ml/kg/min,moderate,True,False,False,https://pacompendium.com/sports
adult_15475,adult,thể thao,Sports,"Motorcycle racing, Supormoto racing","Motorcycle racing, Supormoto racing",5.3,MET,3.5,ml/kg/min,moderate,True,False,False,https://pacompendium.com/sports
adult_15477,adult,thể thao,Sports,Netball,Netball,7.0,MET,3.5,ml/kg/min,vigorous,False,False,False,https://pacompendium.com/sports
adult_15480,adult,thể thao,Sports,Orienteering,Orienteering,9.0,MET,3.5,ml/kg/min,vigorous,False,False,False,https://pacompendium.com/sports
adult_15490,adult,thể thao,Sports,"Paddleball, competitive","Paddleball, competitive",10.0,MET,3.5,ml/kg/min,vigorous,False,False,False,https://pacompendium.com/sports
adult_15500,adult,thể thao,Sports,"Paddleball, casual, chung (Taylor Code 460)","Paddleball, casual, general (Taylor Code 460)",6.0,MET,3.5,ml/kg/min,vigorous,False,False,False,https://pacompendium.com/sports
adult_15503,adult,thể thao,Sports,"Paragliding, vừa altitude","Paragliding, moderate altitude",1.8,MET,3.5,ml/kg/min,light,True,False,False,https://pacompendium.com/sports
adult_15506,adult,thể thao,Sports,Prusik leo núi,Prusik climbing,6.5,MET,3.5,ml/kg/min,vigorous,False,False,False,https://pacompendium.com/sports
adult_15510,adult,thể thao,Sports,"Polo, on horseback","Polo, on horseback",8.0,MET,3.5,ml/kg/min,vigorous,False,False,False,https://pacompendium.com/sports
adult_15520,adult,thể thao,Sports,"Racquetball, competitive","Racquetball, competitive",10.0,MET,3.5,ml/kg/min,vigorous,False,False,False,https://pacompendium.com/sports
adult_15525,adult,thể thao,Sports,"Race đi bộ, 3.1 m/s (6.9 mph)","Race Walking, 3.1 m/s (6.9 mph)",10.3,MET,3.5,ml/kg/min,vigorous,False,False,False,https://pacompendium.com/sports
adult_15527,adult,thể thao,Sports,"Race đi bộ, 3.7 m/s (8.3 mph)","Race Walking, 3.7 m/s (8.3 mph)",13.8,MET,3.5,ml/kg/min,vigorous,False,False,False,https://pacompendium.com/sports
adult_15528,adult,thể thao,Sports,"Race đi bộ, racing tốc độ, 4.0 m/s (8.95 mph)","Race Walking, racing speed, 4.0 m/s (8.95 mph)",15.5,MET,3.5,ml/kg/min,vigorous,False,False,False,https://pacompendium.com/sports
adult_15530,adult,thể thao,Sports,"Racquetball, chung (Taylor Code 470)","Racquetball, general (Taylor Code 470)",7.0,MET,3.5,ml/kg/min,vigorous,False,False,False,https://pacompendium.com/sports
adult_15533,adult,thể thao,Sports,"Rock hoặc mountain leo núi (Taylor Code 060), (formerly code 17120)","Rock or mountain climbing (Taylor Code 060), (formerly code 17120)",8.0,MET,3.5,ml/kg/min,vigorous,False,False,False,https://pacompendium.com/sports
adult_15534,adult,thể thao,Sports,"Rock leo núi, free boulder","Rock climbing, free boulder",8.8,MET,3.5,ml/kg/min,vigorous,False,False,False,https://pacompendium.com/sports
adult_15535,adult,thể thao,Sports,"Rock leo núi, ascending rock, high difficulty","Rock climbing, ascending rock, high difficulty",7.3,MET,3.5,ml/kg/min,vigorous,False,False,False,https://pacompendium.com/sports
adult_15536,adult,thể thao,Sports,"Rock leo núi, tốc độ leo núi, very difficult","Rock climbing, speed climbing, very difficult",10.5,MET,3.5,ml/kg/min,vigorous,False,False,False,https://pacompendium.com/sports
adult_15537,adult,thể thao,Sports,"Rock leo núi, ascending hoặc traversing rock, low-to-moderate difficulty","Rock climbing, ascending or traversing rock, low-to-moderate difficulty",5.8,MET,3.5,ml/kg/min,moderate,True,False,False,https://pacompendium.com/sports
adult_15538,adult,thể thao,Sports,"Rock leo núi, treadwall, 4-6 m/min","Rock climbing, treadwall, 4-6 m/min",10.5,MET,3.5,ml/kg/min,vigorous,False,False,False,https://pacompendium.com/sports
adult_15539,adult,thể thao,Sports,"Rock leo núi, treadwall, 7-10 m/min","Rock climbing, treadwall, 7-10 m/min",10.5,MET,3.5,ml/kg/min,vigorous,False,False,False,https://pacompendium.com/sports
adult_15540,adult,thể thao,Sports,"Rock leo núi, rappelling,","Rock climbing, rappelling,",5.0,MET,3.5,ml/kg/min,moderate,True,False,False,https://pacompendium.com/sports
adult_15542,adult,thể thao,Sports,"Rodeo thể thao, chung, nhẹ nỗ lực","Rodeo sports, general, light effort",4.0,MET,3.5,ml/kg/min,moderate,True,False,False,https://pacompendium.com/sports
adult_15544,adult,thể thao,Sports,"Rodeo thể thao, chung, vừa nỗ lực","Rodeo sports, general, moderate effort",5.5,MET,3.5,ml/kg/min,moderate,True,False,False,https://pacompendium.com/sports
adult_15546,adult,thể thao,Sports,"Rodeo thể thao, chung, mạnh nỗ lực","Rodeo sports, general, vigorous effort",7.0,MET,3.5,ml/kg/min,vigorous,False,False,False,https://pacompendium.com/sports
adult_15550,adult,thể thao,Sports,"Rope nhảy, nhanh tốc độ, 120-160 skips/min","Rope jumping, fast pace, 120-160 skips/min",12.3,MET,3.5,ml/kg/min,vigorous,False,False,False,https://pacompendium.com/sports
adult_15551,adult,thể thao,Sports,"Rope nhảy, vừa tốc độ, chung, 100 to 120 skips/min, 2 foot skip, plain bounce","Rope jumping, moderate pace, general, 100 to 120 skips/min, 2 foot skip, plain bounce",11.8,MET,3.5,ml/kg/min,vigorous,False,False,False,https://pacompendium.com/sports
adult_15552,adult,thể thao,Sports,"Rope nhảy, chậm tốc độ, < 100 skips/min, 2 foot skip, rhythm bounce","Rope jumping, slow pace, < 100 skips/min, 2 foot skip, rhythm bounce",8.3,MET,3.5,ml/kg/min,vigorous,False,False,False,https://pacompendium.com/sports
adult_15554,adult,thể thao,Sports,"Rope nhảy, double under hoặc more","Rope jumping, double under or more",10.0,MET,3.5,ml/kg/min,vigorous,False,False,False,https://pacompendium.com/sports
adult_15560,adult,thể thao,Sports,"Rugby, union, team, competitive","Rugby, union, team, competitive",8.3,MET,3.5,ml/kg/min,vigorous,False,False,False,https://pacompendium.com/sports
adult_15562,adult,thể thao,Sports,"Rugby, touch, non-competitive","Rugby, touch, non-competitive",6.3,MET,3.5,ml/kg/min,vigorous,False,False,False,https://pacompendium.com/sports
adult_15570,adult,thể thao,Sports,Shuffleboard,Shuffleboard,3.0,MET,3.5,ml/kg/min,moderate,True,False,False,https://pacompendium.com/sports
adult_15580,adult,thể thao,Sports,"Skateboarding, chung, vừa nỗ lực","Skateboarding, general, moderate effort",5.0,MET,3.5,ml/kg/min,moderate,True,False,False,https://pacompendium.com/sports
adult_15582,adult,thể thao,Sports,"Skateboarding, competitive, mạnh nỗ lực","Skateboarding, competitive, vigorous effort",6.0,MET,3.5,ml/kg/min,vigorous,False,False,False,https://pacompendium.com/sports
adult_15590,adult,thể thao,Sports,"Skating, roller (Taylor Code 360)","Skating, roller (Taylor Code 360)",7.0,MET,3.5,ml/kg/min,vigorous,False,False,False,https://pacompendium.com/sports
adult_15591,adult,thể thao,Sports,"Roller blading, in-line skating, 14.4 km/h (9.0 mph), recreational tốc độ","Roller blading, in-line skating, 14.4 km/h (9.0 mph), recreational pace",7.5,MET,3.5,ml/kg/min,vigorous,False,False,False,https://pacompendium.com/sports
adult_15592,adult,thể thao,Sports,"Roller blading, in-line skating, 17.7 km/h (11.0 mph), vừa tốc độ, exercise training","Roller blading, in-line skating, 17.7 km/h (11.0 mph), moderate pace, exercise training",9.8,MET,3.5,ml/kg/min,vigorous,False,False,False,https://pacompendium.com/sports
adult_15593,adult,thể thao,Sports,"Roller blading, in-line skating, 21.0 to 21.7 km/h (13.0 to 13.6 mph), nhanh tốc độ, exercise training","Roller blading, in-line skating, 21.0 to 21.7 km/h (13.0 to 13.6 mph), fast pace, exercise training",12.3,MET,3.5,ml/kg/min,vigorous,False,False,False,https://pacompendium.com/sports
adult_15594,adult,thể thao,Sports,"Rollerblading, in-line skating, 24.0 km/h (15.0 mph), maximal nỗ lực","Rollerblading, in-line skating, 24.0 km/h (15.0 mph), maximal effort",15.5,MET,3.5,ml/kg/min,vigorous,False,False,False,https://pacompendium.com/sports
adult_15595,adult,thể thao,Sports,"Skateboard, longboard, 13.3 km/h, chậm tốc độ","Skateboard, longboard, 13.3 km/h, slow speed",6.8,MET,3.5,ml/kg/min,vigorous,False,False,False,https://pacompendium.com/sports
adult_15596,adult,thể thao,Sports,"Skateboard, longboard, 16.2 km/h, typical tốc độ","Skateboard, longboard, 16.2 km/h, typical speed",8.3,MET,3.5,ml/kg/min,vigorous,False,False,False,https://pacompendium.com/sports
adult_15597,adult,thể thao,Sports,"Skateboard, longboard, 18.4 km/h, nhanh tốc độ","Skateboard, longboard, 18.4 km/h, fast speed",10.5,MET,3.5,ml/kg/min,vigorous,False,False,False,https://pacompendium.com/sports
adult_15600,adult,thể thao,Sports,"Skydiving, base-jumping, bungee nhảy","Skydiving, base-jumping, bungee jumping",3.5,MET,3.5,ml/kg/min,moderate,True,False,False,https://pacompendium.com/sports
adult_15605,adult,thể thao,Sports,"Soccer, competitive","Soccer, competitive",9.5,MET,3.5,ml/kg/min,vigorous,False,False,False,https://pacompendium.com/sports
adult_15610,adult,thể thao,Sports,"Soccer, casual, chung (Taylor Code 540)","Soccer, casual, general (Taylor Code 540)",7.0,MET,3.5,ml/kg/min,vigorous,False,False,False,https://pacompendium.com/sports
adult_15615,adult,thể thao,Sports,đi bộ football/soccer,Walking football/soccer,3.5,MET,3.5,ml/kg/min,moderate,True,False,False,https://pacompendium.com/sports
adult_15620,adult,thể thao,Sports,"Softball hoặc baseball, nhanh hoặc chậm pitch, chung, vừa nỗ lực (Taylor Code 440)","Softball or baseball, fast or slow pitch, general, moderate effort (Taylor Code 440)",5.0,MET,3.5,ml/kg/min,moderate,True,False,False,https://pacompendium.com/sports
adult_15625,adult,thể thao,Sports,"Softball, practice","Softball, practice",4.0,MET,3.5,ml/kg/min,moderate,True,False,False,https://pacompendium.com/sports
adult_15630,adult,thể thao,Sports,"Softball, officiating","Softball, officiating",4.0,MET,3.5,ml/kg/min,moderate,True,False,False,https://pacompendium.com/sports
adult_15640,adult,thể thao,Sports,"Softball, pitching","Softball, pitching",6.0,MET,3.5,ml/kg/min,vigorous,False,False,False,https://pacompendium.com/sports
adult_15645,adult,thể thao,Sports,"thể thao spectator, very excited, emotional, physically moving","Sports spectator, very excited, emotional, physically moving",3.3,MET,3.5,ml/kg/min,moderate,True,False,False,https://pacompendium.com/sports
adult_15650,adult,thể thao,Sports,Squash (Taylor Code 530),Squash (Taylor Code 530),12.0,MET,3.5,ml/kg/min,vigorous,False,False,False,https://pacompendium.com/sports
adult_15652,adult,thể thao,Sports,"Squash, chung","Squash, general",7.3,MET,3.5,ml/kg/min,vigorous,False,False,False,https://pacompendium.com/sports
adult_15660,adult,thể thao,Sports,"Table tennis, ping pong (Taylor Code 410)","Table tennis, ping pong (Taylor Code 410)",4.0,MET,3.5,ml/kg/min,moderate,True,False,False,https://pacompendium.com/sports
adult_15670,adult,thể thao,Sports,"thái cực quyền, qi gong, chung","Tai chi, qi gong, general",3.3,MET,3.5,ml/kg/min,moderate,True,False,False,https://pacompendium.com/sports
adult_15672,adult,thể thao,Sports,"thái cực quyền, qi gong, ngồi, nhẹ nỗ lực","Tai chi, qi gong, sitting, light effort",1.5,MET,3.5,ml/kg/min,sedentary,True,False,False,https://pacompendium.com/sports
adult_15674,adult,thể thao,Sports,"Tai chi chuan, Yang style","Tai chi chuan, Yang style",6.0,MET,3.5,ml/kg/min,vigorous,False,False,False,https://pacompendium.com/sports
adult_15675,adult,thể thao,Sports,"Tennis, chung, vừa nỗ lực","Tennis, general, moderate effort",6.8,MET,3.5,ml/kg/min,vigorous,False,False,False,https://pacompendium.com/sports
adult_15676,adult,thể thao,Sports,"Tennis, chung, competitive","Tennis, general, competitive",8.0,MET,3.5,ml/kg/min,vigorous,False,False,False,https://pacompendium.com/sports
adult_15680,adult,thể thao,Sports,"Tennis, doubles (Taylor Code 430)","Tennis, doubles (Taylor Code 430)",6.0,MET,3.5,ml/kg/min,vigorous,False,False,False,https://pacompendium.com/sports
adult_15685,adult,thể thao,Sports,"Tennis, doubles","Tennis, doubles",4.5,MET,3.5,ml/kg/min,moderate,True,False,False,https://pacompendium.com/sports
adult_15690,adult,thể thao,Sports,"Tennis, singles (Taylor Code 420)","Tennis, singles (Taylor Code 420)",8.0,MET,3.5,ml/kg/min,vigorous,False,False,False,https://pacompendium.com/sports
adult_15695,adult,thể thao,Sports,"Tennis, hitting balls, non-game play, vừa nỗ lực","Tennis, hitting balls, non-game play, moderate effort",5.0,MET,3.5,ml/kg/min,moderate,True,False,False,https://pacompendium.com/sports
adult_15700,adult,thể thao,Sports,"Trampoline, recreational","Trampoline, recreational",6.3,MET,3.5,ml/kg/min,vigorous,False,False,False,https://pacompendium.com/sports
adult_15702,adult,thể thao,Sports,"Trampoline, competitive","Trampoline, competitive",10.3,MET,3.5,ml/kg/min,vigorous,False,False,False,https://pacompendium.com/sports
adult_15710,adult,thể thao,Sports,Volleyball (Taylor Code 400),Volleyball (Taylor Code 400),4.0,MET,3.5,ml/kg/min,moderate,True,False,False,https://pacompendium.com/sports
adult_15711,adult,thể thao,Sports,"Volleyball, competitive, trong gymnasium","Volleyball, competitive, in gymnasium",6.0,MET,3.5,ml/kg/min,vigorous,False,False,False,https://pacompendium.com/sports
adult_15720,adult,thể thao,Sports,"Volleyball, non-competitive, 6 – 9 member team, chung","Volleyball, non-competitive, 6 – 9 member team, general",3.0,MET,3.5,ml/kg/min,moderate,True,False,False,https://pacompendium.com/sports
adult_15725,adult,thể thao,Sports,"Volleyball, beach, trong sand","Volleyball, beach, in sand",8.0,MET,3.5,ml/kg/min,vigorous,False,False,False,https://pacompendium.com/sports
adult_15730,adult,thể thao,Sports,"Wrestling, competitive (one match = 5 minutes)","Wrestling, competitive (one match = 5 minutes)",6.0,MET,3.5,ml/kg/min,vigorous,False,False,False,https://pacompendium.com/sports
adult_15731,adult,thể thao,Sports,"Wallyball, chung","Wallyball, general",7.0,MET,3.5,ml/kg/min,vigorous,False,False,False,https://pacompendium.com/sports
adult_15732,adult,thể thao,Sports,"Track và field (e.g., shot, discus, hammer throw)","Track and field (e.g., shot, discus, hammer throw)",4.0,MET,3.5,ml/kg/min,moderate,True,False,False,https://pacompendium.com/sports
adult_15733,adult,thể thao,Sports,"Track và field (e.g., high jump, long jump, triple jump, javelin, pole vault)","Track and field (e.g., high jump, long jump, triple jump, javelin, pole vault)",6.0,MET,3.5,ml/kg/min,vigorous,False,False,False,https://pacompendium.com/sports
adult_15734,adult,thể thao,Sports,"Track và field (e.g., steeplechase, hurdles)","Track and field (e.g., steeplechase, hurdles)",10.0,MET,3.5,ml/kg/min,vigorous,False,False,False,https://pacompendium.com/sports
adult_16002,adult,di chuyển,Transportation,"đạp xe cho transportation, vừa nỗ lực","Bicycling for transportation, moderate effort",6.8,MET,3.5,ml/kg/min,vigorous,False,False,False,https://pacompendium.com/transportation
adult_16004,adult,di chuyển,Transportation,"đạp xe cho transportation, high nỗ lực","Bicycling for transportation, high effort",9.3,MET,3.5,ml/kg/min,vigorous,False,False,False,https://pacompendium.com/transportation
adult_16005,adult,di chuyển,Transportation,E-bike (electrically assisted) cho transportation,E-bike (electrically assisted) for transportation,6.8,MET,3.5,ml/kg/min,vigorous,False,False,False,https://pacompendium.com/transportation
adult_16010,adult,di chuyển,Transportation,Automobile hoặc nhẹ truck (not a semi) driving,Automobile or light truck (not a semi) driving,2.0,MET,3.5,ml/kg/min,light,True,False,False,https://pacompendium.com/transportation
adult_16015,adult,di chuyển,Transportation,Riding trong a car hoặc truck,Riding in a car or truck,1.3,MET,3.5,ml/kg/min,sedentary,True,False,False,https://pacompendium.com/transportation
adult_16016,adult,di chuyển,Transportation,Riding trong a bus hoặc train,Riding in a bus or train,1.3,MET,3.5,ml/kg/min,sedentary,True,False,False,https://pacompendium.com/transportation
adult_16020,adult,di chuyển,Transportation,Flying airplane hoặc helicoptor,Flying airplane or helicoptor,1.8,MET,3.5,ml/kg/min,light,True,False,False,https://pacompendium.com/transportation
adult_16030,adult,di chuyển,Transportation,"Motor scooter, motorcycle","Motor scooter, motorcycle",2.8,MET,3.5,ml/kg/min,light,True,False,False,https://pacompendium.com/transportation
adult_16035,adult,di chuyển,Transportation,kéo rickshaw,Pulling rickshaw,6.3,MET,3.5,ml/kg/min,vigorous,False,False,False,https://pacompendium.com/transportation
adult_16040,adult,di chuyển,Transportation,đẩy plane trong và out of hangar,Pushing plane in and out of hangar,6.0,MET,3.5,ml/kg/min,vigorous,False,False,False,https://pacompendium.com/transportation
adult_16050,adult,di chuyển,Transportation,"Truck, semi, tractor, ≥1 ton, hoặc bus, driving","Truck, semi, tractor, ≥1 ton, or bus, driving",2.5,MET,3.5,ml/kg/min,light,True,False,False,https://pacompendium.com/transportation
adult_16060,adult,di chuyển,Transportation,"đi bộ cho transportation, 2.8-3.2 mph, level, vừa tốc độ, firm surface","Walking for transportation, 2.8-3.2 mph, level, moderate pace, firm surface",3.5,MET,3.5,ml/kg/min,moderate,True,False,False,https://pacompendium.com/transportation
adult_17010,adult,đi bộ,Walking,Backpacking (Taylor Code 050),Backpacking (Taylor Code 050),7.0,MET,3.5,ml/kg/min,vigorous,False,False,False,https://pacompendium.com/walking
adult_17011,adult,đi bộ,Walking,"đi bộ với a day pack, level ground, assumed trong the city","Walking with a day pack, level ground, assumed in the city",3.5,MET,3.5,ml/kg/min,moderate,True,False,False,https://pacompendium.com/walking
adult_17012,adult,đi bộ,Walking,"Backpacking, đi bộ đường dài với a daypack, organized đi bộ với daypack","Backpacking, hiking with a daypack, organized walking with daypack",7.8,MET,3.5,ml/kg/min,vigorous,False,False,False,https://pacompendium.com/walking
adult_17016,adult,đi bộ,Walking,"mang vác 5 to 14 lb (2.3 to 6.4 kg) load (e.g. suitcase, boxes, groceries), level ground, vừa tốc độ","Carrying 5 to 14 lb (2.3 to 6.4 kg) load (e.g. suitcase, boxes, groceries), level ground, moderate pace",4.0,MET,3.5,ml/kg/min,moderate,True,False,False,https://pacompendium.com/walking
adult_17018,adult,đi bộ,Walking,"mang vác 15 – 155 lb (6.8 – 70.4 kg) load (e.g. suitcase, boxes, furniture), level ground hoặc downstairs, chậm tốc độ","Carrying 15 – 155 lb (6.8 – 70.4 kg) load (e.g. suitcase, boxes, furniture), level ground or downstairs, slow pace",4.5,MET,3.5,ml/kg/min,moderate,True,False,False,https://pacompendium.com/walking
adult_17019,adult,đi bộ,Walking,"mang vác 50 to 150 pound load (e.g., equine hoặc bovine feed, fence pipes, furniture), level ground, vừa tốc độ","Carrying 50 to 150 pound load (e.g., equine or bovine feed, fence pipes, furniture), level ground, moderate pace",6.5,MET,3.5,ml/kg/min,vigorous,False,False,False,https://pacompendium.com/walking
adult_17021,adult,đi bộ,Walking,"mang vác ~10 lb child, chậm đi bộ","Carrying ~10 lb child, slow walking",2.3,MET,3.5,ml/kg/min,light,True,False,False,https://pacompendium.com/walking
adult_17025,adult,đi bộ,Walking,"mang vác load upstairs, chung","Carrying load upstairs, general",8.3,MET,3.5,ml/kg/min,vigorous,False,False,False,https://pacompendium.com/walking
adult_17026,adult,đi bộ,Walking,"mang vác load, 1 to 15 lb load, upstairs","Carrying load, 1 to 15 lb load, upstairs",5.5,MET,3.5,ml/kg/min,moderate,True,False,False,https://pacompendium.com/walking
adult_17027,adult,đi bộ,Walking,"mang vác load, 16 to 24 lb load, upstairs","Carrying load, 16 to 24 lb load, upstairs",6.0,MET,3.5,ml/kg/min,vigorous,False,False,False,https://pacompendium.com/walking
adult_17028,adult,đi bộ,Walking,"mang vác load, 25 to 49 lb load, upstairs","Carrying load, 25 to 49 lb load, upstairs",8.0,MET,3.5,ml/kg/min,vigorous,False,False,False,https://pacompendium.com/walking
adult_17029,adult,đi bộ,Walking,"mang vác load, 50 to 74 lb load, upstairs","Carrying load, 50 to 74 lb load, upstairs",10.0,MET,3.5,ml/kg/min,vigorous,False,False,False,https://pacompendium.com/walking
adult_17030,adult,đi bộ,Walking,"mang vác load, >74 lb load, upstairs","Carrying load, >74 lb load, upstairs",12.0,MET,3.5,ml/kg/min,vigorous,False,False,False,https://pacompendium.com/walking
adult_17031,adult,đi bộ,Walking,"Loading and/or unloading a car, implied đi bộ","Loading and/or unloading a car, implied walking",3.8,MET,3.5,ml/kg/min,moderate,True,False,False,https://pacompendium.com/walking
adult_17032,adult,đi bộ,Walking,"leo núi hills, no load, 5 to 20% grade, very chậm tốc độ","Climbing hills, no load, 5 to 20% grade, very slow pace",5.0,MET,3.5,ml/kg/min,moderate,True,False,False,https://pacompendium.com/walking
adult_17033,adult,đi bộ,Walking,"leo núi hills, 15-50 lb load, 1 to 2% grade, chậm tốc độ","Climbing hills, 15-50 lb load, 1 to 2% grade, slow pace",3.8,MET,3.5,ml/kg/min,moderate,True,False,False,https://pacompendium.com/walking
adult_17034,adult,đi bộ,Walking,"leo núi hills, no load, 1 to 5% grade, moderate-to-brisk tốc độ","Climbing hills, no load, 1 to 5% grade, moderate-to-brisk pace",5.3,MET,3.5,ml/kg/min,moderate,True,False,False,https://pacompendium.com/walking
adult_17035,adult,đi bộ,Walking,"leo núi hills, no load, 6 to 10% grade, moderate-to-brisk tốc độ","Climbing hills, no load, 6 to 10% grade, moderate-to-brisk pace",7.0,MET,3.5,ml/kg/min,vigorous,False,False,False,https://pacompendium.com/walking
adult_17036,adult,đi bộ,Walking,"leo núi hills, no load, 11 to 20% grade, slow-to-moderate tốc độ","Climbing hills, no load, 11 to 20% grade, slow-to-moderate pace",8.8,MET,3.5,ml/kg/min,vigorous,False,False,False,https://pacompendium.com/walking
adult_17037,adult,đi bộ,Walking,"leo núi hills, no load, 4.0 to 5.0 mph, 3 to 5% grade, very nhanh tốc độ","Climbing hills, no load, 4.0 to 5.0 mph, 3 to 5% grade, very fast pace",10.0,MET,3.5,ml/kg/min,vigorous,False,False,False,https://pacompendium.com/walking
adult_17038,adult,đi bộ,Walking,"leo núi hills, no load, steep grade (30%), chậm tốc độ (less than 1.2 mph)","Climbing hills, no load, steep grade (30%), slow pace (less than 1.2 mph)",8.5,MET,3.5,ml/kg/min,vigorous,False,False,False,https://pacompendium.com/walking
adult_17039,adult,đi bộ,Walking,"leo núi hills, no load, very steep grade (30-40%), 1.2 to 1.8 mph","Climbing hills, no load, very steep grade (30-40%), 1.2 to 1.8 mph",15.5,MET,3.5,ml/kg/min,vigorous,False,False,False,https://pacompendium.com/walking
adult_17040,adult,đi bộ,Walking,"leo núi hills, no load, steep grade (10-40%), 1.8 to 5.0 mph","Climbing hills, no load, steep grade (10-40%), 1.8 to 5.0 mph",16.3,MET,3.5,ml/kg/min,vigorous,False,False,False,https://pacompendium.com/walking
adult_17045,adult,đi bộ,Walking,"leo núi hills, 10 to 20 lb load, 5 to 10% grade, vừa","Climbing hills, 10 to 20 lb load, 5 to 10% grade, moderate",6.5,MET,3.5,ml/kg/min,vigorous,False,False,False,https://pacompendium.com/walking
adult_17050,adult,đi bộ,Walking,"leo núi hills, 21 to 40 lb load, 3 to 10% grade, moderate-to-brisk tốc độ","Climbing hills, 21 to 40 lb load, 3 to 10% grade, moderate-to-brisk pace",7.5,MET,3.5,ml/kg/min,vigorous,False,False,False,https://pacompendium.com/walking
adult_17060,adult,đi bộ,Walking,"leo núi hills, 20+ pound load, 5 to 20% grade, vừa to brisk tốc độ","Climbing hills, 20+ pound load, 5 to 20% grade, moderate to brisk pace",10.0,MET,3.5,ml/kg/min,vigorous,False,False,False,https://pacompendium.com/walking
adult_17070,adult,đi bộ,Walking,Descending stairs,Descending stairs,3.5,MET,3.5,ml/kg/min,moderate,True,False,False,https://pacompendium.com/walking
adult_17076,adult,đi bộ,Walking,"Hauling water, head hauling, đi bộ on flat surface","Hauling water, head hauling, walking on flat surface",4.5,MET,3.5,ml/kg/min,moderate,True,False,False,https://pacompendium.com/walking
adult_17080,adult,đi bộ,Walking,"đi bộ đường dài, cross country (Taylor Code 040)","Hiking, cross country (Taylor Code 040)",6.0,MET,3.5,ml/kg/min,vigorous,False,False,False,https://pacompendium.com/walking
adult_17081,adult,đi bộ,Walking,"đi bộ đường dài slowly hoặc ambling through fields và hillsides, no load","Hiking slowly or ambling through fields and hillsides, no load",3.8,MET,3.5,ml/kg/min,moderate,True,False,False,https://pacompendium.com/walking
adult_17082,adult,đi bộ,Walking,"đi bộ đường dài hoặc đi bộ at a normal tốc độ through fields và hillsides, no load","Hiking or walking at a normal pace through fields and hillsides, no load",5.3,MET,3.5,ml/kg/min,moderate,True,False,False,https://pacompendium.com/walking
adult_17085,adult,đi bộ,Walking,"Bird watching, đi bộ và stopping","Bird watching, walking and stopping",2.5,MET,3.5,ml/kg/min,light,True,False,False,https://pacompendium.com/walking
adult_17088,adult,đi bộ,Walking,"Marching, vừa tốc độ, military, no pack","Marching, moderate speed, military, no pack",4.5,MET,3.5,ml/kg/min,moderate,True,False,False,https://pacompendium.com/walking
adult_17090,adult,đi bộ,Walking,"Marching rapidly, military, no pack","Marching rapidly, military, no pack",8.0,MET,3.5,ml/kg/min,vigorous,False,False,False,https://pacompendium.com/walking
adult_17100,adult,đi bộ,Walking,"đẩy hoặc kéo stroller với child hoặc đi bộ với children, 2.5 to 3.1 mph","Pushing or pulling stroller with child or walking with children, 2.5 to 3.1 mph",3.8,MET,3.5,ml/kg/min,moderate,True,False,False,https://pacompendium.com/walking
adult_17105,adult,đi bộ,Walking,"đẩy a xe lăn, non-occupational","Pushing a wheelchair, non-occupational",3.8,MET,3.5,ml/kg/min,moderate,True,False,False,https://pacompendium.com/walking
adult_17110,adult,đi bộ,Walking,Race đi bộ,Race walking,6.5,MET,3.5,ml/kg/min,vigorous,False,False,False,https://pacompendium.com/walking
adult_17130,adult,đi bộ,Walking,"Stair leo núi, using hoặc leo núi up ladder (Taylor Code 030)","Stair climbing, using or climbing up ladder (Taylor Code 030)",8.0,MET,3.5,ml/kg/min,vigorous,False,False,False,https://pacompendium.com/walking
adult_17131,adult,đi bộ,Walking,"Stair leo núi, chung","Stair climbing, general",6.8,MET,3.5,ml/kg/min,vigorous,False,False,False,https://pacompendium.com/walking
adult_17133,adult,đi bộ,Walking,"Stair leo núi, chậm tốc độ","Stair climbing, slow pace",4.5,MET,3.5,ml/kg/min,moderate,True,False,False,https://pacompendium.com/walking
adult_17134,adult,đi bộ,Walking,"Stair leo núi, nhanh tốc độ, one step at a time","Stair climbing, fast pace, one step at a time",9.3,MET,3.5,ml/kg/min,vigorous,False,False,False,https://pacompendium.com/walking
adult_17136,adult,đi bộ,Walking,"Stair leo núi, two steps at a time","Stair climbing, two steps at a time",7.5,MET,3.5,ml/kg/min,vigorous,False,False,False,https://pacompendium.com/walking
adult_17138,adult,đi bộ,Walking,"Stair leo núi, ascending và descending stairs","Stair climbing, ascending and descending stairs",7.5,MET,3.5,ml/kg/min,vigorous,False,False,False,https://pacompendium.com/walking
adult_17140,adult,đi bộ,Walking,"Using crutches, level ground, chung","Using crutches, level ground, general",4.5,MET,3.5,ml/kg/min,moderate,True,False,False,https://pacompendium.com/walking
adult_17142,adult,đi bộ,Walking,"Using crutches, nhanh tốc độ","Using crutches, fast pace",7.0,MET,3.5,ml/kg/min,vigorous,False,False,False,https://pacompendium.com/walking
adult_17145,adult,đi bộ,Walking,Using medical knee scooter,Using medical knee scooter,4.3,MET,3.5,ml/kg/min,moderate,True,False,False,https://pacompendium.com/walking
adult_17150,adult,đi bộ,Walking,"đi bộ, household","Walking, household",2.3,MET,3.5,ml/kg/min,light,True,False,False,https://pacompendium.com/walking
adult_17151,adult,đi bộ,Walking,"đi bộ, less than 2.0 mph, level, strolling, very chậm","Walking, less than 2.0 mph, level, strolling, very slow",2.3,MET,3.5,ml/kg/min,light,True,False,False,https://pacompendium.com/walking
adult_17152,adult,đi bộ,Walking,"đi bộ, 2.0 to 2.4 mph, level, chậm tốc độ, firm surface","Walking, 2.0 to 2.4 mph, level, slow pace, firm surface",2.8,MET,3.5,ml/kg/min,light,True,False,False,https://pacompendium.com/walking
adult_17160,adult,đi bộ,Walking,đi bộ cho pleasure (Taylor Code 010),Walking for pleasure (Taylor Code 010),3.5,MET,3.5,ml/kg/min,moderate,True,False,False,https://pacompendium.com/walking
adult_17161,adult,đi bộ,Walking,"đi bộ from house to car hoặc bus, from car hoặc bus to go places, from car hoặc bus to và from the worksite","Walking from house to car or bus, from car or bus to go places, from car or bus to and from the worksite",2.5,MET,3.5,ml/kg/min,light,True,False,False,https://pacompendium.com/walking
adult_17162,adult,đi bộ,Walking,đi bộ to neighbor’s house hoặc family’s house cho social reasons,Walking to neighbor’s house or family’s house for social reasons,2.5,MET,3.5,ml/kg/min,light,True,False,False,https://pacompendium.com/walking
adult_17165,adult,đi bộ,Walking,đi bộ the dog,Walking the dog,3.0,MET,3.5,ml/kg/min,moderate,True,False,False,https://pacompendium.com/walking
adult_17170,adult,đi bộ,Walking,"đi bộ, 2.5 mph, firm, level surface","Walking, 2.5 mph, firm, level surface",3.0,MET,3.5,ml/kg/min,moderate,True,False,False,https://pacompendium.com/walking
adult_17180,adult,đi bộ,Walking,"đi bộ, 2.5 mph, xuống dốc","Walking, 2.5 mph, downhill",3.3,MET,3.5,ml/kg/min,moderate,True,False,False,https://pacompendium.com/walking
adult_17190,adult,đi bộ,Walking,"đi bộ, 2.8 to 3.4 mph, level, vừa tốc độ, firm surface","Walking, 2.8 to 3.4 mph, level, moderate pace, firm surface",3.8,MET,3.5,ml/kg/min,moderate,True,False,False,https://pacompendium.com/walking
adult_17200,adult,đi bộ,Walking,"đi bộ, 3.5 to 3.9 mph, level, brisk, firm surface, đi bộ cho exercise","Walking, 3.5 to 3.9 mph, level, brisk, firm surface, walking for exercise",4.8,MET,3.5,ml/kg/min,moderate,True,False,False,https://pacompendium.com/walking
adult_17220,adult,đi bộ,Walking,"đi bộ, 4.0 to 4.4 mph (6.4 to 7.1 km/h), level, firm surface, very brisk tốc độ","Walking, 4.0 to 4.4 mph (6.4 to 7.1 km/h), level, firm surface, very brisk pace",5.5,MET,3.5,ml/kg/min,moderate,True,False,False,https://pacompendium.com/walking
adult_17230,adult,đi bộ,Walking,"đi bộ, 4.5 to 4.9 mph, level, firm surface, very, very brisk","Walking, 4.5 to 4.9 mph, level, firm surface, very, very brisk",7.0,MET,3.5,ml/kg/min,vigorous,False,False,False,https://pacompendium.com/walking
adult_17231,adult,đi bộ,Walking,"đi bộ, 5.0 to 5.5 mph (8.8 to 8.9 km/h), level, firm surface","Walking, 5.0 to 5.5 mph (8.8 to 8.9 km/h), level, firm surface",8.5,MET,3.5,ml/kg/min,vigorous,False,False,False,https://pacompendium.com/walking
adult_17250,adult,đi bộ,Walking,"đi bộ, cho pleasure, work break","Walking, for pleasure, work break",3.5,MET,3.5,ml/kg/min,moderate,True,False,False,https://pacompendium.com/walking
adult_17255,adult,đi bộ,Walking,"đi bộ, self-selected tốc độ, indoor track hoặc outdoors, firm surface","Walking, self-selected speed, indoor track or outdoors, firm surface",4.0,MET,3.5,ml/kg/min,moderate,True,False,False,https://pacompendium.com/walking
adult_17260,adult,đi bộ,Walking,"đi bộ, grass track","Walking, grass track",4.8,MET,3.5,ml/kg/min,moderate,True,False,False,https://pacompendium.com/walking
adult_17262,adult,đi bộ,Walking,"đi bộ, normal tốc độ, plowed field hoặc sand","Walking, normal pace, plowed field or sand",4.5,MET,3.5,ml/kg/min,moderate,True,False,False,https://pacompendium.com/walking
adult_17270,adult,đi bộ,Walking,"đi bộ, to work hoặc class (Taylor Code 015)","Walking, to work or class (Taylor Code 015)",4.0,MET,3.5,ml/kg/min,moderate,True,False,False,https://pacompendium.com/walking
adult_17280,adult,đi bộ,Walking,"đi bộ, to và from an outhouse","Walking, to and from an outhouse",2.5,MET,3.5,ml/kg/min,light,True,False,False,https://pacompendium.com/walking
adult_17302,adult,đi bộ,Walking,"đi bộ, cho exercise, 2.5 to 3.5 mph (4.0 to 5.6 km/h), với ski poles, Nordic đi bộ, level, vừa tốc độ","Walking, for exercise, 2.5 to 3.5 mph (4.0 to 5.6 km/h), with ski poles, Nordic walking, level, moderate pace",4.3,MET,3.5,ml/kg/min,moderate,True,False,False,https://pacompendium.com/walking
adult_17304,adult,đi bộ,Walking,"đi bộ, cho exercise, 3.6 to 4.4 mph (5.8 to 7.1 km/h), với ski poles, Nordic đi bộ, level, vừa tốc độ","Walking, for exercise, 3.6 to 4.4 mph (5.8 to 7.1 km/h), with ski poles, Nordic walking, level, moderate pace",5.3,MET,3.5,ml/kg/min,moderate,True,False,False,https://pacompendium.com/walking
adult_17305,adult,đi bộ,Walking,"đi bộ, cho exercise, 4.5 to 5.0 mph, với ski poles, Nordic đi bộ, level, nhanh tốc độ","Walking, for exercise, 4.5 to 5.0 mph, with ski poles, Nordic walking, level, fast pace",8.5,MET,3.5,ml/kg/min,vigorous,False,False,False,https://pacompendium.com/walking
adult_17310,adult,đi bộ,Walking,"đi bộ, cho exercise, với ski poles, Nordic đi bộ, lên dốc, vừa tốc độ","Walking, for exercise, with ski poles, Nordic walking, uphill, moderate pace",8.8,MET,3.5,ml/kg/min,vigorous,False,False,False,https://pacompendium.com/walking
adult_17313,adult,đi bộ,Walking,"đi bộ, cho exercise, với ski poles, Nordic đi bộ, level ground, mang vác 20 to 30 lb load (9.0 to 15.0 kg)","Walking, for exercise, with ski poles, Nordic walking, level ground, carrying 20 to 30 lb load (9.0 to 15.0 kg)",10.8,MET,3.5,ml/kg/min,vigorous,False,False,False,https://pacompendium.com/walking
adult_17315,adult,đi bộ,Walking,"đi bộ, cho exercise, với ski poles, Nordic đi bộ, lên dốc, mang vác 20 to 30 lb load (9.0 to 15.0 kg)","Walking, for exercise, with ski poles, Nordic walking, uphill, carrying 20 to 30 lb load (9.0 to 15.0 kg)",12.3,MET,3.5,ml/kg/min,vigorous,False,False,False,https://pacompendium.com/walking
adult_17320,adult,đi bộ,Walking,"đi bộ, backward, 3.5 mph, level","Walking, backward, 3.5 mph, level",6.0,MET,3.5,ml/kg/min,vigorous,False,False,False,https://pacompendium.com/walking
adult_17325,adult,đi bộ,Walking,"đi bộ, backward, 3.5 mph, lên dốc, 5% grade","Walking, backward, 3.5 mph, uphill, 5% grade",7.8,MET,3.5,ml/kg/min,vigorous,False,False,False,https://pacompendium.com/walking
adult_17330,adult,đi bộ,Walking,"đi bộ, Teabag walk, Monty Python Ministry of Silly Walks","Walking, Teabag walk, Monty Python Ministry of Silly Walks",8.0,MET,3.5,ml/kg/min,vigorous,False,False,False,https://pacompendium.com/walking
adult_17332,adult,đi bộ,Walking,"đi bộ, Putey walk, Monty Python Ministry of Silly Walks","Walking, Putey walk, Monty Python Ministry of Silly Walks",3.5,MET,3.5,ml/kg/min,moderate,True,False,False,https://pacompendium.com/walking
adult_17340,adult,đi bộ,Walking,"đi bộ, treadmill, less than 1.0 mph, 0% grade","Walking, treadmill, less than 1.0 mph, 0% grade",2.1,MET,3.5,ml/kg/min,light,True,False,False,https://pacompendium.com/walking
adult_17343,adult,đi bộ,Walking,"đi bộ, treadmill, 1.0 mph, 0% grade","Walking, treadmill, 1.0 mph, 0% grade",2.3,MET,3.5,ml/kg/min,light,True,False,False,https://pacompendium.com/walking
adult_17346,adult,đi bộ,Walking,"đi bộ, treadmill, 1.2 to 1.9 mph, 0% grade (1.9 to 3.1 km/h)","Walking, treadmill, 1.2 to 1.9 mph, 0% grade (1.9 to 3.1 km/h)",2.8,MET,3.5,ml/kg/min,light,True,False,False,https://pacompendium.com/walking
adult_17349,adult,đi bộ,Walking,"đi bộ, treadmill, 2.0 to 2.4 mph (3.2 to 3.9 km/h), 0% grade","Walking, treadmill, 2.0 to 2.4 mph (3.2 to 3.9 km/h), 0% grade",3.0,MET,3.5,ml/kg/min,moderate,True,False,False,https://pacompendium.com/walking
adult_17352,adult,đi bộ,Walking,"đi bộ, treadmill, 2.5 to 2.9 mph (4.0 to 4.7 km/h), 0% grade","Walking, treadmill, 2.5 to 2.9 mph (4.0 to 4.7 km/h), 0% grade",3.5,MET,3.5,ml/kg/min,moderate,True,False,False,https://pacompendium.com/walking
adult_17355,adult,đi bộ,Walking,"đi bộ, treadmill, 3.0 to 3.4 mph (4.8 to 5.5 km/h), 0% grade","Walking, treadmill, 3.0 to 3.4 mph (4.8 to 5.5 km/h), 0% grade",3.8,MET,3.5,ml/kg/min,moderate,True,False,False,https://pacompendium.com/walking
adult_17358,adult,đi bộ,Walking,"đi bộ, treadmill, 3.5 to 3.9 mph (5.6 to 6.3 km/h), 0% grade","Walking, treadmill, 3.5 to 3.9 mph (5.6 to 6.3 km/h), 0% grade",4.8,MET,3.5,ml/kg/min,moderate,True,False,False,https://pacompendium.com/walking
adult_17361,adult,đi bộ,Walking,"đi bộ, treadmill, 4.0 to 4.4 mph (6.4 to 7.1 km/h), 0% grade","Walking, treadmill, 4.0 to 4.4 mph (6.4 to 7.1 km/h), 0% grade",5.8,MET,3.5,ml/kg/min,moderate,True,False,False,https://pacompendium.com/walking
adult_17364,adult,đi bộ,Walking,"đi bộ, treadmill, 4.5 to 4.9 mph (7.2 to 7.9 km/h), 0% grade","Walking, treadmill, 4.5 to 4.9 mph (7.2 to 7.9 km/h), 0% grade",6.8,MET,3.5,ml/kg/min,vigorous,False,False,False,https://pacompendium.com/walking
adult_17367,adult,đi bộ,Walking,"đi bộ, treadmill, 5.0 to 5.5 mph (8.0 to 8.9 km/h), 0% grade","Walking, treadmill, 5.0 to 5.5 mph (8.0 to 8.9 km/h), 0% grade",8.3,MET,3.5,ml/kg/min,vigorous,False,False,False,https://pacompendium.com/walking
adult_17382,adult,đi bộ,Walking,"đi bộ, treadmill, xuống dốc (-3% to -12% grade), 2.8 to 3.1 mph","Walking, treadmill, downhill (-3% to -12% grade), 2.8 to 3.1 mph",3.3,MET,3.5,ml/kg/min,moderate,True,False,False,https://pacompendium.com/walking
adult_17412,adult,đi bộ,Walking,"đi bộ, treadmill, xuống dốc (-5% to -25% grade), 2.8 mph, với Nordic Poles","Walking, treadmill, downhill (-5% to -25% grade), 2.8 mph, with Nordic Poles",3.3,MET,3.5,ml/kg/min,moderate,True,False,False,https://pacompendium.com/walking
adult_17434,adult,đi bộ,Walking,"đi bộ, treadmill, 2.5 mph, 0% grade, 5 to 20 degrees C, 40 lb (18.2 kg) load","Walking, treadmill, 2.5 mph, 0% grade, 5 to 20 degrees C, 40 lb (18.2 kg) load",4.8,MET,3.5,ml/kg/min,moderate,True,False,False,https://pacompendium.com/walking
adult_17438,adult,đi bộ,Walking,"đi bộ, treadmill, 2.5 mph, 0% grade, -10 to 0 degrees C, 40 lb (18.2 kg) load","Walking, treadmill, 2.5 mph, 0% grade, -10 to 0 degrees C, 40 lb (18.2 kg) load",5.8,MET,3.5,ml/kg/min,moderate,True,False,False,https://pacompendium.com/walking
adult_17455,adult,đi bộ,Walking,"đi bộ, Curved treadmill, 3.0 to 5.0 mph, brisk tốc độ","Walking, Curved treadmill, 3.0 to 5.0 mph, brisk pace",8.3,MET,3.5,ml/kg/min,vigorous,False,False,False,https://pacompendium.com/walking
adult_17475,adult,đi bộ,Walking,"đi bộ treadmill, backwards, 2.5 mph, +10% grade","Walking treadmill, backwards, 2.5 mph, +10% grade",7.8,MET,3.5,ml/kg/min,vigorous,False,False,False,https://pacompendium.com/walking
adult_17492,adult,đi bộ,Walking,"đi bộ, với a walker hoặc step-to gait on treadmill, 0.7 mph (1.1 km/h), 0% grade","Walking, with a walker or step-to gait on treadmill, 0.7 mph (1.1 km/h), 0% grade",1.5,MET,3.5,ml/kg/min,sedentary,True,False,False,https://pacompendium.com/walking
adult_18010,adult,hoạt động dưới nước,Water Activities,"Boating, power, driving","Boating, power, driving",2.5,MET,3.5,ml/kg/min,light,True,False,False,https://pacompendium.com/water-activities
adult_18012,adult,hoạt động dưới nước,Water Activities,"Boating, power, passenger, nhẹ","Boating, power, passenger, light",1.3,MET,3.5,ml/kg/min,sedentary,True,False,False,https://pacompendium.com/water-activities
adult_18020,adult,hoạt động dưới nước,Water Activities,"Canoeing, on camping trip (Taylor Code 270)","Canoeing, on camping trip (Taylor Code 270)",4.0,MET,3.5,ml/kg/min,moderate,True,False,False,https://pacompendium.com/water-activities
adult_18025,adult,hoạt động dưới nước,Water Activities,"Canoeing, harvesting wild rice, knocking rice off the stalks","Canoeing, harvesting wild rice, knocking rice off the stalks",3.3,MET,3.5,ml/kg/min,moderate,True,False,False,https://pacompendium.com/water-activities
adult_18030,adult,hoạt động dưới nước,Water Activities,"Canoeing, portaging","Canoeing, portaging",7.0,MET,3.5,ml/kg/min,vigorous,False,False,False,https://pacompendium.com/water-activities
adult_18040,adult,hoạt động dưới nước,Water Activities,"Canoeing, rowing, 2.0-3.9 mph, nhẹ nỗ lực","Canoeing, rowing, 2.0-3.9 mph, light effort",2.8,MET,3.5,ml/kg/min,light,True,False,False,https://pacompendium.com/water-activities
adult_18050,adult,hoạt động dưới nước,Water Activities,"Canoeing, rowing, 4.0-5.9 mph, vừa nỗ lực","Canoeing, rowing, 4.0-5.9 mph, moderate effort",5.8,MET,3.5,ml/kg/min,moderate,True,False,False,https://pacompendium.com/water-activities
adult_18060,adult,hoạt động dưới nước,Water Activities,"Canoeing, rowing, kayaking, competition, > 6 mph, mạnh nỗ lực","Canoeing, rowing, kayaking, competition, > 6 mph, vigorous effort",12.5,MET,3.5,ml/kg/min,vigorous,False,False,False,https://pacompendium.com/water-activities
adult_18070,adult,hoạt động dưới nước,Water Activities,"Canoeing, rowing, cho pleasure, chung (Taylor Code 250)","Canoeing, rowing, for pleasure, general (Taylor Code 250)",3.5,MET,3.5,ml/kg/min,moderate,True,False,False,https://pacompendium.com/water-activities
adult_18080,adult,hoạt động dưới nước,Water Activities,"Canoeing hoặc rowing, trong competition, crew hoặc sculling (Taylor Code 260)","Canoeing or rowing, in competition, crew or sculling (Taylor Code 260)",12.0,MET,3.5,ml/kg/min,vigorous,False,False,False,https://pacompendium.com/water-activities
adult_18090,adult,hoạt động dưới nước,Water Activities,"Diving, springboard hoặc platform","Diving, springboard or platform",3.0,MET,3.5,ml/kg/min,moderate,True,False,False,https://pacompendium.com/water-activities
adult_18100,adult,hoạt động dưới nước,Water Activities,"Kayaking, vừa nỗ lực","Kayaking, moderate effort",5.0,MET,3.5,ml/kg/min,moderate,True,False,False,https://pacompendium.com/water-activities
adult_18104,adult,hoạt động dưới nước,Water Activities,"kayaking, competition","kayaking, competition",13.5,MET,3.5,ml/kg/min,vigorous,False,False,False,https://pacompendium.com/water-activities
adult_18106,adult,hoạt động dưới nước,Water Activities,"kayaking, slalom, flat water","kayaking, slalom, flat water",9.0,MET,3.5,ml/kg/min,vigorous,False,False,False,https://pacompendium.com/water-activities
adult_18110,adult,hoạt động dưới nước,Water Activities,Paddle boat,Paddle boat,4.0,MET,3.5,ml/kg/min,moderate,True,False,False,https://pacompendium.com/water-activities
adult_18112,adult,hoạt động dưới nước,Water Activities,"Rowing, simulated crew trong a water tank, single oar, 33 strokes/min,","Rowing, simulated crew in a water tank, single oar, 33 strokes/min,",15.5,MET,3.5,ml/kg/min,vigorous,False,False,False,https://pacompendium.com/water-activities
adult_18114,adult,hoạt động dưới nước,Water Activities,"Rowing, single scull, ergometer, ergometer on slides, racing tốc độ (32+ strokes/min, >10 mph)","Rowing, single scull, ergometer, ergometer on slides, racing speed (32+ strokes/min, >10 mph)",15.5,MET,3.5,ml/kg/min,vigorous,False,False,False,https://pacompendium.com/water-activities
adult_18120,adult,hoạt động dưới nước,Water Activities,"Sailing, boat và board sailing, windsurfing, ice sailing, chung (Taylor Code 235)","Sailing, boat and board sailing, windsurfing, ice sailing, general (Taylor Code 235)",3.0,MET,3.5,ml/kg/min,moderate,True,False,False,https://pacompendium.com/water-activities
adult_18130,adult,hoạt động dưới nước,Water Activities,"Sailing, trong competition, chung","Sailing, in competition, general",4.5,MET,3.5,ml/kg/min,moderate,True,False,False,https://pacompendium.com/water-activities
adult_18132,adult,hoạt động dưới nước,Water Activities,"Sailing, trong competition, high nỗ lực","Sailing, in competition, high effort",9.3,MET,3.5,ml/kg/min,vigorous,False,False,False,https://pacompendium.com/water-activities
adult_18140,adult,hoạt động dưới nước,Water Activities,"Sailing, Sunfish/Laser/Hobby Cat, Keel boats, ocean sailing, yachting, leisure","Sailing, Sunfish/Laser/Hobby Cat, Keel boats, ocean sailing, yachting, leisure",3.3,MET,3.5,ml/kg/min,moderate,True,False,False,https://pacompendium.com/water-activities
adult_18142,adult,hoạt động dưới nước,Water Activities,"Sailing, dingy","Sailing, dingy",2.0,MET,3.5,ml/kg/min,light,True,False,False,https://pacompendium.com/water-activities
adult_18150,adult,hoạt động dưới nước,Water Activities,"Skiing, water hoặc wake boarding (Taylor Code 220)","Skiing, water or wake boarding (Taylor Code 220)",6.0,MET,3.5,ml/kg/min,vigorous,False,False,False,https://pacompendium.com/water-activities
adult_18160,adult,hoạt động dưới nước,Water Activities,"Jet skiing, driving, trong water","Jet skiing, driving, in water",7.0,MET,3.5,ml/kg/min,vigorous,False,False,False,https://pacompendium.com/water-activities
adult_18180,adult,hoạt động dưới nước,Water Activities,"Skindiving, nhanh","Skindiving, fast",15.8,MET,3.5,ml/kg/min,vigorous,False,False,False,https://pacompendium.com/water-activities
adult_18190,adult,hoạt động dưới nước,Water Activities,"Skindiving, vừa","Skindiving, moderate",11.8,MET,3.5,ml/kg/min,vigorous,False,False,False,https://pacompendium.com/water-activities
adult_18200,adult,hoạt động dưới nước,Water Activities,"Skindiving, scuba diving, chung (Taylor Code 310)","Skindiving, scuba diving, general (Taylor Code 310)",7.0,MET,3.5,ml/kg/min,vigorous,False,False,False,https://pacompendium.com/water-activities
adult_18202,adult,hoạt động dưới nước,Water Activities,"Scuba diving, chung, nhẹ nỗ lực","Scuba diving, general, light effort",5.3,MET,3.5,ml/kg/min,moderate,True,False,False,https://pacompendium.com/water-activities
adult_18204,adult,hoạt động dưới nước,Water Activities,"Scuba diving, chung, vừa nỗ lực","Scuba diving, general, moderate effort",5.8,MET,3.5,ml/kg/min,moderate,True,False,False,https://pacompendium.com/water-activities
adult_18206,adult,hoạt động dưới nước,Water Activities,"Scuba diving, professional diver","Scuba diving, professional diver",5.5,MET,3.5,ml/kg/min,moderate,True,False,False,https://pacompendium.com/water-activities
adult_18208,adult,hoạt động dưới nước,Water Activities,"Scuba diving, recreational diver","Scuba diving, recreational diver",6.8,MET,3.5,ml/kg/min,vigorous,False,False,False,https://pacompendium.com/water-activities
adult_18210,adult,hoạt động dưới nước,Water Activities,Snorkeling (Taylor Code 320),Snorkeling (Taylor Code 320),5.0,MET,3.5,ml/kg/min,moderate,True,False,False,https://pacompendium.com/water-activities
adult_18220,adult,hoạt động dưới nước,Water Activities,"Surfing, body hoặc board, chung","Surfing, body or board, general",3.0,MET,3.5,ml/kg/min,moderate,True,False,False,https://pacompendium.com/water-activities
adult_18221,adult,hoạt động dưới nước,Water Activities,"Surfboard, paddling","Surfboard, paddling",6.8,MET,3.5,ml/kg/min,vigorous,False,False,False,https://pacompendium.com/water-activities
adult_18222,adult,hoạt động dưới nước,Water Activities,"Surfing, body hoặc board, competitive","Surfing, body or board, competitive",5.0,MET,3.5,ml/kg/min,moderate,True,False,False,https://pacompendium.com/water-activities
adult_18224,adult,hoạt động dưới nước,Water Activities,"Stand up paddle boarding, chung","Stand up paddle boarding, general",6.5,MET,3.5,ml/kg/min,vigorous,False,False,False,https://pacompendium.com/water-activities
adult_18225,adult,hoạt động dưới nước,Water Activities,"Stand up Paddleboard, đứng, 10-19 strokes/min","Stand up Paddleboard, standing, 10-19 strokes/min",2.8,MET,3.5,ml/kg/min,light,True,False,False,https://pacompendium.com/water-activities
adult_18226,adult,hoạt động dưới nước,Water Activities,"Stand up Paddleboard, đứng, 20-29 strokes/min","Stand up Paddleboard, standing, 20-29 strokes/min",3.8,MET,3.5,ml/kg/min,moderate,True,False,False,https://pacompendium.com/water-activities
adult_18227,adult,hoạt động dưới nước,Water Activities,"Stand up Paddleboard, đứng, 30-39 strokes/min","Stand up Paddleboard, standing, 30-39 strokes/min",5.0,MET,3.5,ml/kg/min,moderate,True,False,False,https://pacompendium.com/water-activities
adult_18228,adult,hoạt động dưới nước,Water Activities,"Stand up Paddleboard, đứng, 40-49 strokes/min","Stand up Paddleboard, standing, 40-49 strokes/min",9.8,MET,3.5,ml/kg/min,vigorous,False,False,False,https://pacompendium.com/water-activities
adult_18229,adult,hoạt động dưới nước,Water Activities,"Stand up Paddleboard, đứng, 50-69 strokes/min","Stand up Paddleboard, standing, 50-69 strokes/min",11.0,MET,3.5,ml/kg/min,vigorous,False,False,False,https://pacompendium.com/water-activities
adult_18230,adult,hoạt động dưới nước,Water Activities,"bơi lội laps, freestyle, nhanh, mạnh nỗ lực","Swimming laps, freestyle, fast, vigorous effort",9.8,MET,3.5,ml/kg/min,vigorous,False,False,False,https://pacompendium.com/water-activities
adult_18240,adult,hoạt động dưới nước,Water Activities,"bơi lội laps, freestyle, chậm, recreational","Swimming laps, freestyle, slow, recreational",5.8,MET,3.5,ml/kg/min,moderate,True,False,False,https://pacompendium.com/water-activities
adult_18250,adult,hoạt động dưới nước,Water Activities,"bơi lội, backstroke, training hoặc competition","Swimming, backstroke, training or competition",9.5,MET,3.5,ml/kg/min,vigorous,False,False,False,https://pacompendium.com/water-activities
adult_18255,adult,hoạt động dưới nước,Water Activities,"bơi lội, backstroke, recreational","Swimming, backstroke, recreational",4.8,MET,3.5,ml/kg/min,moderate,True,False,False,https://pacompendium.com/water-activities
adult_18260,adult,hoạt động dưới nước,Water Activities,"bơi lội, breaststroke, chung, training hoặc competition","Swimming, breaststroke, general, training or competition",10.3,MET,3.5,ml/kg/min,vigorous,False,False,False,https://pacompendium.com/water-activities
adult_18265,adult,hoạt động dưới nước,Water Activities,"bơi lội breaststroke, recreational","Swimming breaststroke, recreational",5.3,MET,3.5,ml/kg/min,moderate,True,False,False,https://pacompendium.com/water-activities
adult_18270,adult,hoạt động dưới nước,Water Activities,"bơi lội, butterfly, chung","Swimming, butterfly, general",13.8,MET,3.5,ml/kg/min,vigorous,False,False,False,https://pacompendium.com/water-activities
adult_18280,adult,hoạt động dưới nước,Water Activities,"bơi lội, crawl, nhanh tốc độ, ~75 yards/minute, mạnh nỗ lực","Swimming, crawl, fast speed, ~75 yards/minute, vigorous effort",10.5,MET,3.5,ml/kg/min,vigorous,False,False,False,https://pacompendium.com/water-activities
adult_18285,adult,hoạt động dưới nước,Water Activities,"bơi lội, open water, 5k","Swimming, open water, 5k",10.5,MET,3.5,ml/kg/min,vigorous,False,False,False,https://pacompendium.com/water-activities
adult_18290,adult,hoạt động dưới nước,Water Activities,"bơi lội, crawl, medium tốc độ, ~50 yards/minute, mạnh nỗ lực","Swimming, crawl, medium speed, ~50 yards/minute, vigorous effort",8.0,MET,3.5,ml/kg/min,vigorous,False,False,False,https://pacompendium.com/water-activities
adult_18292,adult,hoạt động dưới nước,Water Activities,"bơi lội, crawl, chậm tốc độ, 30-45 yards/minute, vừa nỗ lực","Swimming, crawl, slow speed, 30-45 yards/minute, moderate effort",5.8,MET,3.5,ml/kg/min,moderate,True,False,False,https://pacompendium.com/water-activities
adult_18294,adult,hoạt động dưới nước,Water Activities,"bơi lội, crawl, elite swimmers, competition, >90 yards/minute","Swimming, crawl, elite swimmers, competition, >90 yards/minute",14.5,MET,3.5,ml/kg/min,vigorous,False,False,False,https://pacompendium.com/water-activities
adult_18300,adult,hoạt động dưới nước,Water Activities,"bơi lội, lake, ocean, river (Taylor Codes 280, 295)","Swimming, lake, ocean, river (Taylor Codes 280, 295)",6.0,MET,3.5,ml/kg/min,vigorous,False,False,False,https://pacompendium.com/water-activities
adult_18310,adult,hoạt động dưới nước,Water Activities,"bơi lội, thong thả, not lap bơi lội, chung","Swimming, leisurely, not lap swimming, general",6.0,MET,3.5,ml/kg/min,vigorous,False,False,False,https://pacompendium.com/water-activities
adult_18320,adult,hoạt động dưới nước,Water Activities,"bơi lội, sidestroke, chung","Swimming, sidestroke, general",7.0,MET,3.5,ml/kg/min,vigorous,False,False,False,https://pacompendium.com/water-activities
adult_18330,adult,hoạt động dưới nước,Water Activities,"bơi lội, synchronized","Swimming, synchronized",8.0,MET,3.5,ml/kg/min,vigorous,False,False,False,https://pacompendium.com/water-activities
adult_18340,adult,hoạt động dưới nước,Water Activities,"bơi lội, treading water, nhanh, mạnh nỗ lực","Swimming, treading water, fast, vigorous effort",9.8,MET,3.5,ml/kg/min,vigorous,False,False,False,https://pacompendium.com/water-activities
adult_18350,adult,hoạt động dưới nước,Water Activities,"bơi lội, treading water, vừa nỗ lực, chung","Swimming, treading water, moderate effort, general",3.5,MET,3.5,ml/kg/min,moderate,True,False,False,https://pacompendium.com/water-activities
adult_18352,adult,hoạt động dưới nước,Water Activities,"Tubing, floating on a river, chung","Tubing, floating on a river, general",2.3,MET,3.5,ml/kg/min,light,True,False,False,https://pacompendium.com/water-activities
adult_18355,adult,hoạt động dưới nước,Water Activities,"Water thể dục nhịp điệu, water calisthenics, chung","Water aerobics, water calisthenics, general",5.5,MET,3.5,ml/kg/min,moderate,True,False,False,https://pacompendium.com/water-activities
adult_18356,adult,hoạt động dưới nước,Water Activities,"Water thể dục nhịp điệu, kháng lực exercises","Water aerobics, resistance exercises",3.8,MET,3.5,ml/kg/min,moderate,True,False,False,https://pacompendium.com/water-activities
adult_18358,adult,hoạt động dưới nước,Water Activities,"Water thể dục nhịp điệu, high intensity","Water aerobics, high intensity",7.5,MET,3.5,ml/kg/min,vigorous,False,False,False,https://pacompendium.com/water-activities
adult_18360,adult,hoạt động dưới nước,Water Activities,Water polo,Water polo,10.0,MET,3.5,ml/kg/min,vigorous,False,False,False,https://pacompendium.com/water-activities
adult_18365,adult,hoạt động dưới nước,Water Activities,Water volleyball,Water volleyball,3.0,MET,3.5,ml/kg/min,moderate,True,False,False,https://pacompendium.com/water-activities
adult_18366,adult,hoạt động dưới nước,Water Activities,"Water chạy bộ chậm, mạnh nỗ lực","Water jogging, vigorous effort",9.8,MET,3.5,ml/kg/min,vigorous,False,False,False,https://pacompendium.com/water-activities
adult_18367,adult,hoạt động dưới nước,Water Activities,"Water đi bộ, nhẹ nỗ lực, chậm tốc độ","Water walking, light effort, slow pace",2.5,MET,3.5,ml/kg/min,light,True,False,False,https://pacompendium.com/water-activities
adult_18368,adult,hoạt động dưới nước,Water Activities,"Water đi bộ, vừa nỗ lực, vừa tốc độ","Water walking, moderate effort, moderate pace",4.8,MET,3.5,ml/kg/min,moderate,True,False,False,https://pacompendium.com/water-activities
adult_18369,adult,hoạt động dưới nước,Water Activities,"Water đi bộ, mạnh nỗ lực, brisk tốc độ","Water walking, vigorous effort, brisk pace",6.8,MET,3.5,ml/kg/min,vigorous,False,False,False,https://pacompendium.com/water-activities
adult_18370,adult,hoạt động dưới nước,Water Activities,"Whitewater rafting, kayaking, hoặc canoeing","Whitewater rafting, kayaking, or canoeing",5.0,MET,3.5,ml/kg/min,moderate,True,False,False,https://pacompendium.com/water-activities
adult_18374,adult,hoạt động dưới nước,Water Activities,"Water chạy bộ, 30 steps/min, chậm","Water running, 30 steps/min, slow",6.5,MET,3.5,ml/kg/min,vigorous,False,False,False,https://pacompendium.com/water-activities
adult_18375,adult,hoạt động dưới nước,Water Activities,"Water chạy bộ, 40 steps/min, vừa","Water running, 40 steps/min, moderate",7.5,MET,3.5,ml/kg/min,vigorous,False,False,False,https://pacompendium.com/water-activities
adult_18376,adult,hoạt động dưới nước,Water Activities,"Water chạy bộ, 50 steps/min, nhanh","Water running, 50 steps/min, fast",8.5,MET,3.5,ml/kg/min,vigorous,False,False,False,https://pacompendium.com/water-activities
adult_18377,adult,hoạt động dưới nước,Water Activities,"Water chạy bộ, 60 steps/min, very nhanh","Water running, 60 steps/min, very fast",9.8,MET,3.5,ml/kg/min,vigorous,False,False,False,https://pacompendium.com/water-activities
adult_18380,adult,hoạt động dưới nước,Water Activities,"Windsurfing, not pumping cho tốc độ","Windsurfing, not pumping for speed",5.0,MET,3.5,ml/kg/min,moderate,True,False,False,https://pacompendium.com/water-activities
adult_18385,adult,hoạt động dưới nước,Water Activities,"Windsurfing hoặc kitesurfing, crossing trial","Windsurfing or kitesurfing, crossing trial",11.0,MET,3.5,ml/kg/min,vigorous,False,False,False,https://pacompendium.com/water-activities
adult_18390,adult,hoạt động dưới nước,Water Activities,"Windsurfing, competition, pumping cho tốc độ","Windsurfing, competition, pumping for speed",14.0,MET,3.5,ml/kg/min,vigorous,False,False,False,https://pacompendium.com/water-activities
adult_18404,adult,hoạt động dưới nước,Water Activities,"Aquatic đạp xe, 25 W, 40-50 RPM","Aquatic cycling, 25 W, 40-50 RPM",2.8,MET,3.5,ml/kg/min,light,True,False,False,https://pacompendium.com/water-activities
adult_18408,adult,hoạt động dưới nước,Water Activities,"Aquatic đạp xe, 25 W, 60-70 RPM","Aquatic cycling, 25 W, 60-70 RPM",4.8,MET,3.5,ml/kg/min,moderate,True,False,False,https://pacompendium.com/water-activities
adult_18412,adult,hoạt động dưới nước,Water Activities,"Aquatic đạp xe, 50 W, 40-50 RPM","Aquatic cycling, 50 W, 40-50 RPM",3.8,MET,3.5,ml/kg/min,moderate,True,False,False,https://pacompendium.com/water-activities
adult_18416,adult,hoạt động dưới nước,Water Activities,"Aquatic đạp xe, 50 W, 60-70 RPM","Aquatic cycling, 50 W, 60-70 RPM",6.0,MET,3.5,ml/kg/min,vigorous,False,False,False,https://pacompendium.com/water-activities
adult_18420,adult,hoạt động dưới nước,Water Activities,"Aquatic đạp xe, 75 W, 40-50 RPM","Aquatic cycling, 75 W, 40-50 RPM",5.0,MET,3.5,ml/kg/min,moderate,True,False,False,https://pacompendium.com/water-activities
adult_18424,adult,hoạt động dưới nước,Water Activities,"Aquatic đạp xe, 75 W, 60-70 RPM","Aquatic cycling, 75 W, 60-70 RPM",6.3,MET,3.5,ml/kg/min,vigorous,False,False,False,https://pacompendium.com/water-activities
adult_18428,adult,hoạt động dưới nước,Water Activities,"Aquatic đạp xe, 100 W, 40-50 RPM","Aquatic cycling, 100 W, 40-50 RPM",6.3,MET,3.5,ml/kg/min,vigorous,False,False,False,https://pacompendium.com/water-activities
adult_18432,adult,hoạt động dưới nước,Water Activities,"Aquatic đạp xe, 100 W, 60-70 RPM","Aquatic cycling, 100 W, 60-70 RPM",7.5,MET,3.5,ml/kg/min,vigorous,False,False,False,https://pacompendium.com/water-activities
adult_18436,adult,hoạt động dưới nước,Water Activities,"Aquatic đạp xe, 80-89 RPM","Aquatic cycling, 80-89 RPM",8.5,MET,3.5,ml/kg/min,vigorous,False,False,False,https://pacompendium.com/water-activities
adult_18440,adult,hoạt động dưới nước,Water Activities,"Aquatic đạp xe, 90+ RPM","Aquatic cycling, 90+ RPM",10.3,MET,3.5,ml/kg/min,vigorous,False,False,False,https://pacompendium.com/water-activities
adult_19005,adult,hoạt động mùa đông,Winter Activities,"Dog sledding, mushing","Dog sledding, mushing",7.5,MET,3.5,ml/kg/min,vigorous,False,False,False,https://pacompendium.com/winter-activities
adult_19006,adult,hoạt động mùa đông,Winter Activities,"Dog sledding, passenger","Dog sledding, passenger",2.5,MET,3.5,ml/kg/min,light,True,False,False,https://pacompendium.com/winter-activities
adult_19010,adult,hoạt động mùa đông,Winter Activities,"Moving icehouse, set up/drill holes","Moving icehouse, set up/drill holes",6.0,MET,3.5,ml/kg/min,vigorous,False,False,False,https://pacompendium.com/winter-activities
adult_19011,adult,hoạt động mùa đông,Winter Activities,Ice câu cá,Ice fishing,2.0,MET,3.5,ml/kg/min,light,True,False,False,https://pacompendium.com/winter-activities
adult_19018,adult,hoạt động mùa đông,Winter Activities,"Skating, ice khiêu vũ","Skating, ice dancing",14.0,MET,3.5,ml/kg/min,vigorous,False,False,False,https://pacompendium.com/winter-activities
adult_19020,adult,hoạt động mùa đông,Winter Activities,"Skating, ice, 9 mph hoặc less","Skating, ice, 9 mph or less",5.5,MET,3.5,ml/kg/min,moderate,True,False,False,https://pacompendium.com/winter-activities
adult_19030,adult,hoạt động mùa đông,Winter Activities,"Skating, ice, chung (Taylor Code 360)","Skating, ice, general (Taylor Code 360)",7.0,MET,3.5,ml/kg/min,vigorous,False,False,False,https://pacompendium.com/winter-activities
adult_19040,adult,hoạt động mùa đông,Winter Activities,"Skating, ice, rapidly, more than 9 mph but not competitive","Skating, ice, rapidly, more than 9 mph but not competitive",9.0,MET,3.5,ml/kg/min,vigorous,False,False,False,https://pacompendium.com/winter-activities
adult_19045,adult,hoạt động mùa đông,Winter Activities,"Skating Treadmill, 6 – 6.9 mph, 2% grade","Skating Treadmill, 6 – 6.9 mph, 2% grade",9.0,MET,3.5,ml/kg/min,vigorous,False,False,False,https://pacompendium.com/winter-activities
adult_19046,adult,hoạt động mùa đông,Winter Activities,"Skating Treadmill, 7 – 7.9 mph, 2% grade","Skating Treadmill, 7 – 7.9 mph, 2% grade",10.0,MET,3.5,ml/kg/min,vigorous,False,False,False,https://pacompendium.com/winter-activities
adult_19047,adult,hoạt động mùa đông,Winter Activities,"Skating Treadmill, 8 – 8.9 mph, 2% grade","Skating Treadmill, 8 – 8.9 mph, 2% grade",10.5,MET,3.5,ml/kg/min,vigorous,False,False,False,https://pacompendium.com/winter-activities
adult_19048,adult,hoạt động mùa đông,Winter Activities,"Skating Treadmill, 9 – 9.9 mph, 2% grade","Skating Treadmill, 9 – 9.9 mph, 2% grade",11.0,MET,3.5,ml/kg/min,vigorous,False,False,False,https://pacompendium.com/winter-activities
adult_19050,adult,hoạt động mùa đông,Winter Activities,"Skating, tốc độ, competitive","Skating, speed, competitive",13.8,MET,3.5,ml/kg/min,vigorous,False,False,False,https://pacompendium.com/winter-activities
adult_19060,adult,hoạt động mùa đông,Winter Activities,"Ski nhảy, climb up mang vác skis","Ski jumping, climb up carrying skis",7.0,MET,3.5,ml/kg/min,vigorous,False,False,False,https://pacompendium.com/winter-activities
adult_19075,adult,hoạt động mùa đông,Winter Activities,"Skiing, chung","Skiing, general",7.0,MET,3.5,ml/kg/min,vigorous,False,False,False,https://pacompendium.com/winter-activities
adult_19080,adult,hoạt động mùa đông,Winter Activities,"Skiing, cross country, 2.5 mph, chậm hoặc nhẹ nỗ lực, ski đi bộ","Skiing, cross country, 2.5 mph, slow or light effort, ski walking",6.8,MET,3.5,ml/kg/min,vigorous,False,False,False,https://pacompendium.com/winter-activities
adult_19090,adult,hoạt động mùa đông,Winter Activities,"Skiing, cross country, 4.0-4.9 mph, vừa tốc độ và nỗ lực, chung","Skiing, cross country, 4.0-4.9 mph, moderate speed and effort, general",8.5,MET,3.5,ml/kg/min,vigorous,False,False,False,https://pacompendium.com/winter-activities
adult_19100,adult,hoạt động mùa đông,Winter Activities,"Skiing, cross country, 5.0-7.9 mph, brisk tốc độ, mạnh nỗ lực","Skiing, cross country, 5.0-7.9 mph, brisk speed, vigorous effort",11.3,MET,3.5,ml/kg/min,vigorous,False,False,False,https://pacompendium.com/winter-activities
adult_19110,adult,hoạt động mùa đông,Winter Activities,"Skiing, cross country, elite skier, >8.0-11.9 mph, racing","Skiing, cross country, elite skier, >8.0-11.9 mph, racing",14.0,MET,3.5,ml/kg/min,vigorous,False,False,False,https://pacompendium.com/winter-activities
adult_19112,adult,hoạt động mùa đông,Winter Activities,"Skiing, cross country, 12-16 mph, elite skier, racing","Skiing, cross country, 12-16 mph, elite skier, racing",16.0,MET,3.5,ml/kg/min,vigorous,False,False,False,https://pacompendium.com/winter-activities
adult_19115,adult,hoạt động mùa đông,Winter Activities,"Skiing, cross-country skiing high-intensity training","Skiing, cross-country skiing high-intensity training",9.5,MET,3.5,ml/kg/min,vigorous,False,False,False,https://pacompendium.com/winter-activities
adult_19130,adult,hoạt động mùa đông,Winter Activities,"Skiing, cross country, khó snow, lên dốc, maximum, snow mountaineering","Skiing, cross country, hard snow, uphill, maximum, snow mountaineering",15.5,MET,3.5,ml/kg/min,vigorous,False,False,False,https://pacompendium.com/winter-activities
adult_19135,adult,hoạt động mùa đông,Winter Activities,"Skiing, cross-country, skating","Skiing, cross-country, skating",13.3,MET,3.5,ml/kg/min,vigorous,False,False,False,https://pacompendium.com/winter-activities
adult_19140,adult,hoạt động mùa đông,Winter Activities,"Skiing, cross-country, biathlon, skating technique","Skiing, cross-country, biathlon, skating technique",13.5,MET,3.5,ml/kg/min,vigorous,False,False,False,https://pacompendium.com/winter-activities
adult_19142,adult,hoạt động mùa đông,Winter Activities,"Biathlon training, 5 degree incline, 8 km/h (5 mph), with/without rifle","Biathlon training, 5 degree incline, 8 km/h (5 mph), with/without rifle",12.8,MET,3.5,ml/kg/min,vigorous,False,False,False,https://pacompendium.com/winter-activities
adult_19144,adult,hoạt động mùa đông,Winter Activities,"Biathlon training, 5 degree incline, 10.7 km/h (6.6 mph), with/without rifle","Biathlon training, 5 degree incline, 10.7 km/h (6.6 mph), with/without rifle",15.8,MET,3.5,ml/kg/min,vigorous,False,False,False,https://pacompendium.com/winter-activities
adult_19146,adult,hoạt động mùa đông,Winter Activities,"Skiing, slalom","Skiing, slalom",9.3,MET,3.5,ml/kg/min,vigorous,False,False,False,https://pacompendium.com/winter-activities
adult_19150,adult,hoạt động mùa đông,Winter Activities,"Skiing, xuống dốc, alpine hoặc snowboarding, nhẹ nỗ lực, active time only","Skiing, downhill, alpine or snowboarding, light effort, active time only",4.3,MET,3.5,ml/kg/min,moderate,True,False,False,https://pacompendium.com/winter-activities
adult_19160,adult,hoạt động mùa đông,Winter Activities,"Skiing, xuống dốc, alpine hoặc snowboarding, vừa nỗ lực, chung, active time only","Skiing, downhill, alpine or snowboarding, moderate effort, general, active time only",6.3,MET,3.5,ml/kg/min,vigorous,False,False,False,https://pacompendium.com/winter-activities
adult_19170,adult,hoạt động mùa đông,Winter Activities,"Skiing, xuống dốc, alpine hoặc snowboarding, mạnh nỗ lực, active time only","Skiing, downhill, alpine or snowboarding, vigorous effort, active time only",8.0,MET,3.5,ml/kg/min,vigorous,False,False,False,https://pacompendium.com/winter-activities
adult_19174,adult,hoạt động mùa đông,Winter Activities,"Skiing, Alpine skiing high-intensity training","Skiing, Alpine skiing high-intensity training",7.3,MET,3.5,ml/kg/min,vigorous,False,False,False,https://pacompendium.com/winter-activities
adult_19180,adult,hoạt động mùa đông,Winter Activities,"Sledding, tobogganing, bobsledding, luge (Taylor Code 370)","Sledding, tobogganing, bobsledding, luge (Taylor Code 370)",7.0,MET,3.5,ml/kg/min,vigorous,False,False,False,https://pacompendium.com/winter-activities
adult_19190,adult,hoạt động mùa đông,Winter Activities,"Snow shoeing, vừa nỗ lực","Snow shoeing, moderate effort",5.3,MET,3.5,ml/kg/min,moderate,True,False,False,https://pacompendium.com/winter-activities
adult_19192,adult,hoạt động mùa đông,Winter Activities,"Snow shoeing, mạnh nỗ lực","Snow shoeing, vigorous effort",10.0,MET,3.5,ml/kg/min,vigorous,False,False,False,https://pacompendium.com/winter-activities
adult_19200,adult,hoạt động mùa đông,Winter Activities,"Snowmobiling, driving, vừa tốc độ, flat land","Snowmobiling, driving, moderate pace, flat land",3.8,MET,3.5,ml/kg/min,moderate,True,False,False,https://pacompendium.com/winter-activities
adult_19201,adult,hoạt động mùa đông,Winter Activities,"snowboarding, recreational, vừa tốc độ, mountain","snowboarding, recreational, moderate pace, mountain",7.5,MET,3.5,ml/kg/min,vigorous,False,False,False,https://pacompendium.com/winter-activities
adult_19202,adult,hoạt động mùa đông,Winter Activities,"Snowmobiling, passenger, nhẹ","Snowmobiling, passenger, light",2.0,MET,3.5,ml/kg/min,light,True,False,False,https://pacompendium.com/winter-activities
adult_19252,adult,hoạt động mùa đông,Winter Activities,"Snow shoveling, by hand, vừa nỗ lực","Snow shoveling, by hand, moderate effort",5.3,MET,3.5,ml/kg/min,moderate,True,False,False,https://pacompendium.com/winter-activities
adult_19254,adult,hoạt động mùa đông,Winter Activities,"Snow shoveling, by hand, mạnh nỗ lực","Snow shoveling, by hand, vigorous effort",7.5,MET,3.5,ml/kg/min,vigorous,False,False,False,https://pacompendium.com/winter-activities
adult_19260,adult,hoạt động mùa đông,Winter Activities,"Snow blower, đi bộ và đẩy","Snow blower, walking and pushing",2.5,MET,3.5,ml/kg/min,light,True,False,False,https://pacompendium.com/winter-activities
adult_19300,adult,hoạt động mùa đông,Winter Activities,"Skiing, roller, elite racers","Skiing, roller, elite racers",12.5,MET,3.5,ml/kg/min,vigorous,False,False,False,https://pacompendium.com/winter-activities
adult_19305,adult,hoạt động mùa đông,Winter Activities,"Rollerskiing, 10 – 12.9 km/h, no incline","Rollerskiing, 10 – 12.9 km/h, no incline",5.5,MET,3.5,ml/kg/min,moderate,True,False,False,https://pacompendium.com/winter-activities
adult_19310,adult,hoạt động mùa đông,Winter Activities,"Rollerskiing, 13 – 16.9 km/h, no incline","Rollerskiing, 13 – 16.9 km/h, no incline",6.8,MET,3.5,ml/kg/min,vigorous,False,False,False,https://pacompendium.com/winter-activities
adult_19315,adult,hoạt động mùa đông,Winter Activities,"Rollerskiing, 17 – 19.9 km/h, no incline","Rollerskiing, 17 – 19.9 km/h, no incline",8.3,MET,3.5,ml/kg/min,vigorous,False,False,False,https://pacompendium.com/winter-activities
adult_19320,adult,hoạt động mùa đông,Winter Activities,"Rollerskiing, 20 – 23.9 km/h, no incline","Rollerskiing, 20 – 23.9 km/h, no incline",10.5,MET,3.5,ml/kg/min,vigorous,False,False,False,https://pacompendium.com/winter-activities
adult_19325,adult,hoạt động mùa đông,Winter Activities,"Rollerskiing, 24 – 27.9 km/h, no incline","Rollerskiing, 24 – 27.9 km/h, no incline",15.0,MET,3.5,ml/kg/min,vigorous,False,False,False,https://pacompendium.com/winter-activities
adult_19330,adult,hoạt động mùa đông,Winter Activities,"Rollerskiing, 10-15 km/h, 2-5 degree incline","Rollerskiing, 10-15 km/h, 2-5 degree incline",12.5,MET,3.5,ml/kg/min,vigorous,False,False,False,https://pacompendium.com/winter-activities
adult_19335,adult,hoạt động mùa đông,Winter Activities,"Rollerskiing, 16-22 km/h, 2-5 degree incline","Rollerskiing, 16-22 km/h, 2-5 degree incline",14.3,MET,3.5,ml/kg/min,vigorous,False,False,False,https://pacompendium.com/winter-activities
adult_19340,adult,hoạt động mùa đông,Winter Activities,"Rollerskiing, 6-9 km/h, 6-10 degree incline","Rollerskiing, 6-9 km/h, 6-10 degree incline",12.3,MET,3.5,ml/kg/min,vigorous,False,False,False,https://pacompendium.com/winter-activities
adult_19345,adult,hoạt động mùa đông,Winter Activities,"Rollerskiing, >10 km/h, 6-10 degree incline","Rollerskiing, >10 km/h, 6-10 degree incline",16.0,MET,3.5,ml/kg/min,vigorous,False,False,False,https://pacompendium.com/winter-activities
adult_19400,adult,hoạt động mùa đông,Winter Activities,"Mountaineering, xuống dốc leo núi, đi bộ down với rope","Mountaineering, downhill climbing, walking down with rope",9.0,MET,3.5,ml/kg/min,vigorous,False,False,False,https://pacompendium.com/winter-activities
adult_19405,adult,hoạt động mùa đông,Winter Activities,"Mountaineering, xuống dốc climbing/cross-country skiing","Mountaineering, downhill climbing/cross-country skiing",10.3,MET,3.5,ml/kg/min,vigorous,False,False,False,https://pacompendium.com/winter-activities
adult_20000,adult,hoạt động tôn giáo,Religious Activities,"ngồi trong church, trong service, attending a ceremony, ngồi quietly","Sitting in church, in service, attending a ceremony, sitting quietly",1.0,MET,3.5,ml/kg/min,sedentary,True,False,False,https://pacompendium.com/religious-activities
adult_20001,adult,hoạt động tôn giáo,Religious Activities,"ngồi, playing an instrument at church","Sitting, playing an instrument at church",2.0,MET,3.5,ml/kg/min,light,True,False,False,https://pacompendium.com/religious-activities
adult_20005,adult,hoạt động tôn giáo,Religious Activities,"ngồi trong church, talking hoặc singing, attending a ceremony, ngồi, active participation","Sitting in church, talking or singing, attending a ceremony, sitting, active participation",1.8,MET,3.5,ml/kg/min,light,True,False,False,https://pacompendium.com/religious-activities
adult_20010,adult,hoạt động tôn giáo,Religious Activities,"ngồi, reading religious materials at home","Sitting, reading religious materials at home",1.5,MET,3.5,ml/kg/min,sedentary,True,False,False,https://pacompendium.com/religious-activities
adult_20015,adult,hoạt động tôn giáo,Religious Activities,"đứng quietly trong church, attending a ceremony","Standing quietly in church, attending a ceremony",1.3,MET,3.5,ml/kg/min,sedentary,True,False,False,https://pacompendium.com/religious-activities
adult_20020,adult,hoạt động tôn giáo,Religious Activities,"đứng, singing trong church, attending a ceremony, đứng, active participation","Standing, singing in church, attending a ceremony, standing, active participation",2.0,MET,3.5,ml/kg/min,light,True,False,False,https://pacompendium.com/religious-activities
adult_20025,adult,hoạt động tôn giáo,Religious Activities,"Kneeling trong church hoặc at home, praying","Kneeling in church or at home, praying",1.3,MET,3.5,ml/kg/min,sedentary,True,False,False,https://pacompendium.com/religious-activities
adult_20030,adult,hoạt động tôn giáo,Religious Activities,"đứng, talking trong church","Standing, talking in church",1.3,MET,3.5,ml/kg/min,sedentary,True,False,False,https://pacompendium.com/religious-activities
adult_20035,adult,hoạt động tôn giáo,Religious Activities,đi bộ trong church,Walking in church,2.0,MET,3.5,ml/kg/min,light,True,False,False,https://pacompendium.com/religious-activities
adult_20036,adult,hoạt động tôn giáo,Religious Activities,"đi bộ, less than 2.0 mph, very chậm","Walking, less than 2.0 mph, very slow",2.0,MET,3.5,ml/kg/min,light,True,False,False,https://pacompendium.com/religious-activities
adult_20039,adult,hoạt động tôn giáo,Religious Activities,"Walk/stand combination cho religious purposes, usher","Walk/stand combination for religious purposes, usher",2.0,MET,3.5,ml/kg/min,light,True,False,False,https://pacompendium.com/religious-activities
adult_20040,adult,hoạt động tôn giáo,Religious Activities,"Praise với dance hoặc run, spiritual khiêu vũ trong church","Praise with dance or run, spiritual dancing in church",5.0,MET,3.5,ml/kg/min,moderate,True,False,False,https://pacompendium.com/religious-activities
adult_20045,adult,hoạt động tôn giáo,Religious Activities,Serving food at church,Serving food at church,2.3,MET,3.5,ml/kg/min,light,True,False,False,https://pacompendium.com/religious-activities
adult_20046,adult,hoạt động tôn giáo,Religious Activities,Preparing food at church,Preparing food at church,2.0,MET,3.5,ml/kg/min,light,True,False,False,https://pacompendium.com/religious-activities
adult_20047,adult,hoạt động tôn giáo,Religious Activities,"Washing dishes, cleaning kitchen at church","Washing dishes, cleaning kitchen at church",3.3,MET,3.5,ml/kg/min,moderate,True,False,False,https://pacompendium.com/religious-activities
adult_20050,adult,hoạt động tôn giáo,Religious Activities,Eating at church,Eating at church,1.5,MET,3.5,ml/kg/min,sedentary,True,False,False,https://pacompendium.com/religious-activities
adult_20055,adult,hoạt động tôn giáo,Religious Activities,"Eating/talking at church hoặc đứng eating, American Indian Feast days","Eating/talking at church or standing eating, American Indian Feast days",2.0,MET,3.5,ml/kg/min,light,True,False,False,https://pacompendium.com/religious-activities
adult_20060,adult,hoạt động tôn giáo,Religious Activities,Cleaning church,Cleaning church,3.3,MET,3.5,ml/kg/min,moderate,True,False,False,https://pacompendium.com/religious-activities
adult_20061,adult,hoạt động tôn giáo,Religious Activities,chung yard work at church,General yard work at church,4.0,MET,3.5,ml/kg/min,moderate,True,False,False,https://pacompendium.com/religious-activities
adult_20065,adult,hoạt động tôn giáo,Religious Activities,"đứng, vừa nỗ lực (e.g., nâng heavy objects, assembling at nhanh rate)","Standing , moderate effort (e.g., lifting heavy objects, assembling at fast rate)",3.8,MET,3.5,ml/kg/min,moderate,True,False,False,https://pacompendium.com/religious-activities
adult_20095,adult,hoạt động tôn giáo,Religious Activities,"đứng, moderate-to-heavy nỗ lực, manual labor, nâng ≥ 50 lbs, heavy maintenance","Standing, moderate-to-heavy effort, manual labor, lifting ≥ 50 lbs, heavy maintenance",4.5,MET,3.5,ml/kg/min,moderate,True,False,False,https://pacompendium.com/religious-activities
adult_21000,adult,hoạt động tình nguyện,Volunteer Activities,"ngồi, meeting, chung, and/or với talking involved","sitting, meeting, general, and/or with talking involved",1.3,MET,3.5,ml/kg/min,sedentary,True,False,False,https://pacompendium.com/volunteer-activities
adult_21005,adult,hoạt động tình nguyện,Volunteer Activities,"ngồi, nhẹ office work, trong chung","Sitting, light office work, in general",1.5,MET,3.5,ml/kg/min,sedentary,True,False,False,https://pacompendium.com/volunteer-activities
adult_21010,adult,hoạt động tình nguyện,Volunteer Activities,"ngồi, vừa work","Sitting, moderate work",2.5,MET,3.5,ml/kg/min,light,True,False,False,https://pacompendium.com/volunteer-activities
adult_21015,adult,hoạt động tình nguyện,Volunteer Activities,"đứng, nhẹ work (filing, talking, assembling)","Standing, light work (filing, talking, assembling)",1.8,MET,3.5,ml/kg/min,light,True,False,False,https://pacompendium.com/volunteer-activities
adult_21016,adult,hoạt động tình nguyện,Volunteer Activities,"ngồi, child care, only active periods","Sitting, child care, only active periods",2.0,MET,3.5,ml/kg/min,light,True,False,False,https://pacompendium.com/volunteer-activities
adult_21017,adult,hoạt động tình nguyện,Volunteer Activities,"đứng, child care, only active periods","Standing, child care, only active periods",3.5,MET,3.5,ml/kg/min,moderate,True,False,False,https://pacompendium.com/volunteer-activities
adult_21018,adult,hoạt động tình nguyện,Volunteer Activities,"Walk/run play với children, vừa, only active periods","Walk/run play with children, moderate, only active periods",3.5,MET,3.5,ml/kg/min,moderate,True,False,False,https://pacompendium.com/volunteer-activities
adult_21019,adult,hoạt động tình nguyện,Volunteer Activities,"Walk/run play với children, mạnh, only active periods","Walk/run play with children, vigorous, only active periods",5.8,MET,3.5,ml/kg/min,moderate,True,False,False,https://pacompendium.com/volunteer-activities
adult_21020,adult,hoạt động tình nguyện,Volunteer Activities,"đứng, light/moderate work (e.g., pack boxes, assemble/repair, set up chairs/furniture)","Standing, light/moderate work (e.g., pack boxes, assemble/repair, set up chairs/furniture)",3.3,MET,3.5,ml/kg/min,moderate,True,False,False,https://pacompendium.com/volunteer-activities
adult_21025,adult,hoạt động tình nguyện,Volunteer Activities,"đứng, vừa (e.g., nâng 50 lbs., assembling at nhanh rate)","Standing, moderate (e.g., lifting 50 lbs., assembling at fast rate)",3.5,MET,3.5,ml/kg/min,moderate,True,False,False,https://pacompendium.com/volunteer-activities
adult_21030,adult,hoạt động tình nguyện,Volunteer Activities,"đứng, moderate/heavy work","Standing, moderate/heavy work",4.5,MET,3.5,ml/kg/min,moderate,True,False,False,https://pacompendium.com/volunteer-activities
adult_21035,adult,hoạt động tình nguyện,Volunteer Activities,"Typing, electric, manual, hoặc computer","Typing, electric, manual, or computer",1.3,MET,3.5,ml/kg/min,sedentary,True,False,False,https://pacompendium.com/volunteer-activities
adult_21040,adult,hoạt động tình nguyện,Volunteer Activities,"đi bộ, less than 2.0 mph, very chậm","Walking, less than 2.0 mph, very slow",2.3,MET,3.5,ml/kg/min,light,True,False,False,https://pacompendium.com/volunteer-activities
adult_21045,adult,hoạt động tình nguyện,Volunteer Activities,"đi bộ, 2.8 to 3.4 mph, vừa tốc độ, not mang vác anything","Walking, 2.8 to 3.4 mph, moderate speed, not carrying anything",3.8,MET,3.5,ml/kg/min,moderate,True,False,False,https://pacompendium.com/volunteer-activities
adult_21050,adult,hoạt động tình nguyện,Volunteer Activities,"đi bộ, 3.5 to 3.9 mph, brisk tốc độ, not mang vác anything","Walking, 3.5 to 3.9 mph, brisk speed, not carrying anything",4.8,MET,3.5,ml/kg/min,moderate,True,False,False,https://pacompendium.com/volunteer-activities
adult_21055,adult,hoạt động tình nguyện,Volunteer Activities,"đi bộ, 2.5 mph slowly và mang vác objects less than 25 pounds","Walking, 2.5 mph slowly and carrying objects less than 25 pounds",3.5,MET,3.5,ml/kg/min,moderate,True,False,False,https://pacompendium.com/volunteer-activities
adult_21060,adult,hoạt động tình nguyện,Volunteer Activities,"đi bộ, 3.0 mph moderately và mang vác objects less than 25 pounds, đẩy something","Walking, 3.0 mph moderately and carrying objects less than 25 pounds, pushing something",4.5,MET,3.5,ml/kg/min,moderate,True,False,False,https://pacompendium.com/volunteer-activities
adult_21065,adult,hoạt động tình nguyện,Volunteer Activities,"đi bộ, 3.5 mph, briskly và mang vác objects less than 25 pounds","Walking, 3.5 mph, briskly and carrying objects less than 25 pounds",4.5,MET,3.5,ml/kg/min,moderate,True,False,False,https://pacompendium.com/volunteer-activities
adult_21070,adult,hoạt động tình nguyện,Volunteer Activities,"Walk/stand combination, cho volunteer purposes","Walk/stand combination, for volunteer purposes",3.0,MET,3.5,ml/kg/min,moderate,True,False,False,https://pacompendium.com/volunteer-activities
adult_22040,adult,chơi game,Video Games,"Seated, video game, handheld controller (inactive)","Seated, video game, handheld controller (inactive)",1.3,MET,3.5,ml/kg/min,sedentary,True,False,False,https://pacompendium.com/video-games
adult_22120,adult,chơi game,Video Games,"Video game, handheld controller nhẹ nỗ lực","Video game, handheld controller (light effort)",1.5,MET,3.5,ml/kg/min,sedentary,True,False,False,https://pacompendium.com/video-games
adult_22160,adult,chơi game,Video Games,"Video game, nhẹ nỗ lực (Wii Fit, yoga, bowling, etc.)","Video game, light effort (Wii Fit, yoga, bowling, etc.)",2.3,MET,3.5,ml/kg/min,light,True,False,False,https://pacompendium.com/video-games
adult_22200,adult,chơi game,Video Games,"Active video game, motion sensing game/using upper body nhẹ to vừa nỗ lực","Active video game, motion sensing game/using upper body (light to moderate effort)",3.0,MET,3.5,ml/kg/min,moderate,True,False,False,https://pacompendium.com/video-games
adult_22240,adult,chơi game,Video Games,"Active video game, motion sensing game/using total body vừa nỗ lực","Active video game, motion sensing game/using total body (moderate effort)",4.0,MET,3.5,ml/kg/min,moderate,True,False,False,https://pacompendium.com/video-games
adult_22280,adult,chơi game,Video Games,"Active video game, motion sensing game/using total body (moderate-to-vigorous nỗ lực","Active video game, motion sensing game/using total body (moderate-to-vigorous effort)",5.0,MET,3.5,ml/kg/min,moderate,True,False,False,https://pacompendium.com/video-games
adult_22320,adult,chơi game,Video Games,"Active video game, motion sensing game/using total body, exergames, workouts, khiêu vũ mạnh nỗ lực","Active video game, motion sensing game/using total body, exergames, workouts, dancing (vigorous effort)",7.5,MET,3.5,ml/kg/min,vigorous,False,False,False,https://pacompendium.com/video-games
adult_22360,adult,chơi game,Video Games,"Conditioning/exercise virtual reality fitness, mạnh intensity","Conditioning/exercise virtual reality fitness, vigorous intensity",9.8,MET,3.5,ml/kg/min,vigorous,False,False,False,https://pacompendium.com/video-games
older_0101060,older_adult,đạp xe,Bicycling,"đạp xe, tại chỗ, chung, vừa nỗ lực","Bicycling, stationary, general, moderate effort",5.3,MET_60_PLUS,2.7,ml/kg/min,moderate,True,True,False,https://pacompendium.com/older-adult-compendium/
older_0101160,older_adult,đạp xe,Bicycling,"đạp xe, tại chỗ, 30-50 watts, vừa nỗ lực","Bicycling, stationary, 30-50 watts, moderate effort",4.3,MET_60_PLUS,2.7,ml/kg/min,moderate,True,True,False,https://pacompendium.com/older-adult-compendium/
older_0101260,older_adult,đạp xe,Bicycling,"đạp xe, tại chỗ, 90-100 watts, mạnh nỗ lực","Bicycling, stationary, 90-100 watts, vigorous effort",6.3,MET_60_PLUS,2.7,ml/kg/min,vigorous,False,True,False,https://pacompendium.com/older-adult-compendium/
older_0101360,older_adult,đạp xe,Bicycling,"đạp xe, tại chỗ, 101-160 watts, mạnh nỗ lực","Bicycling, stationary, 101-160 watts, vigorous effort",7.8,MET_60_PLUS,2.7,ml/kg/min,vigorous,False,True,False,https://pacompendium.com/older-adult-compendium/
older_0101760,older_adult,đạp xe,Bicycling,"đạp xe, tại chỗ, 51-89 watts, moderate-to-vigorous nỗ lực","Bicycling, stationary, 51-89 watts, moderate-to-vigorous effort",4.5,MET_60_PLUS,2.7,ml/kg/min,moderate,True,True,False,https://pacompendium.com/older-adult-compendium/
older_0202260,older_adult,thể lực,Conditioning,"Calisthenics (e.g., push-ups, sit-ups, pull-ups, lunges), vừa nỗ lực","Calisthenics (e.g., push-ups, sit-ups, pull-ups, lunges), moderate effort",3.5,MET_60_PLUS,2.7,ml/kg/min,moderate,True,True,False,https://pacompendium.com/older-adult-compendium/
older_0203560,older_adult,thể lực,Conditioning,"Circuit training, Parcour-type, vừa nỗ lực","Circuit training, Parcour-type, moderate effort",4.5,MET_60_PLUS,2.7,ml/kg/min,moderate,True,True,False,https://pacompendium.com/older-adult-compendium/
older_0204760,older_adult,thể lực,Conditioning,"Elliptical trainer, nhẹ nỗ lực","Elliptical trainer, light effort",3.0,MET_60_PLUS,2.7,ml/kg/min,moderate,True,True,False,https://pacompendium.com/older-adult-compendium/
older_0205160,older_adult,thể lực,Conditioning,"kháng lực (weight) training, squats, nhẹ nỗ lực","Resistance (weight) training, squats, light effort",3.0,MET_60_PLUS,2.7,ml/kg/min,moderate,True,True,False,https://pacompendium.com/older-adult-compendium/
older_0205360,older_adult,thể lực,Conditioning,"kháng lực Training, chung, nhẹ nỗ lực","Resistance Training, general, light effort",2.3,MET_60_PLUS,2.7,ml/kg/min,light,True,True,False,https://pacompendium.com/older-adult-compendium/
older_0205460,older_adult,thể lực,Conditioning,"kháng lực (weight) training, multiple exercises, 8-15 repetitions at varied kháng lực","Resistance (weight) training, multiple exercises, 8-15 repetitions at varied resistance",4.3,MET_60_PLUS,2.7,ml/kg/min,moderate,True,True,False,https://pacompendium.com/older-adult-compendium/
older_0206260,older_adult,thể lực,Conditioning,"Health club exercise, thể lực classes","Health club exercise, conditioning classes",5.0,MET_60_PLUS,2.7,ml/kg/min,moderate,True,True,False,https://pacompendium.com/older-adult-compendium/
older_0206360,older_adult,thể lực,Conditioning,"Health club exercise, thể lực classes, chair-based","Health club exercise, conditioning classes, chair-based",3.8,MET_60_PLUS,2.7,ml/kg/min,moderate,True,True,False,https://pacompendium.com/older-adult-compendium/
older_0207260,older_adult,thể lực,Conditioning,"Rowing, tại chỗ, 50 to 99 watts, moderate-to-vigorous nỗ lực","Rowing, stationary, 50 to 99 watts, moderate-to-vigorous effort",6.5,MET_60_PLUS,2.7,ml/kg/min,vigorous,False,True,False,https://pacompendium.com/older-adult-compendium/
older_0207360,older_adult,thể lực,Conditioning,"Rowing, tại chỗ, 100 to 149 watts, mạnh nỗ lực","Rowing, stationary, 100 to 149 watts, vigorous effort",9.0,MET_60_PLUS,2.7,ml/kg/min,vigorous,False,True,False,https://pacompendium.com/older-adult-compendium/
older_0211360,older_adult,thể lực,Conditioning,"Therapeutic exercise ball, Fitball exercise, chair exercise","Therapeutic exercise ball, Fitball exercise, chair exercise",3.5,MET_60_PLUS,2.7,ml/kg/min,moderate,True,True,False,https://pacompendium.com/older-adult-compendium/
older_0219060,older_adult,thể lực,Conditioning,"yoga, chung","Yoga, general",2.5,MET_60_PLUS,2.7,ml/kg/min,light,True,True,False,https://pacompendium.com/older-adult-compendium/
older_0219160,older_adult,thể lực,Conditioning,"yoga, chair, chung","Yoga, chair, general",2.8,MET_60_PLUS,2.7,ml/kg/min,light,True,True,False,https://pacompendium.com/older-adult-compendium/
older_0221060,older_adult,thể lực,Conditioning,"thái cực quyền, chung","Tai Chi, general",3.8,MET_60_PLUS,2.7,ml/kg/min,moderate,True,True,False,https://pacompendium.com/older-adult-compendium/
older_0221160,older_adult,thể lực,Conditioning,"thái cực quyền, chair, chung","Tai Chi, chair, general",2.8,MET_60_PLUS,2.7,ml/kg/min,light,True,True,False,https://pacompendium.com/older-adult-compendium/
older_0303060,older_adult,khiêu vũ / nhảy,Dancing,"Ballroom Dance (tango, chậm waltz, foxtrot)","Ballroom Dance (tango, slow waltz, foxtrot)",6.0,MET_60_PLUS,2.7,ml/kg/min,vigorous,False,True,False,https://pacompendium.com/older-adult-compendium/
older_0303160,older_adult,khiêu vũ / nhảy,Dancing,"Dance class, chung","Dance class, General",6.3,MET_60_PLUS,2.7,ml/kg/min,vigorous,False,True,False,https://pacompendium.com/older-adult-compendium/
older_0303260,older_adult,khiêu vũ / nhảy,Dancing,"Smooth Dance (Mazurka, Viennese Walk, Polka)","Smooth Dance (Mazurka, Viennese Walk, Polka)",7.3,MET_60_PLUS,2.7,ml/kg/min,vigorous,False,True,False,https://pacompendium.com/older-adult-compendium/
older_0501060,older_adult,hoạt động tại nhà,Home Activities,"Cleaning, sweeping carpet hoặc floors, chung","Cleaning, sweeping carpet or floors, general",4.3,MET_60_PLUS,2.7,ml/kg/min,moderate,True,True,False,https://pacompendium.com/older-adult-compendium/
older_0502160,older_adult,hoạt động tại nhà,Home Activities,"Cleaning, mopping, đứng, vừa nỗ lực","Cleaning, mopping, standing, Moderate effort",4.3,MET_60_PLUS,2.7,ml/kg/min,moderate,True,True,False,https://pacompendium.com/older-adult-compendium/
older_0502260,older_adult,hoạt động tại nhà,Home Activities,"Cleaning windows, washing windows, chung","Cleaning windows, washing windows, general",3.5,MET_60_PLUS,2.7,ml/kg/min,moderate,True,True,False,https://pacompendium.com/older-adult-compendium/
older_0502360,older_adult,hoạt động tại nhà,Home Activities,"Cleaning, mopping, đứng, nhẹ nỗ lực","Cleaning, mopping, standing, light effort",3.0,MET_60_PLUS,2.7,ml/kg/min,moderate,True,True,False,https://pacompendium.com/older-adult-compendium/
older_0503260,older_adult,hoạt động tại nhà,Home Activities,"Dusting hoặc polishing furniture, chung","Dusting or polishing furniture, general",4.0,MET_60_PLUS,2.7,ml/kg/min,moderate,True,True,False,https://pacompendium.com/older-adult-compendium/
older_0504060,older_adult,hoạt động tại nhà,Home Activities,"Cleaning, mang vác out trash","Cleaning, carrying out trash",4.5,MET_60_PLUS,2.7,ml/kg/min,moderate,True,True,False,https://pacompendium.com/older-adult-compendium/
older_0504160,older_adult,hoạt động tại nhà,Home Activities,"Wash dishes, đứng hoặc trong chung (not broken into stand/walk components)","Wash dishes, standing or in general (not broken into stand/walk components)",2.5,MET_60_PLUS,2.7,ml/kg/min,light,True,True,False,https://pacompendium.com/older-adult-compendium/
older_0504360,older_adult,hoạt động tại nhà,Home Activities,"Cleaning, vacuuming, chung, vừa nỗ lực","Cleaning, vacuuming, general, moderate effort",4.3,MET_60_PLUS,2.7,ml/kg/min,moderate,True,True,False,https://pacompendium.com/older-adult-compendium/
older_0505160,older_adult,hoạt động tại nhà,Home Activities,"Cooking, serving food, setting table, implied đi bộ hoặc đứng","Cooking, serving food, setting table, implied walking or standing",2.8,MET_60_PLUS,2.7,ml/kg/min,light,True,True,False,https://pacompendium.com/older-adult-compendium/
older_0505560,older_adult,hoạt động tại nhà,Home Activities,"Putting away groceries/dishes (e.g. mang vác groceries, storing dishes trong cabinet),","Putting away groceries/dishes (e.g. carrying groceries, storing dishes in cabinet),",3.0,MET_60_PLUS,2.7,ml/kg/min,moderate,True,True,False,https://pacompendium.com/older-adult-compendium/
older_0506060,older_adult,hoạt động tại nhà,Home Activities,"Food shopping với hoặc không có a grocery cart, đứng hoặc đi bộ","Food shopping with or without a grocery cart, standing or walking",3.8,MET_60_PLUS,2.7,ml/kg/min,moderate,True,True,False,https://pacompendium.com/older-adult-compendium/
older_0507060,older_adult,hoạt động tại nhà,Home Activities,Ironing,Ironing,2.8,MET_60_PLUS,2.7,ml/kg/min,light,True,True,False,https://pacompendium.com/older-adult-compendium/
older_0509060,older_adult,hoạt động tại nhà,Home Activities,"Laundry, fold hoặc hang clothes, put clothes trong washer hoặc dryer, packing suitcase, washing clothes by hand, implied đứng, nhẹ nỗ lực","Laundry, fold or hang clothes, put clothes in washer or dryer, packing suitcase, washing clothes by hand, implied standing, light effort",2.0,MET_60_PLUS,2.7,ml/kg/min,light,True,True,False,https://pacompendium.com/older-adult-compendium/
older_0509260,older_adult,hoạt động tại nhà,Home Activities,"Laundry, hanging wash, washing clothes by hand, vừa nỗ lực","Laundry, hanging wash, washing clothes by hand, moderate effort",3.5,MET_60_PLUS,2.7,ml/kg/min,moderate,True,True,False,https://pacompendium.com/older-adult-compendium/
older_0510060,older_adult,hoạt động tại nhà,Home Activities,"Making bed, changing linens","Making bed, changing linens",4.0,MET_60_PLUS,2.7,ml/kg/min,moderate,True,True,False,https://pacompendium.com/older-adult-compendium/
older_0512060,older_adult,hoạt động tại nhà,Home Activities,"Moving furniture, household items, mang vác boxes","Moving furniture, household items, carrying boxes",5.0,MET_60_PLUS,2.7,ml/kg/min,moderate,True,True,False,https://pacompendium.com/older-adult-compendium/
older_0612760,older_adult,hoạt động tại nhà,Home Activities,"sửa chữa nhà cửa, chung, vừa nỗ lực","Home repair, general, moderate effort",4.0,MET_60_PLUS,2.7,ml/kg/min,moderate,True,True,False,https://pacompendium.com/older-adult-compendium/
older_0701060,older_adult,hoạt động tại nhà,Home Activities,Lying quietly và watching television,Lying quietly and watching television,1.3,MET_60_PLUS,2.7,ml/kg/min,sedentary,True,True,False,https://pacompendium.com/older-adult-compendium/
older_0701160,older_adult,hoạt động tại nhà,Home Activities,"Lying quietly, doing nothing, lying trong bed awake,","Lying quietly, doing nothing, lying in bed awake,",1.3,MET_60_PLUS,2.7,ml/kg/min,sedentary,True,True,False,https://pacompendium.com/older-adult-compendium/
older_0702060,older_adult,hoạt động tại nhà,Home Activities,ngồi quietly và watching television,Sitting quietly and watching television,1.3,MET_60_PLUS,2.7,ml/kg/min,sedentary,True,True,False,https://pacompendium.com/older-adult-compendium/
older_0702160,older_adult,hoạt động tại nhà,Home Activities,"ngồi quietly, chung","Sitting quietly, general",1.3,MET_60_PLUS,2.7,ml/kg/min,sedentary,True,True,False,https://pacompendium.com/older-adult-compendium/
older_0704060,older_adult,hoạt động tại nhà,Home Activities,"đứng quietly, đứng trong a line","Standing quietly, standing in a line",1.5,MET_60_PLUS,2.7,ml/kg/min,sedentary,True,True,False,https://pacompendium.com/older-adult-compendium/
older_0805060,older_adult,hoạt động tại nhà,Home Activities,"Digging, spading, filling vườn, compositing, vừa nỗ lực","Digging, spading, filling garden, compositing, moderate effort",4.8,MET_60_PLUS,2.7,ml/kg/min,moderate,True,True,False,https://pacompendium.com/older-adult-compendium/
older_0805260,older_adult,hoạt động tại nhà,Home Activities,"Digging, spading, filling vườn, composting, mạnh nỗ lực","Digging, spading, filling garden, composting, vigorous effort",7.3,MET_60_PLUS,2.7,ml/kg/min,vigorous,False,True,False,https://pacompendium.com/older-adult-compendium/
older_0806160,older_adult,hoạt động tại nhà,Home Activities,"Gardening, building vườn bed","Gardening, building garden bed",4.8,MET_60_PLUS,2.7,ml/kg/min,moderate,True,True,False,https://pacompendium.com/older-adult-compendium/
older_0806560,older_adult,hoạt động tại nhà,Home Activities,"Gardening, mixing soil","Gardening, mixing soil",3.0,MET_60_PLUS,2.7,ml/kg/min,moderate,True,True,False,https://pacompendium.com/older-adult-compendium/
older_0809160,older_adult,hoạt động tại nhà,Home Activities,Laying mulch,Laying mulch,3.5,MET_60_PLUS,2.7,ml/kg/min,moderate,True,True,False,https://pacompendium.com/older-adult-compendium/
older_0809560,older_adult,hoạt động tại nhà,Home Activities,"Mowing vườn, chung","Mowing lawn, general",6.8,MET_60_PLUS,2.7,ml/kg/min,vigorous,False,True,False,https://pacompendium.com/older-adult-compendium/
older_0813560,older_adult,hoạt động tại nhà,Home Activities,"Planting, potting, transplanting seedlings hoặc plants, light-moderate nỗ lực","Planting, potting, transplanting seedlings or plants, light-moderate effort",3.3,MET_60_PLUS,2.7,ml/kg/min,moderate,True,True,False,https://pacompendium.com/older-adult-compendium/
older_0816060,older_adult,hoạt động tại nhà,Home Activities,"Raking vườn hoặc leaves, vừa nỗ lực","Raking lawn or leaves, moderate effort",4.0,MET_60_PLUS,2.7,ml/kg/min,moderate,True,True,False,https://pacompendium.com/older-adult-compendium/
older_0821060,older_adult,hoạt động tại nhà,Home Activities,"Trimming shrubs hoặc trees, manual cutter","Trimming shrubs or trees, manual cutter",3.3,MET_60_PLUS,2.7,ml/kg/min,moderate,True,True,False,https://pacompendium.com/older-adult-compendium/
older_0821560,older_adult,hoạt động tại nhà,Home Activities,"Trimming shrubs hoặc trees, power cutter, using leaf blower, edge, vừa nỗ lực","Trimming shrubs or trees, power cutter, using leaf blower, edge, moderate effort",3.8,MET_60_PLUS,2.7,ml/kg/min,moderate,True,True,False,https://pacompendium.com/older-adult-compendium/
older_0822060,older_adult,hoạt động tại nhà,Home Activities,"đi bộ, applying fertilizer","Walking, applying fertilizer",5.3,MET_60_PLUS,2.7,ml/kg/min,moderate,True,True,False,https://pacompendium.com/older-adult-compendium/
older_0823060,older_adult,hoạt động tại nhà,Home Activities,"Watering vườn hoặc vườn, đứng hoặc đi bộ","Watering lawn or garden, standing or walking",3.3,MET_60_PLUS,2.7,ml/kg/min,moderate,True,True,False,https://pacompendium.com/older-adult-compendium/
older_0823960,older_adult,hoạt động tại nhà,Home Activities,"Weeding, cultivating vườn, light-to-moderate nỗ lực","Weeding, cultivating garden, light-to-moderate effort",4.8,MET_60_PLUS,2.7,ml/kg/min,moderate,True,True,False,https://pacompendium.com/older-adult-compendium/
older_0824660,older_adult,hoạt động tại nhà,Home Activities,"Picking fruit off trees, picking fruits/vegetables, vừa nỗ lực","Picking fruit off trees, picking fruits/vegetables, moderate effort",3.5,MET_60_PLUS,2.7,ml/kg/min,moderate,True,True,False,https://pacompendium.com/older-adult-compendium/
older_0826160,older_adult,hoạt động tại nhà,Home Activities,"Yard work, chung, vừa nỗ lực","Yard work, general, moderate effort",5.0,MET_60_PLUS,2.7,ml/kg/min,moderate,True,True,False,https://pacompendium.com/older-adult-compendium/
older_0826560,older_adult,hoạt động tại nhà,Home Activities,"Gardening, chung, vừa nỗ lực","Gardening, general, moderate effort",3.8,MET_60_PLUS,2.7,ml/kg/min,moderate,True,True,False,https://pacompendium.com/older-adult-compendium/
older_0901060,older_adult,hoạt động tại nhà,Home Activities,"Card playing, ngồi","Card playing, sitting",1.5,MET_60_PLUS,2.7,ml/kg/min,sedentary,True,True,False,https://pacompendium.com/older-adult-compendium/
older_1101060,older_adult,hoạt động tại nhà,Home Activities,"Typing, electric, manual hoặc computer","Typing, electric, manual or computer",1.5,MET_60_PLUS,2.7,ml/kg/min,sedentary,True,True,False,https://pacompendium.com/older-adult-compendium/
older_1202860,older_adult,hoạt động tại nhà,Home Activities,"chạy bộ, 3.6 mph (17 min/mile)","Running, 3.6 mph (17 min/mile)",8.5,MET_60_PLUS,2.7,ml/kg/min,vigorous,False,True,False,https://pacompendium.com/older-adult-compendium/
older_1207060,older_adult,hoạt động tại nhà,Home Activities,"chạy bộ, 7 mph (8.5 min/mile)","Running, 7 mph (8.5 min/mile)",15.8,MET_60_PLUS,2.7,ml/kg/min,vigorous,False,True,False,https://pacompendium.com/older-adult-compendium/
older_1302060,older_adult,hoạt động tại nhà,Home Activities,"Dressing, undressing, đứng hoặc ngồi","Dressing, undressing, standing or sitting",3.0,MET_60_PLUS,2.7,ml/kg/min,moderate,True,True,False,https://pacompendium.com/older-adult-compendium/
older_1304060,older_adult,hoạt động tại nhà,Home Activities,"Grooming, washing hands, shaving, brushing teeth, putting on make-up, ngồi hoặc đứng","Grooming, washing hands, shaving, brushing teeth, putting on make-up, sitting or standing",2.8,MET_60_PLUS,2.7,ml/kg/min,light,True,True,False,https://pacompendium.com/older-adult-compendium/
older_1528560,older_adult,hoạt động tại nhà,Home Activities,"Golf, đi bộ, kéo clubs","Golf, walking, pulling clubs",4.3,MET_60_PLUS,2.7,ml/kg/min,moderate,True,True,False,https://pacompendium.com/older-adult-compendium/
older_1540060,older_adult,hoạt động tại nhà,Home Activities,"Horseback riding, simulated","Horseback riding, simulated",2.8,MET_60_PLUS,2.7,ml/kg/min,light,True,True,False,https://pacompendium.com/older-adult-compendium/
older_1552560,older_adult,hoạt động tại nhà,Home Activities,"Pickleball, competitive","Pickleball, competitive",5.3,MET_60_PLUS,2.7,ml/kg/min,moderate,True,True,False,https://pacompendium.com/older-adult-compendium/
older_1606060,older_adult,hoạt động tại nhà,Home Activities,"đi bộ cho transportation, 2.8-3.2 mph, level, vừa tốc độ, firm surface","Walking for transportation, 2.8-3.2 mph, level, moderate pace, firm surface",4.3,MET_60_PLUS,2.7,ml/kg/min,moderate,True,True,False,https://pacompendium.com/older-adult-compendium/
older_1713360,older_adult,hoạt động tại nhà,Home Activities,"Stair leo núi, chậm tốc độ","Stair climbing, slow pace",4.0,MET_60_PLUS,2.7,ml/kg/min,moderate,True,True,False,https://pacompendium.com/older-adult-compendium/
older_1713460,older_adult,hoạt động tại nhà,Home Activities,"Stair leo núi, nhanh tốc độ","Stair climbing, fast pace",6.5,MET_60_PLUS,2.7,ml/kg/min,vigorous,False,True,False,https://pacompendium.com/older-adult-compendium/
older_1713560,older_adult,hoạt động tại nhà,Home Activities,"Ascending stairs, using cane","Ascending stairs, using cane",2.0,MET_60_PLUS,2.7,ml/kg/min,light,True,True,False,https://pacompendium.com/older-adult-compendium/
older_1713660,older_adult,hoạt động tại nhà,Home Activities,"Ascending stairs, using standard walker","Ascending stairs, using standard walker",3.0,MET_60_PLUS,2.7,ml/kg/min,moderate,True,True,False,https://pacompendium.com/older-adult-compendium/
older_1713760,older_adult,hoạt động tại nhà,Home Activities,"Ascending stairs, using wheeled walker","Ascending stairs, using wheeled walker",3.3,MET_60_PLUS,2.7,ml/kg/min,moderate,True,True,False,https://pacompendium.com/older-adult-compendium/
older_1715160,older_adult,hoạt động tại nhà,Home Activities,"đi bộ, less than 1.0 mph, level, strolling, very chậm","Walking, less than 1.0 mph, level, strolling, very slow",3.0,MET_60_PLUS,2.7,ml/kg/min,moderate,True,True,False,https://pacompendium.com/older-adult-compendium/
older_1715260,older_adult,hoạt động tại nhà,Home Activities,"đi bộ, 1.0 to 1.9 mph, level, chậm tốc độ, firm surface","Walking, 1.0 to 1.9 mph, level, slow pace, firm surface",4.0,MET_60_PLUS,2.7,ml/kg/min,moderate,True,True,False,https://pacompendium.com/older-adult-compendium/
older_1715360,older_adult,hoạt động tại nhà,Home Activities,"đi bộ, 2.0 mph, level, chậm tốc độ, firm surface","Walking, 2.0 mph, level, slow pace, firm surface",3.8,MET_60_PLUS,2.7,ml/kg/min,moderate,True,True,False,https://pacompendium.com/older-adult-compendium/
older_1717060,older_adult,hoạt động tại nhà,Home Activities,"đi bộ, 2.2 to 2.7 mph, level, firm surface","Walking, 2.2 to 2.7 mph, level, firm surface",4.5,MET_60_PLUS,2.7,ml/kg/min,moderate,True,True,False,https://pacompendium.com/older-adult-compendium/
older_1719060,older_adult,hoạt động tại nhà,Home Activities,"đi bộ, 2.8 to 3.2 mph, level, vừa tốc độ, firm surface","Walking, 2.8 to 3.2 mph, level, moderate pace, firm surface",5.3,MET_60_PLUS,2.7,ml/kg/min,moderate,True,True,False,https://pacompendium.com/older-adult-compendium/
older_1720060,older_adult,hoạt động tại nhà,Home Activities,"đi bộ, 3.3 to 3.7 mph, level, brisk, firm surface, đi bộ cho exercise","Walking, 3.3 to 3.7 mph, level, brisk, firm surface, walking for exercise",6.0,MET_60_PLUS,2.7,ml/kg/min,vigorous,False,True,False,https://pacompendium.com/older-adult-compendium/
older_1720160,older_adult,hoạt động tại nhà,Home Activities,"đi bộ, brisk tốc độ, chung","Walking, brisk pace, general",5.5,MET_60_PLUS,2.7,ml/kg/min,moderate,True,True,False,https://pacompendium.com/older-adult-compendium/
older_1720960,older_adult,hoạt động tại nhà,Home Activities,"đi bộ, 1.5 to 2.0 mph, 2.5 to 5% grade","Walking, 1.5 to 2.0 mph, 2.5 to 5% grade",5.0,MET_60_PLUS,2.7,ml/kg/min,moderate,True,True,False,https://pacompendium.com/older-adult-compendium/
older_1722060,older_adult,hoạt động tại nhà,Home Activities,"đi bộ, 4.0 to 4.2 mph, level, firm surface, very brisk tốc độ","Walking, 4.0 to 4.2 mph, level, firm surface, very brisk pace",7.3,MET_60_PLUS,2.7,ml/kg/min,vigorous,False,True,False,https://pacompendium.com/older-adult-compendium/
older_1723060,older_adult,hoạt động tại nhà,Home Activities,"đi bộ, 4.5 mph, level, firm surface, very, very brisk","Walking, 4.5 mph, level, firm surface, very, very brisk",9.0,MET_60_PLUS,2.7,ml/kg/min,vigorous,False,True,False,https://pacompendium.com/older-adult-compendium/
older_1726260,older_adult,hoạt động tại nhà,Home Activities,"đi bộ, leasurly, self-selected tốc độ, chung","Walking, leasurly, self-selected pace, general",4.0,MET_60_PLUS,2.7,ml/kg/min,moderate,True,True,False,https://pacompendium.com/older-adult-compendium/
older_1731060,older_adult,hoạt động tại nhà,Home Activities,"đi bộ, cho exercise, với ski poles, Nordic đi bộ,","Walking, for exercise, with ski poles, Nordic walking,",7.0,MET_60_PLUS,2.7,ml/kg/min,vigorous,False,True,False,https://pacompendium.com/older-adult-compendium/
older_1733060,older_adult,hoạt động tại nhà,Home Activities,"đi bộ, với a cane","Walking, with a cane",3.5,MET_60_PLUS,2.7,ml/kg/min,moderate,True,True,False,https://pacompendium.com/older-adult-compendium/
older_1734060,older_adult,hoạt động tại nhà,Home Activities,"đi bộ, với standard walker","Walking, with standard walker",3.5,MET_60_PLUS,2.7,ml/kg/min,moderate,True,True,False,https://pacompendium.com/older-adult-compendium/
older_1735060,older_adult,hoạt động tại nhà,Home Activities,"đi bộ, với wheeled Walker","Walking, with wheeled Walker",3.5,MET_60_PLUS,2.7,ml/kg/min,moderate,True,True,False,https://pacompendium.com/older-adult-compendium/
older_1916060,older_adult,hoạt động tại nhà,Home Activities,"Skiing, xuống dốc, alpine hoặc snowboarding, vừa nỗ lực, chung, active time only","Skiing, downhill, alpine or snowboarding, moderate effort, general, active time only",5.3,MET_60_PLUS,2.7,ml/kg/min,moderate,True,True,False,https://pacompendium.com/older-adult-compendium/
older_1917060,older_adult,hoạt động tại nhà,Home Activities,"Skiing, xuống dốc, alpine hoặc snowboarding, mạnh nỗ lực, chung, active time only","Skiing, downhill, alpine or snowboarding, vigorous effort, general, active time only",6.8,MET_60_PLUS,2.7,ml/kg/min,vigorous,False,True,False,https://pacompendium.com/older-adult-compendium/
older_1925460,older_adult,hoạt động tại nhà,Home Activities,"Snow shoveling, by hand, mạnh nỗ lực","Snow shoveling, by hand, vigorous effort",8.0,MET_60_PLUS,2.7,ml/kg/min,vigorous,False,True,False,https://pacompendium.com/older-adult-compendium/
older_2210060,older_adult,hoạt động tại nhà,Home Activities,"Seated, video game, handheld controller (inactive)","Seated, video game, handheld controller (inactive)",1.8,MET_60_PLUS,2.7,ml/kg/min,light,True,True,False,https://pacompendium.com/older-adult-compendium/
older_2220060,older_adult,hoạt động tại nhà,Home Activities,"Video game, nhẹ nỗ lực (Wii Fit, yoga, bowling, etc)","Video game, light effort (Wii Fit, yoga, bowling, etc)",2.8,MET_60_PLUS,2.7,ml/kg/min,light,True,True,False,https://pacompendium.com/older-adult-compendium/
older_2230060,older_adult,hoạt động tại nhà,Home Activities,"Active video game, motion sensing game/using upper body nhẹ to vừa nỗ lực","Active video game, motion sensing game/using upper body (light to moderate effort)",3.5,MET_60_PLUS,2.7,ml/kg/min,moderate,True,True,False,https://pacompendium.com/older-adult-compendium/
older_2240060,older_adult,hoạt động tại nhà,Home Activities,"Active video game, motion sensing game/using total body vừa nỗ lực","Active video game, motion sensing game/using total body (moderate effort)",5.5,MET_60_PLUS,2.7,ml/kg/min,moderate,True,True,False,https://pacompendium.com/older-adult-compendium/
older_2250060,older_adult,hoạt động tại nhà,Home Activities,"Active video game, motion sensing game/using total body vừa to mạnh nỗ lực","Active video game, motion sensing game/using total body (moderate to vigorous effort)",7.8,MET_60_PLUS,2.7,ml/kg/min,vigorous,False,True,False,https://pacompendium.com/older-adult-compendium/
wheelchair_90101,wheelchair,xe lăn Activities,Wheelchair Activities,thể dục nhịp điệu,Aerobics,1.7,MET_WC,0.992,kcal/kg/hour,light,True,False,True,https://pacompendium.com/adult-wheelchair-users-compendium/
wheelchair_90102,wheelchair,xe lăn Activities,Wheelchair Activities,Arm Ergometry 16W,Arm Ergometry 16W,2.2,MET_WC,0.992,kcal/kg/hour,light,True,False,True,https://pacompendium.com/adult-wheelchair-users-compendium/
wheelchair_90103,wheelchair,xe lăn Activities,Wheelchair Activities,Arm Ergometry 20W,Arm Ergometry 20W,2.3,MET_WC,0.992,kcal/kg/hour,light,True,False,True,https://pacompendium.com/adult-wheelchair-users-compendium/
wheelchair_90104,wheelchair,xe lăn Activities,Wheelchair Activities,Arm Ergometry 30-32W,Arm Ergometry 30-32W,2.7,MET_WC,0.992,kcal/kg/hour,light,True,False,True,https://pacompendium.com/adult-wheelchair-users-compendium/
wheelchair_90105,wheelchair,xe lăn Activities,Wheelchair Activities,Arm Ergometry 40-48W,Arm Ergometry 40-48W,3.5,MET_WC,0.992,kcal/kg/hour,moderate,True,False,True,https://pacompendium.com/adult-wheelchair-users-compendium/
wheelchair_90106,wheelchair,xe lăn Activities,Wheelchair Activities,Arm Ergometry 60-64W,Arm Ergometry 60-64W,4.6,MET_WC,0.992,kcal/kg/hour,moderate,True,False,True,https://pacompendium.com/adult-wheelchair-users-compendium/
wheelchair_90107,wheelchair,xe lăn Activities,Wheelchair Activities,Arm Ergometry 80W,Arm Ergometry 80W,4.4,MET_WC,0.992,kcal/kg/hour,moderate,True,False,True,https://pacompendium.com/adult-wheelchair-users-compendium/
wheelchair_90108,wheelchair,xe lăn Activities,Wheelchair Activities,Arm Ergometry 96W,Arm Ergometry 96W,5.4,MET_WC,0.992,kcal/kg/hour,moderate,True,False,True,https://pacompendium.com/adult-wheelchair-users-compendium/
wheelchair_90109,wheelchair,xe lăn Activities,Wheelchair Activities,"Arm Ergometry (self-selected intensity, vừa","Arm Ergometry (self-selected intensity, moderate)",2.3,MET_WC,0.992,kcal/kg/hour,light,True,False,True,https://pacompendium.com/adult-wheelchair-users-compendium/
wheelchair_90110,wheelchair,xe lăn Activities,Wheelchair Activities,"Arm Ergometry exercise (self-selected intensity, mạnh","Arm Ergometry exercise (self-selected intensity, vigorous)",4.3,MET_WC,0.992,kcal/kg/hour,moderate,True,False,True,https://pacompendium.com/adult-wheelchair-users-compendium/
wheelchair_90111,wheelchair,xe lăn Activities,Wheelchair Activities,Eccentric Arm Ergometry,Eccentric Arm Ergometry,2.2,MET_WC,0.992,kcal/kg/hour,light,True,False,True,https://pacompendium.com/adult-wheelchair-users-compendium/
wheelchair_90120,wheelchair,xe lăn Activities,Wheelchair Activities,Handcycle – 8 km/h,Handcycle – 8 km/h,3.0,MET_WC,0.992,kcal/kg/hour,moderate,True,False,True,https://pacompendium.com/adult-wheelchair-users-compendium/
wheelchair_90121,wheelchair,xe lăn Activities,Wheelchair Activities,Handcycle – 16 km/h,Handcycle – 16 km/h,7.5,MET_WC,0.992,kcal/kg/hour,vigorous,False,False,True,https://pacompendium.com/adult-wheelchair-users-compendium/
wheelchair_90122,wheelchair,xe lăn Activities,Wheelchair Activities,Handcycle ergometer chung,Handcycle ergometer (general),3.6,MET_WC,0.992,kcal/kg/hour,moderate,True,False,True,https://pacompendium.com/adult-wheelchair-users-compendium/
wheelchair_90123,wheelchair,xe lăn Activities,Wheelchair Activities,Handcycle racing,Handcycle racing,4.5,MET_WC,0.992,kcal/kg/hour,moderate,True,False,True,https://pacompendium.com/adult-wheelchair-users-compendium/
wheelchair_90125,wheelchair,xe lăn Activities,Wheelchair Activities,kháng lực (weight) Training,Resistance (weight) Training,2.1,MET_WC,0.992,kcal/kg/hour,light,True,False,True,https://pacompendium.com/adult-wheelchair-users-compendium/
wheelchair_90126,wheelchair,xe lăn Activities,Wheelchair Activities,Circuit Training,Circuit Training,2.3,MET_WC,0.992,kcal/kg/hour,light,True,False,True,https://pacompendium.com/adult-wheelchair-users-compendium/
wheelchair_90127,wheelchair,xe lăn Activities,Wheelchair Activities,kháng lực band,Resistance band,1.5,MET_WC,0.992,kcal/kg/hour,sedentary,True,False,True,https://pacompendium.com/adult-wheelchair-users-compendium/
wheelchair_90128,wheelchair,xe lăn Activities,Wheelchair Activities,xe lăn pushups,Wheelchair pushups,2.0,MET_WC,0.992,kcal/kg/hour,light,True,False,True,https://pacompendium.com/adult-wheelchair-users-compendium/
wheelchair_90132,wheelchair,xe lăn Activities,Wheelchair Activities,Skill Parcour,Skill Parcour,3.4,MET_WC,0.992,kcal/kg/hour,moderate,True,False,True,https://pacompendium.com/adult-wheelchair-users-compendium/
wheelchair_90133,wheelchair,xe lăn Activities,Wheelchair Activities,Heavy-bag boxing,Heavy-bag boxing,4.4,MET_WC,0.992,kcal/kg/hour,moderate,True,False,True,https://pacompendium.com/adult-wheelchair-users-compendium/
wheelchair_90136,wheelchair,xe lăn Activities,Wheelchair Activities,Wheeling 10-18W,Wheeling 10-18W,2.7,MET_WC,0.992,kcal/kg/hour,light,True,False,True,https://pacompendium.com/adult-wheelchair-users-compendium/
wheelchair_90137,wheelchair,xe lăn Activities,Wheelchair Activities,Wheeling 20-26W,Wheeling 20-26W,3.3,MET_WC,0.992,kcal/kg/hour,moderate,True,False,True,https://pacompendium.com/adult-wheelchair-users-compendium/
wheelchair_90138,wheelchair,xe lăn Activities,Wheelchair Activities,Wheeling – 30-35W,Wheeling – 30-35W,4.1,MET_WC,0.992,kcal/kg/hour,moderate,True,False,True,https://pacompendium.com/adult-wheelchair-users-compendium/
wheelchair_90139,wheelchair,xe lăn Activities,Wheelchair Activities,Wheeling – 50W,Wheeling – 50W,3.9,MET_WC,0.992,kcal/kg/hour,moderate,True,False,True,https://pacompendium.com/adult-wheelchair-users-compendium/
wheelchair_90145,wheelchair,xe lăn Activities,Wheelchair Activities,xe lăn dynamometer – 3.2 km/h,Wheelchair dynamometer – 3.2 km/h,2.8,MET_WC,0.992,kcal/kg/hour,light,True,False,True,https://pacompendium.com/adult-wheelchair-users-compendium/
wheelchair_90146,wheelchair,xe lăn Activities,Wheelchair Activities,xe lăn dynamometer – 4.8 km/h,Wheelchair dynamometer – 4.8 km/h,3.6,MET_WC,0.992,kcal/kg/hour,moderate,True,False,True,https://pacompendium.com/adult-wheelchair-users-compendium/
wheelchair_90147,wheelchair,xe lăn Activities,Wheelchair Activities,xe lăn – slalom course,Wheelchair – slalom course,3.1,MET_WC,0.992,kcal/kg/hour,moderate,True,False,True,https://pacompendium.com/adult-wheelchair-users-compendium/
wheelchair_90148,wheelchair,xe lăn Activities,Wheelchair Activities,Wheeling indoor course 2.57 km/h,Wheeling indoor course 2.57 km/h,1.8,MET_WC,0.992,kcal/kg/hour,light,True,False,True,https://pacompendium.com/adult-wheelchair-users-compendium/
wheelchair_90149,wheelchair,xe lăn Activities,Wheelchair Activities,Wheeling indoor course 3.4-3.9 km/h,Wheeling indoor course 3.4-3.9 km/h,2.3,MET_WC,0.992,kcal/kg/hour,light,True,False,True,https://pacompendium.com/adult-wheelchair-users-compendium/
wheelchair_90150,wheelchair,xe lăn Activities,Wheelchair Activities,Wheeling indoor course 4.5-4.8 km/h,Wheeling indoor course 4.5-4.8 km/h,2.2,MET_WC,0.992,kcal/kg/hour,light,True,False,True,https://pacompendium.com/adult-wheelchair-users-compendium/
wheelchair_90151,wheelchair,xe lăn Activities,Wheelchair Activities,Wheeling indoor course 5.0-5.5 km/h,Wheeling indoor course 5.0-5.5 km/h,2.9,MET_WC,0.992,kcal/kg/hour,light,True,False,True,https://pacompendium.com/adult-wheelchair-users-compendium/
wheelchair_90152,wheelchair,xe lăn Activities,Wheelchair Activities,Wheeling indoor course 6.5 km/h,Wheeling indoor course 6.5 km/h,4.8,MET_WC,0.992,kcal/kg/hour,moderate,True,False,True,https://pacompendium.com/adult-wheelchair-users-compendium/
wheelchair_90153,wheelchair,xe lăn Activities,Wheelchair Activities,Wheeling outdoor track 1.5 km/h,Wheeling outdoor track 1.5 km/h,2.7,MET_WC,0.992,kcal/kg/hour,light,True,False,True,https://pacompendium.com/adult-wheelchair-users-compendium/
wheelchair_90154,wheelchair,xe lăn Activities,Wheelchair Activities,Wheeling outdoor track 2.0 km/h,Wheeling outdoor track 2.0 km/h,1.9,MET_WC,0.992,kcal/kg/hour,light,True,False,True,https://pacompendium.com/adult-wheelchair-users-compendium/
wheelchair_90155,wheelchair,xe lăn Activities,Wheelchair Activities,Wheeling outdoor track 3.4 km/h,Wheeling outdoor track 3.4 km/h,4.0,MET_WC,0.992,kcal/kg/hour,moderate,True,False,True,https://pacompendium.com/adult-wheelchair-users-compendium/
wheelchair_90156,wheelchair,xe lăn Activities,Wheelchair Activities,Wheeling outdoor track 4.0-4.3 km/h,Wheeling outdoor track 4.0-4.3 km/h,3.8,MET_WC,0.992,kcal/kg/hour,moderate,True,False,True,https://pacompendium.com/adult-wheelchair-users-compendium/
wheelchair_90157,wheelchair,xe lăn Activities,Wheelchair Activities,Wheeling outdoor track 5.5 km/h,Wheeling outdoor track 5.5 km/h,4.3,MET_WC,0.992,kcal/kg/hour,moderate,True,False,True,https://pacompendium.com/adult-wheelchair-users-compendium/
wheelchair_90158,wheelchair,xe lăn Activities,Wheelchair Activities,Wheeling outdoor track 6.0 km/h,Wheeling outdoor track 6.0 km/h,4.0,MET_WC,0.992,kcal/kg/hour,moderate,True,False,True,https://pacompendium.com/adult-wheelchair-users-compendium/
wheelchair_90159,wheelchair,xe lăn Activities,Wheelchair Activities,Wheeling outdoor track 8.0 km/h,Wheeling outdoor track 8.0 km/h,5.9,MET_WC,0.992,kcal/kg/hour,moderate,True,False,True,https://pacompendium.com/adult-wheelchair-users-compendium/
wheelchair_90160,wheelchair,xe lăn Activities,Wheelchair Activities,Wheeling – racing,Wheeling – racing,7.9,MET_WC,0.992,kcal/kg/hour,vigorous,False,False,True,https://pacompendium.com/adult-wheelchair-users-compendium/
wheelchair_90161,wheelchair,xe lăn Activities,Wheelchair Activities,Wheeling – Ergometer,Wheeling – Ergometer,3.2,MET_WC,0.992,kcal/kg/hour,moderate,True,False,True,https://pacompendium.com/adult-wheelchair-users-compendium/
wheelchair_90165,wheelchair,xe lăn Activities,Wheelchair Activities,Treadmill Wheeling 2.2-2.9 km/h,Treadmill Wheeling 2.2-2.9 km/h,2.4,MET_WC,0.992,kcal/kg/hour,light,True,False,True,https://pacompendium.com/adult-wheelchair-users-compendium/
wheelchair_90166,wheelchair,xe lăn Activities,Wheelchair Activities,Treadmill Wheeling – 3.0-3.9 km/h,Treadmill Wheeling – 3.0-3.9 km/h,2.8,MET_WC,0.992,kcal/kg/hour,light,True,False,True,https://pacompendium.com/adult-wheelchair-users-compendium/
wheelchair_90167,wheelchair,xe lăn Activities,Wheelchair Activities,Treadmill Wheeling – 4.0-4.9 km/h,Treadmill Wheeling – 4.0-4.9 km/h,3.4,MET_WC,0.992,kcal/kg/hour,moderate,True,False,True,https://pacompendium.com/adult-wheelchair-users-compendium/
wheelchair_90168,wheelchair,xe lăn Activities,Wheelchair Activities,Treadmill Wheeling – 5.8 km/h,Treadmill Wheeling – 5.8 km/h,3.4,MET_WC,0.992,kcal/kg/hour,moderate,True,False,True,https://pacompendium.com/adult-wheelchair-users-compendium/
wheelchair_90169,wheelchair,xe lăn Activities,Wheelchair Activities,Treadmill Wheeling – 6.0 km/h,Treadmill Wheeling – 6.0 km/h,3.5,MET_WC,0.992,kcal/kg/hour,moderate,True,False,True,https://pacompendium.com/adult-wheelchair-users-compendium/
wheelchair_90170,wheelchair,xe lăn Activities,Wheelchair Activities,Treadmill Wheeling – 7.0-7.9 km/h,Treadmill Wheeling – 7.0-7.9 km/h,4.2,MET_WC,0.992,kcal/kg/hour,moderate,True,False,True,https://pacompendium.com/adult-wheelchair-users-compendium/
wheelchair_90171,wheelchair,xe lăn Activities,Wheelchair Activities,"Treadmill Wheeling – 2.2-2.9 km/h, 4.7% grade","Treadmill Wheeling – 2.2-2.9 km/h , 4.7% grade",3.8,MET_WC,0.992,kcal/kg/hour,moderate,True,False,True,https://pacompendium.com/adult-wheelchair-users-compendium/
wheelchair_90172,wheelchair,xe lăn Activities,Wheelchair Activities,"Treadmill Wheeling – 3.6 km/h, 4.7% grade","Treadmill Wheeling – 3.6 km/h , 4.7% grade",4.4,MET_WC,0.992,kcal/kg/hour,moderate,True,False,True,https://pacompendium.com/adult-wheelchair-users-compendium/
wheelchair_90173,wheelchair,xe lăn Activities,Wheelchair Activities,"Treadmill Wheeling – 2.2-2.9 km/h, 6.3% grade","Treadmill Wheeling – 2.2-2.9 km/h , 6.3% grade",4.2,MET_WC,0.992,kcal/kg/hour,moderate,True,False,True,https://pacompendium.com/adult-wheelchair-users-compendium/
wheelchair_90174,wheelchair,xe lăn Activities,Wheelchair Activities,"Treadmill Wheeling – 3.6 km/h, 6.3% grade","Treadmill Wheeling – 3.6 km/h , 6.3% grade",5.2,MET_WC,0.992,kcal/kg/hour,moderate,True,False,True,https://pacompendium.com/adult-wheelchair-users-compendium/
wheelchair_90175,wheelchair,xe lăn Activities,Wheelchair Activities,"Treadmill Wheeling – 2.2-2.9 km/h, 8.4% grade","Treadmill Wheeling – 2.2-2.9 km/h , 8.4% grade",4.8,MET_WC,0.992,kcal/kg/hour,moderate,True,False,True,https://pacompendium.com/adult-wheelchair-users-compendium/
wheelchair_90176,wheelchair,xe lăn Activities,Wheelchair Activities,"Treadmill Wheeling – 3.6 km/h, 8.4% grade","Treadmill Wheeling – 3.6 km/h , 8.4% grade",5.2,MET_WC,0.992,kcal/kg/hour,moderate,True,False,True,https://pacompendium.com/adult-wheelchair-users-compendium/
wheelchair_90177,wheelchair,xe lăn Activities,Wheelchair Activities,Treadmill Wheeling – 4.0 km/h w/ extra weight,Treadmill Wheeling – 4.0 km/h w/ extra weight,2.1,MET_WC,0.992,kcal/kg/hour,light,True,False,True,https://pacompendium.com/adult-wheelchair-users-compendium/
wheelchair_90178,wheelchair,xe lăn Activities,Wheelchair Activities,"Treadmill Wheeling – 4.0 km/h, 2% grade","Treadmill Wheeling – 4.0 km/h, 2% grade",2.7,MET_WC,0.992,kcal/kg/hour,light,True,False,True,https://pacompendium.com/adult-wheelchair-users-compendium/
wheelchair_90179,wheelchair,xe lăn Activities,Wheelchair Activities,"Treadmill Wheeling – 4.0 km/h, 3% grade","Treadmill Wheeling – 4.0 km/h, 3% grade",3.4,MET_WC,0.992,kcal/kg/hour,moderate,True,False,True,https://pacompendium.com/adult-wheelchair-users-compendium/
wheelchair_90185,wheelchair,xe lăn Activities,Wheelchair Activities,Wheeling using Handle-based Propulsion – 15W,Wheeling using Handle-based Propulsion – 15W,2.6,MET_WC,0.992,kcal/kg/hour,light,True,False,True,https://pacompendium.com/adult-wheelchair-users-compendium/
wheelchair_90186,wheelchair,xe lăn Activities,Wheelchair Activities,Wheeling using Handle-based Propulsion – 20W,Wheeling using Handle-based Propulsion – 20W,3.6,MET_WC,0.992,kcal/kg/hour,moderate,True,False,True,https://pacompendium.com/adult-wheelchair-users-compendium/
wheelchair_90187,wheelchair,xe lăn Activities,Wheelchair Activities,Wheeling using Handle-based Propulsion – 25W,Wheeling using Handle-based Propulsion – 25W,4.4,MET_WC,0.992,kcal/kg/hour,moderate,True,False,True,https://pacompendium.com/adult-wheelchair-users-compendium/
wheelchair_90188,wheelchair,xe lăn Activities,Wheelchair Activities,Wheeling using Handle-based Propulsion – 30W,Wheeling using Handle-based Propulsion – 30W,5.0,MET_WC,0.992,kcal/kg/hour,moderate,True,False,True,https://pacompendium.com/adult-wheelchair-users-compendium/
wheelchair_90189,wheelchair,xe lăn Activities,Wheelchair Activities,Wheeling using Handle-based Propulsion – 35W,Wheeling using Handle-based Propulsion – 35W,5.3,MET_WC,0.992,kcal/kg/hour,moderate,True,False,True,https://pacompendium.com/adult-wheelchair-users-compendium/
wheelchair_90190,wheelchair,xe lăn Activities,Wheelchair Activities,Wheeling using Handle-based Propulsion – 2.5 to 2.9 km/h,Wheeling using Handle-based Propulsion – 2.5 to 2.9 km/h,1.8,MET_WC,0.992,kcal/kg/hour,light,True,False,True,https://pacompendium.com/adult-wheelchair-users-compendium/
wheelchair_90195,wheelchair,xe lăn Activities,Wheelchair Activities,Wheeling dynamometer w/ PAPAW – 15W,Wheeling dynamometer w/ PAPAW – 15W,2.3,MET_WC,0.992,kcal/kg/hour,light,True,False,True,https://pacompendium.com/adult-wheelchair-users-compendium/
wheelchair_90196,wheelchair,xe lăn Activities,Wheelchair Activities,Wheeling dynamometer w/ PAPAW – 30W,Wheeling dynamometer w/ PAPAW – 30W,3.5,MET_WC,0.992,kcal/kg/hour,moderate,True,False,True,https://pacompendium.com/adult-wheelchair-users-compendium/
wheelchair_90197,wheelchair,xe lăn Activities,Wheelchair Activities,Wheeling on outdoor course w/PAPAW – 5.4 km/h,Wheeling on outdoor course w/PAPAW – 5.4 km/h,3.4,MET_WC,0.992,kcal/kg/hour,moderate,True,False,True,https://pacompendium.com/adult-wheelchair-users-compendium/
wheelchair_90201,wheelchair,xe lăn Activities,Wheelchair Activities,Making Bed,Making Bed,2.2,MET_WC,0.992,kcal/kg/hour,light,True,False,True,https://pacompendium.com/adult-wheelchair-users-compendium/
wheelchair_90205,wheelchair,xe lăn Activities,Wheelchair Activities,Dressing/undressing,Dressing/undressing,3.1,MET_WC,0.992,kcal/kg/hour,moderate,True,False,True,https://pacompendium.com/adult-wheelchair-users-compendium/
wheelchair_90210,wheelchair,xe lăn Activities,Wheelchair Activities,Dusting,Dusting,1.8,MET_WC,0.992,kcal/kg/hour,light,True,False,True,https://pacompendium.com/adult-wheelchair-users-compendium/
wheelchair_90215,wheelchair,xe lăn Activities,Wheelchair Activities,Laundry,Laundry,1.8,MET_WC,0.992,kcal/kg/hour,light,True,False,True,https://pacompendium.com/adult-wheelchair-users-compendium/
wheelchair_90220,wheelchair,xe lăn Activities,Wheelchair Activities,Mopping,Mopping,3.0,MET_WC,0.992,kcal/kg/hour,moderate,True,False,True,https://pacompendium.com/adult-wheelchair-users-compendium/
wheelchair_90225,wheelchair,xe lăn Activities,Wheelchair Activities,"Moving furniture, household items, hoặc boxes","Moving furniture, household items, or boxes",3.7,MET_WC,0.992,kcal/kg/hour,moderate,True,False,True,https://pacompendium.com/adult-wheelchair-users-compendium/
wheelchair_90230,wheelchair,xe lăn Activities,Wheelchair Activities,Moving items,Moving items,2.5,MET_WC,0.992,kcal/kg/hour,light,True,False,True,https://pacompendium.com/adult-wheelchair-users-compendium/
wheelchair_90235,wheelchair,xe lăn Activities,Wheelchair Activities,Showering,Showering,1.9,MET_WC,0.992,kcal/kg/hour,light,True,False,True,https://pacompendium.com/adult-wheelchair-users-compendium/
wheelchair_90240,wheelchair,xe lăn Activities,Wheelchair Activities,Vacuuming,Vacuuming,2.7,MET_WC,0.992,kcal/kg/hour,light,True,False,True,https://pacompendium.com/adult-wheelchair-users-compendium/
wheelchair_90245,wheelchair,xe lăn Activities,Wheelchair Activities,Washing Dishes,Washing Dishes,1.9,MET_WC,0.992,kcal/kg/hour,light,True,False,True,https://pacompendium.com/adult-wheelchair-users-compendium/
wheelchair_90250,wheelchair,xe lăn Activities,Wheelchair Activities,Eating,Eating,1.5,MET_WC,0.992,kcal/kg/hour,sedentary,True,False,True,https://pacompendium.com/adult-wheelchair-users-compendium/
wheelchair_90255,wheelchair,xe lăn Activities,Wheelchair Activities,Preparing food,Preparing food,1.8,MET_WC,0.992,kcal/kg/hour,light,True,False,True,https://pacompendium.com/adult-wheelchair-users-compendium/
wheelchair_90260,wheelchair,xe lăn Activities,Wheelchair Activities,Grocery shopping,Grocery shopping,1.9,MET_WC,0.992,kcal/kg/hour,light,True,False,True,https://pacompendium.com/adult-wheelchair-users-compendium/
wheelchair_90265,wheelchair,xe lăn Activities,Wheelchair Activities,Sweeping floor,Sweeping floor,2.3,MET_WC,0.992,kcal/kg/hour,light,True,False,True,https://pacompendium.com/adult-wheelchair-users-compendium/
wheelchair_90270,wheelchair,xe lăn Activities,Wheelchair Activities,Cleaning Room,Cleaning Room,1.8,MET_WC,0.992,kcal/kg/hour,light,True,False,True,https://pacompendium.com/adult-wheelchair-users-compendium/
wheelchair_90275,wheelchair,xe lăn Activities,Wheelchair Activities,Checking Mail,Checking Mail,1.8,MET_WC,0.992,kcal/kg/hour,light,True,False,True,https://pacompendium.com/adult-wheelchair-users-compendium/
wheelchair_90280,wheelchair,xe lăn Activities,Wheelchair Activities,Cleaning Car,Cleaning Car,2.1,MET_WC,0.992,kcal/kg/hour,light,True,False,True,https://pacompendium.com/adult-wheelchair-users-compendium/
wheelchair_90285,wheelchair,xe lăn Activities,Wheelchair Activities,Transfer to/from xe lăn,Transfer to/from wheelchair,3.1,MET_WC,0.992,kcal/kg/hour,moderate,True,False,True,https://pacompendium.com/adult-wheelchair-users-compendium/
wheelchair_90301,wheelchair,xe lăn Activities,Wheelchair Activities,"Deskwork, nhẹ nỗ lực","Deskwork, light effort",1.1,MET_WC,0.992,kcal/kg/hour,sedentary,True,False,True,https://pacompendium.com/adult-wheelchair-users-compendium/
wheelchair_90305,wheelchair,xe lăn Activities,Wheelchair Activities,Reading,Reading,1.2,MET_WC,0.992,kcal/kg/hour,sedentary,True,False,True,https://pacompendium.com/adult-wheelchair-users-compendium/
wheelchair_90310,wheelchair,xe lăn Activities,Wheelchair Activities,Watching TV,Watching TV,1.2,MET_WC,0.992,kcal/kg/hour,sedentary,True,False,True,https://pacompendium.com/adult-wheelchair-users-compendium/
wheelchair_90315,wheelchair,xe lăn Activities,Wheelchair Activities,Passive Wheeling (pushed by another person),Passive Wheeling (pushed by another person),1.1,MET_WC,0.992,kcal/kg/hour,sedentary,True,False,True,https://pacompendium.com/adult-wheelchair-users-compendium/
wheelchair_90320,wheelchair,xe lăn Activities,Wheelchair Activities,Writing/crossword puzzles,Writing/crossword puzzles,1.3,MET_WC,0.992,kcal/kg/hour,sedentary,True,False,True,https://pacompendium.com/adult-wheelchair-users-compendium/
wheelchair_90325,wheelchair,xe lăn Activities,Wheelchair Activities,riding an elevator,riding an elevator,1.5,MET_WC,0.992,kcal/kg/hour,sedentary,True,False,True,https://pacompendium.com/adult-wheelchair-users-compendium/
wheelchair_90330,wheelchair,xe lăn Activities,Wheelchair Activities,playing với iPad,playing with iPad,1.4,MET_WC,0.992,kcal/kg/hour,sedentary,True,False,True,https://pacompendium.com/adult-wheelchair-users-compendium/
wheelchair_90335,wheelchair,xe lăn Activities,Wheelchair Activities,"Filing papers, nhẹ nỗ lực","Filing papers, light effort",0.8,MET_WC,0.992,kcal/kg/hour,sedentary,True,False,True,https://pacompendium.com/adult-wheelchair-users-compendium/
wheelchair_90340,wheelchair,xe lăn Activities,Wheelchair Activities,"Computer work (word processing, internet use)","Computer work (word processing, internet use)",1.2,MET_WC,0.992,kcal/kg/hour,sedentary,True,False,True,https://pacompendium.com/adult-wheelchair-users-compendium/
wheelchair_90501,wheelchair,xe lăn thể thao,Wheelchair Sports,Basketball,Basketball,5.1,MET_WC,0.992,kcal/kg/hour,moderate,True,False,True,https://pacompendium.com/adult-wheelchair-users-compendium/
wheelchair_90505,wheelchair,xe lăn thể thao,Wheelchair Sports,Basketball – casual,Basketball – casual,3.2,MET_WC,0.992,kcal/kg/hour,moderate,True,False,True,https://pacompendium.com/adult-wheelchair-users-compendium/
wheelchair_90510,wheelchair,xe lăn thể thao,Wheelchair Sports,Billiards,Billiards,1.8,MET_WC,0.992,kcal/kg/hour,light,True,False,True,https://pacompendium.com/adult-wheelchair-users-compendium/
wheelchair_90515,wheelchair,xe lăn thể thao,Wheelchair Sports,Bowling,Bowling,1.8,MET_WC,0.992,kcal/kg/hour,light,True,False,True,https://pacompendium.com/adult-wheelchair-users-compendium/
wheelchair_90520,wheelchair,xe lăn thể thao,Wheelchair Sports,Darts,Darts,2.0,MET_WC,0.992,kcal/kg/hour,light,True,False,True,https://pacompendium.com/adult-wheelchair-users-compendium/
wheelchair_90525,wheelchair,xe lăn thể thao,Wheelchair Sports,Fencing,Fencing,7.1,MET_WC,0.992,kcal/kg/hour,vigorous,False,False,True,https://pacompendium.com/adult-wheelchair-users-compendium/
wheelchair_90530,wheelchair,xe lăn thể thao,Wheelchair Sports,Fishing/casting,Fishing/casting,1.1,MET_WC,0.992,kcal/kg/hour,sedentary,True,False,True,https://pacompendium.com/adult-wheelchair-users-compendium/
wheelchair_90535,wheelchair,xe lăn thể thao,Wheelchair Sports,Nordic sit skiing,Nordic sit skiing,11.8,MET_WC,0.992,kcal/kg/hour,vigorous,False,False,True,https://pacompendium.com/adult-wheelchair-users-compendium/
wheelchair_90540,wheelchair,xe lăn thể thao,Wheelchair Sports,Rugby,Rugby,2.7,MET_WC,0.992,kcal/kg/hour,light,True,False,True,https://pacompendium.com/adult-wheelchair-users-compendium/
wheelchair_90545,wheelchair,xe lăn thể thao,Wheelchair Sports,Table tennis,Table tennis,2.7,MET_WC,0.992,kcal/kg/hour,light,True,False,True,https://pacompendium.com/adult-wheelchair-users-compendium/
wheelchair_90550,wheelchair,xe lăn thể thao,Wheelchair Sports,Tennis,Tennis,4.1,MET_WC,0.992,kcal/kg/hour,moderate,True,False,True,https://pacompendium.com/adult-wheelchair-users-compendium/
wheelchair_90555,wheelchair,xe lăn thể thao,Wheelchair Sports,Power xe lăn Soccer – competitive,Power Wheelchair Soccer – competitive,1.8,MET_WC,0.992,kcal/kg/hour,light,True,False,True,https://pacompendium.com/adult-wheelchair-users-compendium/
wheelchair_90560,wheelchair,xe lăn thể thao,Wheelchair Sports,Video gaming,Video gaming,1.5,MET_WC,0.992,kcal/kg/hour,sedentary,True,False,True,https://pacompendium.com/adult-wheelchair-users-compendium/
wheelchair_90565,wheelchair,xe lăn thể thao,Wheelchair Sports,Playing cards,Playing cards,1.5,MET_WC,0.992,kcal/kg/hour,sedentary,True,False,True,https://pacompendium.com/adult-wheelchair-users-compendium/
wheelchair_90570,wheelchair,xe lăn thể thao,Wheelchair Sports,"Dance – Modern, torso controlled xe lăn","Dance – Modern, torso controlled wheelchair",2.0,MET_WC,0.992,kcal/kg/hour,light,True,False,True,https://pacompendium.com/adult-wheelchair-users-compendium/
wheelchair_90575,wheelchair,xe lăn thể thao,Wheelchair Sports,Dance – chậm paced,Dance – slow paced,2.0,MET_WC,0.992,kcal/kg/hour,light,True,False,True,https://pacompendium.com/adult-wheelchair-users-compendium/
wheelchair_90580,wheelchair,xe lăn thể thao,Wheelchair Sports,Dance – nhanh paced,Dance – fast paced,3.1,MET_WC,0.992,kcal/kg/hour,moderate,True,False,True,https://pacompendium.com/adult-wheelchair-users-compendium/
wheelchair_90585,wheelchair,xe lăn thể thao,Wheelchair Sports,Dance – Electric power chair,Dance – Electric power chair,1.7,MET_WC,0.992,kcal/kg/hour,light,True,False,True,https://pacompendium.com/adult-wheelchair-users-compendium/
wheelchair_90590,wheelchair,xe lăn thể thao,Wheelchair Sports,Exergaming,Exergaming,2.6,MET_WC,0.992,kcal/kg/hour,light,True,False,True,https://pacompendium.com/adult-wheelchair-users-compendium/
wheelchair_90601,wheelchair,xe lăn thể thao,Wheelchair Sports,Wheeling – On Carpet,Wheeling – On Carpet,2.5,MET_WC,0.992,kcal/kg/hour,light,True,False,True,https://pacompendium.com/adult-wheelchair-users-compendium/
wheelchair_90605,wheelchair,xe lăn thể thao,Wheelchair Sports,Wheeling – on Grass,Wheeling – on Grass,4.0,MET_WC,0.992,kcal/kg/hour,moderate,True,False,True,https://pacompendium.com/adult-wheelchair-users-compendium/
wheelchair_90610,wheelchair,xe lăn thể thao,Wheelchair Sports,Wheeling – Outside,Wheeling – Outside,2.6,MET_WC,0.992,kcal/kg/hour,light,True,False,True,https://pacompendium.com/adult-wheelchair-users-compendium/
wheelchair_90615,wheelchair,xe lăn thể thao,Wheelchair Sports,Wheeling – w/service dog assistance,Wheeling – w/service dog assistance,1.5,MET_WC,0.992,kcal/kg/hour,sedentary,True,False,True,https://pacompendium.com/adult-wheelchair-users-compendium/
wheelchair_90620,wheelchair,xe lăn thể thao,Wheelchair Sports,"Wheeling outdoor, 8% cross slope","Wheeling outdoor, 8% cross slope",3.5,MET_WC,0.992,kcal/kg/hour,moderate,True,False,True,https://pacompendium.com/adult-wheelchair-users-compendium/
wheelchair_90625,wheelchair,xe lăn thể thao,Wheelchair Sports,"Wheeling outdoor, 12% cross slope","Wheeling outdoor, 12% cross slope",4.0,MET_WC,0.992,kcal/kg/hour,moderate,True,False,True,https://pacompendium.com/adult-wheelchair-users-compendium/
wheelchair_90630,wheelchair,xe lăn thể thao,Wheelchair Sports,Wheeling – on Sidewalk,Wheeling – on Sidewalk,3.2,MET_WC,0.992,kcal/kg/hour,moderate,True,False,True,https://pacompendium.com/adult-wheelchair-users-compendium/
wheelchair_90635,wheelchair,xe lăn thể thao,Wheelchair Sports,Wheeling – self-selected tốc độ,Wheeling – self-selected speed,2.9,MET_WC,0.992,kcal/kg/hour,light,True,False,True,https://pacompendium.com/adult-wheelchair-users-compendium/
wheelchair_90640,wheelchair,xe lăn thể thao,Wheelchair Sports,Driving an automobile,Driving an automobile,1.8,MET_WC,0.992,kcal/kg/hour,light,True,False,True,https://pacompendium.com/adult-wheelchair-users-compendium/
wheelchair_90645,wheelchair,xe lăn thể thao,Wheelchair Sports,Wheeling – On Tile,Wheeling – On Tile,2.2,MET_WC,0.992,kcal/kg/hour,light,True,False,True,https://pacompendium.com/adult-wheelchair-users-compendium/
wheelchair_90650,wheelchair,xe lăn thể thao,Wheelchair Sports,Wheeling – up Incline,Wheeling – up Incline,4.0,MET_WC,0.992,kcal/kg/hour,moderate,True,False,True,https://pacompendium.com/adult-wheelchair-users-compendium/
wheelchair_90655,wheelchair,xe lăn thể thao,Wheelchair Sports,Wheeling – xuống dốc,Wheeling – Downhill,1.8,MET_WC,0.992,kcal/kg/hour,light,True,False,True,https://pacompendium.com/adult-wheelchair-users-compendium/
