activity_id,source_compendium,category_name_vi,category_name_en,description_vi,description_en,met_value,met_type,baseline_value,baseline_unit,intensity_level,suitable_for_beginner,suitable_for_elderly,suitable_for_wheelchair_user,source_url
adult_01003,adult,Đạp xe,Bicycling,"Đạp xe, địa hình núi, lên dốc, cường độ cao","Bicycling, mountain, uphill, vigorous",14.0,MET,3.5,ml/kg/min,vigorous,False,False,False,https://pacompendium.com/bicycling
adult_01004,adult,Đạp xe,Bicycling,"Đạp xe, địa hình núi, đua thi đấu","Bicycling, mountain, competitive racing",16.0,MET,3.5,ml/kg/min,vigorous,False,False,False,https://pacompendium.com/bicycling
adult_01008,adult,Đạp xe,Bicycling,"Đạp xe, BMX","Bicycling, BMX",8.5,MET,3.5,ml/kg/min,vigorous,False,False,False,https://pacompendium.com/bicycling
adult_01009,adult,Đạp xe,Bicycling,"Đạp xe, địa hình núi, thông thường","Bicycling, mountain, general",8.5,MET,3.5,ml/kg/min,vigorous,False,False,False,https://pacompendium.com/bicycling
adult_01010,adult,Đạp xe,Bicycling,"Đạp xe, <10 mph, thư giãn, đi làm hoặc giải trí (Taylor Code 115)","Bicycling, <10 mph, leisure, to work or for pleasure (Taylor Code 115)",4.0,MET,3.5,ml/kg/min,moderate,True,False,False,https://pacompendium.com/bicycling
adult_01011,adult,Đạp xe,Bicycling,"Đạp xe, đi đến/rời nơi làm việc, tự chọn tốc độ","Bicycling, to/from work, self selected pace",6.8,MET,3.5,ml/kg/min,vigorous,False,False,False,https://pacompendium.com/bicycling
adult_01013,adult,Đạp xe,Bicycling,"Đạp xe, trên đường đất hoặc đường nông trại, tốc độ vừa","Bicycling, on dirt or farm road, moderate pace",5.8,MET,3.5,ml/kg/min,moderate,True,False,False,https://pacompendium.com/bicycling
adult_01014,adult,Đạp xe,Bicycling,"Đạp xe, thông thường","Bicycling, general",7.0,MET,3.5,ml/kg/min,vigorous,False,False,False,https://pacompendium.com/bicycling
adult_01015,adult,Đạp xe,Bicycling,"Đạp xe, tự chọn tốc độ nhẹ nhàng","Bicycling, self-selected easy pace",4.3,MET,3.5,ml/kg/min,moderate,True,False,False,https://pacompendium.com/bicycling
adult_01016,adult,Đạp xe,Bicycling,"Đạp xe, tự chọn tốc độ vừa","Bicycling, self-selected moderate pace",7.0,MET,3.5,ml/kg/min,vigorous,False,False,False,https://pacompendium.com/bicycling
adult_01017,adult,Đạp xe,Bicycling,"Đạp xe, tự chọn tốc độ nhanh, cường độ cao","Bicycling, self-selected vigorous pace",9.0,MET,3.5,ml/kg/min,vigorous,False,False,False,https://pacompendium.com/bicycling
adult_01018,adult,Đạp xe,Bicycling,"Đạp xe, thư giãn 5.5 mph","Bicycling, leisure 5.5 mph",3.5,MET,3.5,ml/kg/min,moderate,True,False,False,https://pacompendium.com/bicycling
adult_01019,adult,Đạp xe,Bicycling,"Đạp xe, thư giãn, 9.4 mph","Bicycling, leisure, 9.4 mph",5.8,MET,3.5,ml/kg/min,moderate,True,False,False,https://pacompendium.com/bicycling
adult_01020,adult,Đạp xe,Bicycling,"Đạp xe, 10-11.9 mph, thư giãn, chậm, cường độ nhẹ","Bicycling, 10-11.9 mph, leisure, slow, light effort",6.8,MET,3.5,ml/kg/min,vigorous,False,False,False,https://pacompendium.com/bicycling
adult_01030,adult,Đạp xe,Bicycling,"Đạp xe, 12-13.9 mph, thư giãn, cường độ vừa","Bicycling, 12-13.9 mph, leisure, moderate effort",8.0,MET,3.5,ml/kg/min,vigorous,False,False,False,https://pacompendium.com/bicycling
adult_01040,adult,Đạp xe,Bicycling,"Đạp xe, 14-15.9 mph, đua hoặc thư giãn, nhanh, cường độ cao","Bicycling, 14-15.9 mph, racing or leisure, fast, vigorous effort",10.0,MET,3.5,ml/kg/min,vigorous,False,False,False,https://pacompendium.com/bicycling
adult_01050,adult,Đạp xe,Bicycling,"Đạp xe, 16-19 mph, đua/không drafting hoặc >19 mph drafting, rất nhanh, đua thông thường","Bicycling, 16-19 mph, racing/not drafting or >19 mph drafting, very fast, racing general",12.0,MET,3.5,ml/kg/min,vigorous,False,False,False,https://pacompendium.com/bicycling
adult_01060,adult,Đạp xe,Bicycling,"Đạp xe, >20 mph, đua, không drafting","Bicycling, >20 mph, racing, not drafting",16.8,MET,3.5,ml/kg/min,vigorous,False,False,False,https://pacompendium.com/bicycling
adult_01065,adult,Đạp xe,Bicycling,"Đạp xe, 12 mph, ở tư thế ngồi, hai tay trên tay phanh trên ghi-đông hoặc phần ghi-đông cong, 80 rpm","Bicycling, 12 mph, seated, hands on brake hoods or bar drops, 80 rpm",8.5,MET,3.5,ml/kg/min,vigorous,False,False,False,https://pacompendium.com/bicycling
adult_01066,adult,Đạp xe,Bicycling,"Đạp xe, 12 mph, đứng, hai tay trên tay phanh trên ghi-đông, 60 rpm","Bicycling, 12 mph, standing, hands on brake hoods, 60 rpm",9.0,MET,3.5,ml/kg/min,vigorous,False,False,False,https://pacompendium.com/bicycling
adult_01070,adult,Đạp xe,Bicycling,Đạp xe một bánh,Unicycling,5.0,MET,3.5,ml/kg/min,moderate,True,False,False,https://pacompendium.com/bicycling
adult_01080,adult,Đạp xe,Bicycling,Xe đạp điện trợ lực (có trợ lực điện) không có trợ lực điện,E-bike (electrically assisted) without electronic support,6.8,MET,3.5,ml/kg/min,vigorous,False,False,False,https://pacompendium.com/bicycling
adult_01084,adult,Đạp xe,Bicycling,Xe đạp điện trợ lực (có trợ lực điện) với trợ lực điện nhẹ,E-bike (electrically assisted) with light electronic support,6.0,MET,3.5,ml/kg/min,vigorous,False,False,False,https://pacompendium.com/bicycling
adult_01088,adult,Đạp xe,Bicycling,Xe đạp điện trợ lực (có trợ lực điện) với trợ lực điện cao,E-bike (electrically assisted) with high electronic support,4.0,MET,3.5,ml/kg/min,moderate,True,False,False,https://pacompendium.com/bicycling
adult_01200,adult,Đạp xe,Bicycling,"Đạp xe, tại chỗ, thông thường","Bicycling, stationary, general",6.8,MET,3.5,ml/kg/min,vigorous,False,False,False,https://pacompendium.com/bicycling
adult_01210,adult,Đạp xe,Bicycling,"Đạp xe, tại chỗ, 25-30 W, cường độ rất nhẹ đến nhẹ","Bicycling, stationary, 25-30 watts, very light to light effort",3.5,MET,3.5,ml/kg/min,moderate,True,False,False,https://pacompendium.com/bicycling
adult_01214,adult,Đạp xe,Bicycling,"Đạp xe, tại chỗ, 50 W, cường độ nhẹ","Bicycling, stationary, 50 watts, light effort",4.0,MET,3.5,ml/kg/min,moderate,True,False,False,https://pacompendium.com/bicycling
adult_01216,adult,Đạp xe,Bicycling,"Đạp xe, tại chỗ, 60 W, cường độ nhẹ đến vừa","Bicycling, stationary, 60 watts, light to moderate effort",5.0,MET,3.5,ml/kg/min,moderate,True,False,False,https://pacompendium.com/bicycling
adult_01218,adult,Đạp xe,Bicycling,"Đạp xe, tại chỗ, 70-80 W","Bicycling, stationary, 70-80 watts",5.8,MET,3.5,ml/kg/min,moderate,True,False,False,https://pacompendium.com/bicycling
adult_01220,adult,Đạp xe,Bicycling,"Đạp xe, tại chỗ, 90-100 W, cường độ vừa đến cao","Bicycling, stationary, 90-100 watts, moderate to vigorous",6.0,MET,3.5,ml/kg/min,vigorous,False,False,False,https://pacompendium.com/bicycling
adult_01224,adult,Đạp xe,Bicycling,"Đạp xe, tại chỗ, 101-125 W","Bicycling, stationary, 101-125 watts",6.8,MET,3.5,ml/kg/min,vigorous,False,False,False,https://pacompendium.com/bicycling
adult_01228,adult,Đạp xe,Bicycling,"Đạp xe, tại chỗ, 126-150 W","Bicycling, stationary, 126-150 watts",8.0,MET,3.5,ml/kg/min,vigorous,False,False,False,https://pacompendium.com/bicycling
adult_01232,adult,Đạp xe,Bicycling,"Đạp xe, tại chỗ, 151-199 W","Bicycling, stationary, 151-199 watts",10.3,MET,3.5,ml/kg/min,vigorous,False,False,False,https://pacompendium.com/bicycling
adult_01236,adult,Đạp xe,Bicycling,"Đạp xe, tại chỗ, 200-229 W, cường độ cao","Bicycling, stationary, 200-229 watts, vigorous",10.8,MET,3.5,ml/kg/min,vigorous,False,False,False,https://pacompendium.com/bicycling
adult_01240,adult,Đạp xe,Bicycling,"Đạp xe, tại chỗ, 230-250 W, rất mạnh","Bicycling, stationary, 230-250 watts, very vigorous",12.5,MET,3.5,ml/kg/min,vigorous,False,False,False,https://pacompendium.com/bicycling
adult_01244,adult,Đạp xe,Bicycling,"Đạp xe, tại chỗ, 270-305 W, rất mạnh","Bicycling, stationary, 270-305 watts, very vigorous",13.8,MET,3.5,ml/kg/min,vigorous,False,False,False,https://pacompendium.com/bicycling
adult_01248,adult,Đạp xe,Bicycling,"Đạp xe, tại chỗ, >325 W, rất mạnh","Bicycling, stationary, >325 watts, very vigorous",16.3,MET,3.5,ml/kg/min,vigorous,False,False,False,https://pacompendium.com/bicycling
adult_01252,adult,Đạp xe,Bicycling,"Đạp xe, chỉ co cơ đồng tâm, 100 W","Bicycling, concentric only, 100 W",5.5,MET,3.5,ml/kg/min,moderate,True,False,False,https://pacompendium.com/bicycling
adult_01254,adult,Đạp xe,Bicycling,"Đạp xe, chỉ co cơ đồng tâm, 200 W","Bicycling, concentric only, 200 W",11.0,MET,3.5,ml/kg/min,vigorous,False,False,False,https://pacompendium.com/bicycling
adult_01262,adult,Đạp xe,Bicycling,"Đạp xe, lệch tâm chỉ, 100–149 W","Bicycling, eccentric only, 100 to 149 W",2.3,MET,3.5,ml/kg/min,light,True,False,False,https://pacompendium.com/bicycling
adult_01264,adult,Đạp xe,Bicycling,"Đạp xe, lệch tâm chỉ, 200 W","Bicycling, eccentric only, 200 W",4.0,MET,3.5,ml/kg/min,moderate,True,False,False,https://pacompendium.com/bicycling
adult_01270,adult,Đạp xe,Bicycling,"Đạp xe, tại chỗ, lớp đạp xe RPM/Spin","Bicycling, stationary, RPM/Spin bike class",9.0,MET,3.5,ml/kg/min,vigorous,False,False,False,https://pacompendium.com/bicycling
adult_01290,adult,Đạp xe,Bicycling,"Đạp xe, đạp xe thực tế ảo tương tác, trong nhà cycle máy đo công suất vận động","Bicycling, interactive virtual cycling, indoor cycle ergometer",8.8,MET,3.5,ml/kg/min,vigorous,False,False,False,https://pacompendium.com/bicycling
adult_01305,adult,Đạp xe,Bicycling,"Đạp xe, cường độ cao tập ngắt quãng","Bicycling, high intensity interval training",8.8,MET,3.5,ml/kg/min,vigorous,False,False,False,https://pacompendium.com/bicycling
adult_02000,adult,Bài tập thể lực,Conditioning Exercise,"Aerobic, thông thường","Aerobic, general",7.3,MET,3.5,ml/kg/min,vigorous,False,False,False,https://pacompendium.com/conditioning-exercise
adult_02001,adult,Bài tập thể lực,Conditioning Exercise,"Aerobic, bước, với 4-inch bước","Aerobic, step, with 4-inch step",5.5,MET,3.5,ml/kg/min,moderate,True,False,False,https://pacompendium.com/conditioning-exercise
adult_02002,adult,Bài tập thể lực,Conditioning Exercise,"Aerobic, bước, với 6 – 8 inch bước","Aerobic, step, with 6 – 8 inch step",7.3,MET,3.5,ml/kg/min,vigorous,False,False,False,https://pacompendium.com/conditioning-exercise
adult_02003,adult,Bài tập thể lực,Conditioning Exercise,"Aerobic, bước, với 10 – 12 inch bước","Aerobic, step, with 10 – 12 inch step",9.0,MET,3.5,ml/kg/min,vigorous,False,False,False,https://pacompendium.com/conditioning-exercise
adult_02004,adult,Bài tập thể lực,Conditioning Exercise,"Lớp tập bước bục, thông thường","Bench step class, general",7.8,MET,3.5,ml/kg/min,vigorous,False,False,False,https://pacompendium.com/conditioning-exercise
adult_02005,adult,Bài tập thể lực,Conditioning Exercise,"Nhảy aerobic, tác động nhẹ, cường độ vừa","Aerobic dance, low impact, moderate effort",4.8,MET,3.5,ml/kg/min,moderate,True,False,False,https://pacompendium.com/conditioning-exercise
adult_02006,adult,Bài tập thể lực,Conditioning Exercise,"Nhảy aerobic, tác động mạnh, cường độ cao","Aerobic dance, high impact, vigorous effort",8.0,MET,3.5,ml/kg/min,vigorous,False,False,False,https://pacompendium.com/conditioning-exercise
adult_02007,adult,Bài tập thể lực,Conditioning Exercise,Nhảy aerobic mặc 10-15 lb weights,Aerobic dance wearing 10-15 lb weights,10.0,MET,3.5,ml/kg/min,vigorous,False,False,False,https://pacompendium.com/conditioning-exercise
adult_02008,adult,Bài tập thể lực,Conditioning Exercise,"Tập vượt chướng ngại vật kiểu quân đội, chương trình tập boot camp","Army type obstacle course exercise, boot camp training program",5.0,MET,3.5,ml/kg/min,moderate,True,False,False,https://pacompendium.com/conditioning-exercise
adult_02020,adult,Bài tập thể lực,Conditioning Exercise,"Bài tập thể trọng (ví dụ: chống đẩy, gập bụng, kéo xà, jumping jack, burpee, battling dây), cường độ cao","Calisthenics (e.g., pushups, sit ups, pull-ups, jumping jacks, burpees, battling ropes), vigorous effort",7.5,MET,3.5,ml/kg/min,vigorous,False,False,False,https://pacompendium.com/conditioning-exercise
adult_02022,adult,Bài tập thể lực,Conditioning Exercise,"Bài tập thể trọng (ví dụ: chống đẩy, gập bụng, kéo xà, lunge), cường độ vừa","Calisthenics (e.g., pushups, sit ups, pull-ups, lunges), moderate effort",3.8,MET,3.5,ml/kg/min,moderate,True,False,False,https://pacompendium.com/conditioning-exercise
adult_02024,adult,Bài tập thể lực,Conditioning Exercise,"Bài tập thể trọng (ví dụ: gập bụng, gập bụng crunch, plank), cường độ nhẹ","Calisthenics (e.g., curl ups, abdominal crunches, plank), light effort",2.8,MET,3.5,ml/kg/min,light,True,False,False,https://pacompendium.com/conditioning-exercise
adult_02030,adult,Bài tập thể lực,Conditioning Exercise,"Bài tập thể trọng, nhẹ hoặc cường độ vừa, thông thường (ví dụ: back bài tập), đứng lên và hạ xuống sàn (Taylor Code 150)","Calisthenics, light or moderate effort, general (e.g., back exercises), going up & down from floor (Taylor Code 150)",3.5,MET,3.5,ml/kg/min,moderate,True,False,False,https://pacompendium.com/conditioning-exercise
adult_02032,adult,Bài tập thể lực,Conditioning Exercise,"Tập luyện theo vòng, bài tập dùng trọng lượng cơ thể","Circuit training, body weight exercises",6.0,MET,3.5,ml/kg/min,vigorous,False,False,False,https://pacompendium.com/conditioning-exercise
adult_02034,adult,Bài tập thể lực,Conditioning Exercise,"Tập luyện theo vòng, cường độ nhẹ","Circuit training, light effort",3.5,MET,3.5,ml/kg/min,moderate,True,False,False,https://pacompendium.com/conditioning-exercise
adult_02035,adult,Bài tập thể lực,Conditioning Exercise,"Tập luyện theo vòng, cường độ vừa","Circuit training, moderate effort",5.0,MET,3.5,ml/kg/min,moderate,True,False,False,https://pacompendium.com/conditioning-exercise
adult_02040,adult,Bài tập thể lực,Conditioning Exercise,"Tập luyện theo vòng, bao gồm tạ ấm kettlebell, một số vận động aerobic với nghỉ rất ít, thông thường, cường độ cao","Circuit training, including kettlebells, some aerobic movement with minimal rest, general, vigorous intensity",7.5,MET,3.5,ml/kg/min,vigorous,False,False,False,https://pacompendium.com/conditioning-exercise
adult_02045,adult,Bài tập thể lực,Conditioning Exercise,Chương trình tập Curves™ trong phụ nữ,Curves™ exercise routines in women,3.5,MET,3.5,ml/kg/min,moderate,True,False,False,https://pacompendium.com/conditioning-exercise
adult_02048,adult,Bài tập thể lực,Conditioning Exercise,"Máy tập elliptical, cường độ vừa","Elliptical trainer, moderate effort",5.0,MET,3.5,ml/kg/min,moderate,True,False,False,https://pacompendium.com/conditioning-exercise
adult_02049,adult,Bài tập thể lực,Conditioning Exercise,"Máy tập elliptical, cường độ cao","Elliptical trainer, vigorous effort",9.0,MET,3.5,ml/kg/min,vigorous,False,False,False,https://pacompendium.com/conditioning-exercise
adult_02050,adult,Bài tập thể lực,Conditioning Exercise,"Tập kháng lực/nâng tạ (tạ tự do, máy Nautilus hoặc máy universal), powerlifting hoặc thể hình, cường độ cao (Taylor Code 210)","Resistance (weight lifting – free weight, nautilus or universal-type), power lifting or body building, vigorous effort (Taylor Code 210)",6.0,MET,3.5,ml/kg/min,vigorous,False,False,False,https://pacompendium.com/conditioning-exercise
adult_02052,adult,Bài tập thể lực,Conditioning Exercise,"Tập kháng lực/tạ: squat, deadlift, động tác chậm hoặc bùng nổ","Resistance (weight) training, squats, deadlift, slow or explosive effort",5.0,MET,3.5,ml/kg/min,moderate,True,False,False,https://pacompendium.com/conditioning-exercise
adult_02054,adult,Bài tập thể lực,Conditioning Exercise,"Kháng lực (trọng lượng) tập luyện, nhiều bài tập, 8-15 lần lặp ở mức kháng lực thay đổi","Resistance (weight) training, multiple exercises, 8-15 reps at varied resistance",3.5,MET,3.5,ml/kg/min,moderate,True,False,False,https://pacompendium.com/conditioning-exercise
adult_02055,adult,Bài tập thể lực,Conditioning Exercise,"Tập kháng lực theo vòng, superset đối ứng, bài tập ngoại vi tim tác động","Resistance Training, circuit, reciprocal supersets, peripheral heart action training",5.8,MET,3.5,ml/kg/min,moderate,True,False,False,https://pacompendium.com/conditioning-exercise
adult_02056,adult,Bài tập thể lực,Conditioning Exercise,"Bài tập kháng lực bằng trọng lượng cơ thể (ví dụ: squat, lunge, chống đẩy, crunch), thông thường","Body weight resistance exercises (e.g., squat, lunge, push-up, crunch), general",3.0,MET,3.5,ml/kg/min,moderate,True,False,False,https://pacompendium.com/conditioning-exercise
adult_02057,adult,Bài tập thể lực,Conditioning Exercise,"Bài tập kháng lực bằng trọng lượng cơ thể (ví dụ: squat, lunge, chống đẩy, crunch), cường độ cao","Body weight resistance exercises (e.g., squat, lunge, push-up, crunch), high intensity",6.5,MET,3.5,ml/kg/min,vigorous,False,False,False,https://pacompendium.com/conditioning-exercise
adult_02058,adult,Bài tập thể lực,Conditioning Exercise,Vung tạ ấm kettlebell,Kettlebell swings,9.8,MET,3.5,ml/kg/min,vigorous,False,False,False,https://pacompendium.com/conditioning-exercise
adult_02060,adult,Bài tập thể lực,Conditioning Exercise,"Tập luyện tại phòng gym, thông thường (Taylor Code 160)","Health club exercise, general (Taylor Code 160)",5.5,MET,3.5,ml/kg/min,moderate,True,False,False,https://pacompendium.com/conditioning-exercise
adult_02061,adult,Bài tập thể lực,Conditioning Exercise,"Các lớp tập tại phòng gym, thông thường, gym/tập tạ kết hợp trong cùng một buổi tập","Health club exercise classes, general, gym/weight training combined in one visit",5.0,MET,3.5,ml/kg/min,moderate,True,False,False,https://pacompendium.com/conditioning-exercise
adult_02062,adult,Bài tập thể lực,Conditioning Exercise,"Tập luyện tại phòng gym, các lớp rèn luyện thể lực","Health club exercise, conditioning classes",7.8,MET,3.5,ml/kg/min,vigorous,False,False,False,https://pacompendium.com/conditioning-exercise
adult_02064,adult,Bài tập thể lực,Conditioning Exercise,"Tập luyện tại nhà, thông thường","Home exercise, general",3.8,MET,3.5,ml/kg/min,moderate,True,False,False,https://pacompendium.com/conditioning-exercise
adult_02065,adult,Bài tập thể lực,Conditioning Exercise,"Máy tập mô phỏng leo cầu thang, thông thường","Stair treadmill ergometer, general",9.3,MET,3.5,ml/kg/min,vigorous,False,False,False,https://pacompendium.com/conditioning-exercise
adult_02068,adult,Bài tập thể lực,Conditioning Exercise,"Nhảy dây tập luyện, thông thường","Rope skipping exercise, general",11.0,MET,3.5,ml/kg/min,vigorous,False,False,False,https://pacompendium.com/conditioning-exercise
adult_02069,adult,Bài tập thể lực,Conditioning Exercise,"Nhảy dây, máy Digi-nhảy, 120 lần nhảy/phút","Jumping rope, Digi-Jump Machine, 120 jumps/minute",9.0,MET,3.5,ml/kg/min,vigorous,False,False,False,https://pacompendium.com/conditioning-exercise
adult_02070,adult,Bài tập thể lực,Conditioning Exercise,"Chèo thuyền, tại chỗ máy đo công suất vận động, thông thường, cường độ cao","Rowing, stationary ergometer, general, vigorous effort",7.3,MET,3.5,ml/kg/min,vigorous,False,False,False,https://pacompendium.com/conditioning-exercise
adult_02071,adult,Bài tập thể lực,Conditioning Exercise,"Chèo thuyền, tại chỗ máy đo công suất vận động, thông thường, <100 W, cường độ vừa","Rowing, stationary ergometer, general, <100 watts, moderate effort",5.0,MET,3.5,ml/kg/min,moderate,True,False,False,https://pacompendium.com/conditioning-exercise
adult_02072,adult,Bài tập thể lực,Conditioning Exercise,"Chèo thuyền, tại chỗ, 100–149 W, cường độ cao","Rowing, stationary, 100 to 149 watts, vigorous effort",7.5,MET,3.5,ml/kg/min,vigorous,False,False,False,https://pacompendium.com/conditioning-exercise
adult_02073,adult,Bài tập thể lực,Conditioning Exercise,"Chèo thuyền, tại chỗ, 150–199 W, cường độ cao","Rowing, stationary, 150 to 199 watts, vigorous effort",11.0,MET,3.5,ml/kg/min,vigorous,False,False,False,https://pacompendium.com/conditioning-exercise
adult_02074,adult,Bài tập thể lực,Conditioning Exercise,"Chèo thuyền, tại chỗ, ≥ 200 W, rất cường độ cao","Rowing, stationary, ≥ 200 watts, very vigorous effort",14.0,MET,3.5,ml/kg/min,vigorous,False,False,False,https://pacompendium.com/conditioning-exercise
adult_02078,adult,Bài tập thể lực,Conditioning Exercise,"Chạy shuttle, tiến/lùi/ngang","Shuttle running, forward/backward/lateral",11.0,MET,3.5,ml/kg/min,vigorous,False,False,False,https://pacompendium.com/conditioning-exercise
adult_02080,adult,Bài tập thể lực,Conditioning Exercise,"Ski máy, thông thường","Ski machine, general",6.8,MET,3.5,ml/kg/min,vigorous,False,False,False,https://pacompendium.com/conditioning-exercise
adult_02082,adult,Bài tập thể lực,Conditioning Exercise,"Ski máy đo công suất vận động, băng đồng, dùng hai gậy trượt tuyết, tốc độ chậm đến vừa","Ski ergometer, cross country, double poling, slow to moderate speed",10.5,MET,3.5,ml/kg/min,vigorous,False,False,False,https://pacompendium.com/conditioning-exercise
adult_02084,adult,Bài tập thể lực,Conditioning Exercise,"Ski máy đo công suất vận động, băng đồng, dùng hai gậy trượt tuyết, tốc độ nhanh đến tối đa","Ski ergometer, cross country, double poling, fast to maximum speed",18.0,MET,3.5,ml/kg/min,vigorous,False,False,False,https://pacompendium.com/conditioning-exercise
adult_02085,adult,Bài tập thể lực,Conditioning Exercise,"Bài tập với ván trượt ngang, thông thường","Slide board exercise, general",10.5,MET,3.5,ml/kg/min,vigorous,False,False,False,https://pacompendium.com/conditioning-exercise
adult_02090,adult,Bài tập thể lực,Conditioning Exercise,"Slimnastics, jazzercise","Slimnastics, jazzercise",6.0,MET,3.5,ml/kg/min,vigorous,False,False,False,https://pacompendium.com/conditioning-exercise
adult_02101,adult,Bài tập thể lực,Conditioning Exercise,"Giãn cơ, nhẹ","Stretching, mild",2.3,MET,3.5,ml/kg/min,light,True,False,False,https://pacompendium.com/conditioning-exercise
adult_02103,adult,Bài tập thể lực,Conditioning Exercise,"Pilates, truyền thống, mat","Pilates, traditional, mat",1.8,MET,3.5,ml/kg/min,light,True,False,False,https://pacompendium.com/conditioning-exercise
adult_02105,adult,Bài tập thể lực,Conditioning Exercise,"Pilates, thông thường","Pilates, general",2.8,MET,3.5,ml/kg/min,light,True,False,False,https://pacompendium.com/conditioning-exercise
adult_02107,adult,Bài tập thể lực,Conditioning Exercise,"Pound Fitness, kết hợp Pilates, chuyển động cơ thể và đánh trống","Pound, combination of Pilates and body movements with drumming",8.5,MET,3.5,ml/kg/min,vigorous,False,False,False,https://pacompendium.com/conditioning-exercise
adult_02108,adult,Bài tập thể lực,Conditioning Exercise,"Gậy/cột khiêu vũ, lớp tập luyện","Pole dancing, exercise class",4.5,MET,3.5,ml/kg/min,moderate,True,False,False,https://pacompendium.com/conditioning-exercise
adult_02110,adult,Bài tập thể lực,Conditioning Exercise,"Hướng dẫn lớp tập luyện (ví dụ: aerobic, nước)","Teaching exercise classes (e.g., aerobic, water)",6.8,MET,3.5,ml/kg/min,vigorous,False,False,False,https://pacompendium.com/conditioning-exercise
adult_02112,adult,Bài tập thể lực,Conditioning Exercise,"Bóng tập trị liệu, bài tập với bóng thể lực","Therapeutic exercise ball, Fitball exercise",2.8,MET,3.5,ml/kg/min,light,True,False,False,https://pacompendium.com/conditioning-exercise
adult_02114,adult,Bài tập thể lực,Conditioning Exercise,"Bóng tập trị liệu, bài tập với bóng thể lực, cường độ cao","Therapeutic exercise ball, Fitball exercise, high intensity",9.5,MET,3.5,ml/kg/min,vigorous,False,False,False,https://pacompendium.com/conditioning-exercise
adult_02115,adult,Bài tập thể lực,Conditioning Exercise,"Tập thân trên, máy tập quay tay, thông thường, cường độ nhẹ","Upper body exercise, arm ergometer, general, light",2.8,MET,3.5,ml/kg/min,light,True,False,False,https://pacompendium.com/conditioning-exercise
adult_02116,adult,Bài tập thể lực,Conditioning Exercise,"Máy tập quay tay, xe đạp tay, 15W","Arm Ergometer, hand bike, 15W",2.0,MET,3.5,ml/kg/min,light,True,False,False,https://pacompendium.com/conditioning-exercise
adult_02117,adult,Bài tập thể lực,Conditioning Exercise,"Máy tập quay tay, xe đạp tay, 25-30W","Arm Ergometer, hand bike, 25-30W",2.8,MET,3.5,ml/kg/min,light,True,False,False,https://pacompendium.com/conditioning-exercise
adult_02118,adult,Bài tập thể lực,Conditioning Exercise,"Máy tập quay tay, xe đạp tay, 45W","Arm Ergometer, hand bike, 45W",3.5,MET,3.5,ml/kg/min,moderate,True,False,False,https://pacompendium.com/conditioning-exercise
adult_02119,adult,Bài tập thể lực,Conditioning Exercise,"Tập thân trên, tại chỗ bicycle – Airdyne (chỉ dùng tay) 40 rpm, cường độ vừa","Upper body exercise, stationary bicycle – Airdyne (arms only) 40 rpm, moderate intensity",4.3,MET,3.5,ml/kg/min,moderate,True,False,False,https://pacompendium.com/conditioning-exercise
adult_02120,adult,Bài tập thể lực,Conditioning Exercise,"Aerobic dưới nước, bài tập thể trọng dưới nước, nước tập luyện","Water aerobics, water calisthenics, water exercise",5.3,MET,3.5,ml/kg/min,moderate,True,False,False,https://pacompendium.com/conditioning-exercise
adult_02135,adult,Bài tập thể lực,Conditioning Exercise,"Ngồi bồn xoáy nước, ngồi","Whirlpool, sitting",1.3,MET,3.5,ml/kg/min,sedentary,True,False,False,https://pacompendium.com/conditioning-exercise
adult_02140,adult,Bài tập thể lực,Conditioning Exercise,"Video/bài tập thể lực trên TV (ví dụ: yoga, giãn cơ, bài tập ngồi), cường độ nhẹ","Video, exercise workouts, TV conditioning programs (e.g., yoga, stretching, seated), light effort",2.5,MET,3.5,ml/kg/min,light,True,False,False,https://pacompendium.com/conditioning-exercise
adult_02143,adult,Bài tập thể lực,Conditioning Exercise,"Video/bài tập thể lực trên TV (ví dụ: cardio và tập sức mạnh có kháng lực), cường độ vừa","Video, exercise workouts, TV conditioning programs (e.g., cardio-resistance training), moderate",4.0,MET,3.5,ml/kg/min,moderate,True,False,False,https://pacompendium.com/conditioning-exercise
adult_02145,adult,Bài tập thể lực,Conditioning Exercise,"Video/bài tập thể lực trên TV (ví dụ: cardio và tập sức mạnh có kháng lực), cường độ cao","Video, exercise workouts, TV conditioning programs (e.g., cardio-resistance training), vigorous",6.0,MET,3.5,ml/kg/min,vigorous,False,False,False,https://pacompendium.com/conditioning-exercise
adult_02150,adult,Bài tập thể lực,Conditioning Exercise,"Yoga, Hatha","Yoga, Hatha",2.3,MET,3.5,ml/kg/min,light,True,False,False,https://pacompendium.com/conditioning-exercise
adult_02153,adult,Bài tập thể lực,Conditioning Exercise,"Yoga, Hatha, cường độ cao","Yoga, Hatha, high intensity",8.0,MET,3.5,ml/kg/min,vigorous,False,False,False,https://pacompendium.com/conditioning-exercise
adult_02155,adult,Bài tập thể lực,Conditioning Exercise,"Yoga, Hot","Yoga, Hot",3.0,MET,3.5,ml/kg/min,moderate,True,False,False,https://pacompendium.com/conditioning-exercise
adult_02160,adult,Bài tập thể lực,Conditioning Exercise,"Yoga, công suất","Yoga, Power",4.0,MET,3.5,ml/kg/min,moderate,True,False,False,https://pacompendium.com/conditioning-exercise
adult_02170,adult,Bài tập thể lực,Conditioning Exercise,"Yoga, Nadisodhana","Yoga, Nadisodhana",2.0,MET,3.5,ml/kg/min,light,True,False,False,https://pacompendium.com/conditioning-exercise
adult_02175,adult,Bài tập thể lực,Conditioning Exercise,"Yoga, thông thường","Yoga, General",2.3,MET,3.5,ml/kg/min,light,True,False,False,https://pacompendium.com/conditioning-exercise
adult_02180,adult,Bài tập thể lực,Conditioning Exercise,"Yoga, Surya Namaskar","Yoga, Surya Namaskar",3.5,MET,3.5,ml/kg/min,moderate,True,False,False,https://pacompendium.com/conditioning-exercise
adult_02185,adult,Bài tập thể lực,Conditioning Exercise,"Yoga, Vinyasa","Yoga, Vinyasa",2.7,MET,3.5,ml/kg/min,light,True,False,False,https://pacompendium.com/conditioning-exercise
adult_02200,adult,Bài tập thể lực,Conditioning Exercise,"Bản địa New Zealand hoạt động thể chất, (ví dụ: Haka Powhiri, Poi, Moteatea, v.v.), thông thường cường độ vừa","Native New Zealander PA, (e.g., Haka Powhiri, Poi, Moteatea, etc.), general moderate effort",5.3,MET,3.5,ml/kg/min,moderate,True,False,False,https://pacompendium.com/conditioning-exercise
adult_02205,adult,Bài tập thể lực,Conditioning Exercise,"Bản địa New Zealand hoạt động thể chất, thông thường, cường độ cao","Native New Zealander PA, general, vigorous effort",6.8,MET,3.5,ml/kg/min,vigorous,False,False,False,https://pacompendium.com/conditioning-exercise
adult_02210,adult,Bài tập thể lực,Conditioning Exercise,"Cường độ cao tập ngắt quãng, cường độ vừa","High intensity interval exercise, moderate effort",7.0,MET,3.5,ml/kg/min,vigorous,False,False,False,https://pacompendium.com/conditioning-exercise
adult_02214,adult,Bài tập thể lực,Conditioning Exercise,"Cường độ cao tập ngắt quãng, burpee, mountain climber, nhảy squat, Tabata, cường độ cao","High intensity interval exercise, burpees, mountain climbers, squat jumps, Tabata, vigorous effort",11.0,MET,3.5,ml/kg/min,vigorous,False,False,False,https://pacompendium.com/conditioning-exercise
adult_02225,adult,Bài tập thể lực,Conditioning Exercise,"Robot hỗ trợ tập thăng bằng (BEAR), mô phỏng trượt tuyết, quần vợt, rodeo","Balance Exercise Assist Robot (BEAR), simulated skiing, tennis, rodeo",2.3,MET,3.5,ml/kg/min,light,True,False,False,https://pacompendium.com/conditioning-exercise
adult_02230,adult,Bài tập thể lực,Conditioning Exercise,Lắc vòng (trước đây gọi là lắc vòng hula®),Hooping (formerly known as hula® hooping),5.8,MET,3.5,ml/kg/min,moderate,True,False,False,https://pacompendium.com/conditioning-exercise
adult_02240,adult,Bài tập thể lực,Conditioning Exercise,"Hệ thống tập Impulse, máy tập quán tính","Impulse Training System, Inertial Exercise Trainer",9.0,MET,3.5,ml/kg/min,vigorous,False,False,False,https://pacompendium.com/conditioning-exercise
adult_02280,adult,Bài tập thể lực,Conditioning Exercise,"Tập thể lực thực tế ảo, Supernatural™ “Flow”, “quyền Anh” cường độ cao","Virtual Reality Fitness, Supernatural™ “Flow”, “Boxing” vigorous intensity",7.9,MET,3.5,ml/kg/min,vigorous,False,False,False,https://pacompendium.com/conditioning-exercise
adult_02284,adult,Bài tập thể lực,Conditioning Exercise,"ExerCube, chuỗi bài tập","ExerCube, workout series",9.3,MET,3.5,ml/kg/min,vigorous,False,False,False,https://pacompendium.com/conditioning-exercise
adult_02288,adult,Bài tập thể lực,Conditioning Exercise,"Hệ thống trò chơi vận động thực tế ảo Blackbox Immersive, cường độ cao","Blackbox Immersive virtual reality exergaming system, vigorous intensity",13.0,MET,3.5,ml/kg/min,vigorous,False,False,False,https://pacompendium.com/conditioning-exercise
adult_02300,adult,Bài tập thể lực,Conditioning Exercise,"Bài tập với Wand, chương trình Life-Build-Line","Wand exercise, Life-Build-Line",3.0,MET,3.5,ml/kg/min,moderate,True,False,False,https://pacompendium.com/conditioning-exercise
adult_02310,adult,Bài tập thể lực,Conditioning Exercise,"Zumba, lớp tập nhóm","Zumba, group class",6.5,MET,3.5,ml/kg/min,vigorous,False,False,False,https://pacompendium.com/conditioning-exercise
adult_02315,adult,Bài tập thể lực,Conditioning Exercise,"Zumba, video tập tại nhà","Zumba, home video",5.5,MET,3.5,ml/kg/min,moderate,True,False,False,https://pacompendium.com/conditioning-exercise
adult_02340,adult,Bài tập thể lực,Conditioning Exercise,"Bài tập đứng lên - ngồi xuống, 6-12 lần/phút","Sit to stand exercise, 6-12 times/min",2.8,MET,3.5,ml/kg/min,light,True,False,False,https://pacompendium.com/conditioning-exercise
adult_02344,adult,Bài tập thể lực,Conditioning Exercise,"Bài tập đứng lên - ngồi xuống, 18-24 lần/phút","Sit to stand exercise, 18-24 times/min",4.0,MET,3.5,ml/kg/min,moderate,True,False,False,https://pacompendium.com/conditioning-exercise
adult_03005,adult,Khiêu vũ / nhảy,Dancing,"Salsa Afro-Cuba (Cuban cha-cha-cha, mambo, Afro rumba, các bước Son Contratiempo, các động tác Orisha/Santo)","Afro-Cuban salsa (Cuban cha-cha-cha, mambo, Afro rumba, contratiempo son steps, orisha/santo movements)",6.0,MET,3.5,ml/kg/min,vigorous,False,False,False,https://pacompendium.com/dancing
adult_03010,adult,Khiêu vũ / nhảy,Dancing,"Ballet, hiện đại, hoặc jazz thông thường, tập luyện hoặc tham gia lớp học","Ballet, modern, or jazz general, rehearsal or class",5.0,MET,3.5,ml/kg/min,moderate,True,False,False,https://pacompendium.com/dancing
adult_03011,adult,Khiêu vũ / nhảy,Dancing,"Ballet bài tập (plie, tendus, jetes, rond de Jambes, fondus, grand battement, grand adage, sautes, temp Leve’s)","Ballet exercises (plie, tendus, jetes, rond de Jambes, fondus, grand battement, grand adage, sautes, temp Leve’s)",6.3,MET,3.5,ml/kg/min,vigorous,False,False,False,https://pacompendium.com/dancing
adult_03012,adult,Khiêu vũ / nhảy,Dancing,"Ballet, hiện đại, hoặc jazz, biểu diễn, cường độ cao","Ballet, modern, or jazz, performance, vigorous effort",6.8,MET,3.5,ml/kg/min,vigorous,False,False,False,https://pacompendium.com/dancing
adult_03014,adult,Khiêu vũ / nhảy,Dancing,Tap,Tap,4.8,MET,3.5,ml/kg/min,moderate,True,False,False,https://pacompendium.com/dancing
adult_03025,adult,Khiêu vũ / nhảy,Dancing,"Khiêu vũ dân tộc/văn hóa (ví dụ Greek, Trung Đông, hula, salsa, merengue, bamba y plena, flamenco, múa bụng, và swing)","Ethnic or cultural dancing (e.g. Greek, Middle Eastern, hula, salsa, merengue, bamba y plena, flamenco, belly, and swing)",4.5,MET,3.5,ml/kg/min,moderate,True,False,False,https://pacompendium.com/dancing
adult_03028,adult,Khiêu vũ / nhảy,Dancing,"Chinese square nhảy / khiêu vũ, Ballet & Tibetan nhảy / khiêu vũ","Chinese square dance, Ballet & Tibetan dance",5.5,MET,3.5,ml/kg/min,moderate,True,False,False,https://pacompendium.com/dancing
adult_03029,adult,Khiêu vũ / nhảy,Dancing,"Chinese square nhảy / khiêu vũ, nhảy aerobic","Chinese square dance, aerobic dance",7.3,MET,3.5,ml/kg/min,vigorous,False,False,False,https://pacompendium.com/dancing
adult_03030,adult,Khiêu vũ / nhảy,Dancing,"Ballroom khiêu vũ, nhanh (Taylor Code 125)","Ballroom dancing, fast (Taylor Code 125)",5.5,MET,3.5,ml/kg/min,moderate,True,False,False,https://pacompendium.com/dancing
adult_03031,adult,Khiêu vũ / nhảy,Dancing,"Khiêu vũ hộp đêm hoặc dân gian, cường độ cao (ví dụ: disco, nhảy dân gian, nhảy theo hàng, nhảy bước Ireland, polka, contra)","Nightclub or folk dancing, vigorous effort (e.g., nightclub, disco, folk, line dancing, Irish step dancing, polka, contra)",9.8,MET,3.5,ml/kg/min,vigorous,False,False,False,https://pacompendium.com/dancing
adult_03033,adult,Khiêu vũ / nhảy,Dancing,"Dân gian khiêu vũ, cường độ vừa","Folk dancing, moderate effort",5.0,MET,3.5,ml/kg/min,moderate,True,False,False,https://pacompendium.com/dancing
adult_03038,adult,Khiêu vũ / nhảy,Dancing,"Ballroom khiêu vũ, thi đấu, thông thường","Ballroom dancing, competitive, general",11.3,MET,3.5,ml/kg/min,vigorous,False,False,False,https://pacompendium.com/dancing
adult_03039,adult,Khiêu vũ / nhảy,Dancing,"Khiêu vũ Ballroom, DanceSport thi đấu (hiện đại waltz, tango, Viennese waltz, foxtrot chậm, quickstep, samba, chacha, rumba, paso doble, jive)","Ballroom dance, DanceSport competition (modern waltz, tango, Viennese waltz, slow fox, quick step, samba, chacha, rumba, paso doble, jive)",13.0,MET,3.5,ml/kg/min,vigorous,False,False,False,https://pacompendium.com/dancing
adult_03040,adult,Khiêu vũ / nhảy,Dancing,"Ballroom, chậm, ví dụ: waltz, foxtrot, chậm khiêu vũ, samba tango, rumba, thế kỷ 19 nhảy / khiêu vũ, mambo, cha cha","Ballroom, slow, examples: waltz, foxtrot, slow dancing, samba tango, rumba, 19th century dance, mambo, cha cha",3.0,MET,3.5,ml/kg/min,moderate,True,False,False,https://pacompendium.com/dancing
adult_03042,adult,Khiêu vũ / nhảy,Dancing,"Khiêu vũ Ballroom, giải trí (waltz, Foxtrot, Cha-cha, swing)","Ballroom Dance, Recreational (Waltz, Foxtrot, Cha-cha, Swing)",6.0,MET,3.5,ml/kg/min,vigorous,False,False,False,https://pacompendium.com/dancing
adult_03050,adult,Khiêu vũ / nhảy,Dancing,"Nhảy Anishinaabe Jingle, tốc độ nhanh; các điệu múa truyền thống khác của người Mỹ bản địa do phụ nữ biểu diễn, cường độ vừa","Anishinaabe Jingle dancing, brisk pace, other traditional American Indian dancing performed by women, moderate effort",5.5,MET,3.5,ml/kg/min,moderate,True,False,False,https://pacompendium.com/dancing
adult_03060,adult,Khiêu vũ / nhảy,Dancing,"Các điệu nhảy Caribbean (Abakua, Beguine, Bellair, Bongo, Brukin’s, Caribbean Quadrills, Dinki Mini, Gere, Gumbay, Ibo, Jonkonnu, Kumina, Oreisha, Jambu)","Caribbean dance (Abakua, Beguine, Bellair, Bongo, Brukin’s, Caribbean Quadrills, Dinki Mini, Gere, Gumbay, Ibo, Jonkonnu, Kumina, Oreisha, Jambu)",3.5,MET,3.5,ml/kg/min,moderate,True,False,False,https://pacompendium.com/dancing
adult_03070,adult,Khiêu vũ / nhảy,Dancing,"Nhảy đương đại, thông thường","Contemporary dancing, general",3.8,MET,3.5,ml/kg/min,moderate,True,False,False,https://pacompendium.com/dancing
adult_03072,adult,Khiêu vũ / nhảy,Dancing,Nhảy đương đại tại hộp đêm,"Contemporary dancing, nightclub",4.3,MET,3.5,ml/kg/min,moderate,True,False,False,https://pacompendium.com/dancing
adult_03075,adult,Khiêu vũ / nhảy,Dancing,Flamenco nhảy / khiêu vũ,Flamenco dance,8.5,MET,3.5,ml/kg/min,vigorous,False,False,False,https://pacompendium.com/dancing
adult_03078,adult,Khiêu vũ / nhảy,Dancing,"Nhảy jazz, thông thường","Jazz dancing, general",4.5,MET,3.5,ml/kg/min,moderate,True,False,False,https://pacompendium.com/dancing
adult_03080,adult,Khiêu vũ / nhảy,Dancing,"Nhạc kịch/sân khấu ca múa, hát/nhảy / khiêu vũ","Musical Theater, Singing/dancing",10.3,MET,3.5,ml/kg/min,vigorous,False,False,False,https://pacompendium.com/dancing
adult_03085,adult,Khiêu vũ / nhảy,Dancing,"Các điệu nhảy Polynesia, Hula Hawaii, chậm, Maori haka, Tongan","Polynesian dance, Hawaiian hula slow, Maori haka, Tongan",5.8,MET,3.5,ml/kg/min,moderate,True,False,False,https://pacompendium.com/dancing
adult_03086,adult,Khiêu vũ / nhảy,Dancing,"Các điệu nhảy Polynesia, Hula Hawaii, nhanh, Sasa Samoa, phong cách Fiji, nhanh, Tinikling Philippines","Polynesian dance, Hawaiian hula fast, Samoan sasa, Fijian style fast, Filipino Tinikling",7.0,MET,3.5,ml/kg/min,vigorous,False,False,False,https://pacompendium.com/dancing
adult_03087,adult,Khiêu vũ / nhảy,Dancing,"Các điệu nhảy Polynesia, Samoan slap, Tahitian","Polynesian dance, Samoan slap, Tahitian",8.8,MET,3.5,ml/kg/min,vigorous,False,False,False,https://pacompendium.com/dancing
adult_03090,adult,Khiêu vũ / nhảy,Dancing,"Nhảy Salsa, với partner","Salsa Dancing, with partner",4.8,MET,3.5,ml/kg/min,moderate,True,False,False,https://pacompendium.com/dancing
adult_03091,adult,Khiêu vũ / nhảy,Dancing,Nhảy Salsa theo video,"Salsa dancing, to a video",6.3,MET,3.5,ml/kg/min,vigorous,False,False,False,https://pacompendium.com/dancing
adult_03093,adult,Khiêu vũ / nhảy,Dancing,"Square khiêu vũ, Mỹ Western, đồng quê","Square Dancing, American Western, country",5.5,MET,3.5,ml/kg/min,moderate,True,False,False,https://pacompendium.com/dancing
adult_04001,adult,Câu cá / săn bắn,Fishing Hunting,"Câu cá, thông thường","Fishing, general",3.5,MET,3.5,ml/kg/min,moderate,True,False,False,https://pacompendium.com/fishing-hunting
adult_04005,adult,Câu cá / săn bắn,Fishing Hunting,"Câu cá, crab câu cá","Fishing, crab fishing",4.5,MET,3.5,ml/kg/min,moderate,True,False,False,https://pacompendium.com/fishing-hunting
adult_04007,adult,Câu cá / săn bắn,Fishing Hunting,"Câu cá, bắt cá bằng hai tay","Fishing, catching fish with hands",4.0,MET,3.5,ml/kg/min,moderate,True,False,False,https://pacompendium.com/fishing-hunting
adult_04010,adult,Câu cá / săn bắn,Fishing Hunting,"Câu cá related, đào đất worms, với xẻng","Fishing related, digging worms, with shovel",4.3,MET,3.5,ml/kg/min,moderate,True,False,False,https://pacompendium.com/fishing-hunting
adult_04020,adult,Câu cá / săn bắn,Fishing Hunting,Câu cá từ bờ sông và đi bộ,Fishing from river bank and walking,4.0,MET,3.5,ml/kg/min,moderate,True,False,False,https://pacompendium.com/fishing-hunting
adult_04030,adult,Câu cá / săn bắn,Fishing Hunting,"Câu cá từ thuyền hoặc canoe, ngồi","Fishing from boat or canoe, sitting",2.0,MET,3.5,ml/kg/min,light,True,False,False,https://pacompendium.com/fishing-hunting
adult_04040,adult,Câu cá / săn bắn,Fishing Hunting,"Câu cá từ bờ sông, đứng (Taylor Code 660)","Fishing from river bank, standing (Taylor Code 660)",3.5,MET,3.5,ml/kg/min,moderate,True,False,False,https://pacompendium.com/fishing-hunting
adult_04050,adult,Câu cá / săn bắn,Fishing Hunting,"Câu cá trong suối, trong waders (Taylor Code 670)","Fishing in stream, in waders (Taylor Code 670)",6.0,MET,3.5,ml/kg/min,vigorous,False,False,False,https://pacompendium.com/fishing-hunting
adult_04060,adult,Câu cá / săn bắn,Fishing Hunting,"Câu cá, băng, ngồi","Fishing, ice, sitting",2.0,MET,3.5,ml/kg/min,light,True,False,False,https://pacompendium.com/fishing-hunting
adult_04061,adult,Câu cá / săn bắn,Fishing Hunting,"Câu cá, điệu jig hoặc nhảy theo hàng, đứng, thông thường","Fishing, jig or line, standing, general",1.8,MET,3.5,ml/kg/min,light,True,False,False,https://pacompendium.com/fishing-hunting
adult_04062,adult,Câu cá / săn bắn,Fishing Hunting,"Câu cá, vợt lưới, thả lưới và thu cá, thông thường","Fishing, dip net, setting net and retrieving fish, general",3.5,MET,3.5,ml/kg/min,moderate,True,False,False,https://pacompendium.com/fishing-hunting
adult_04063,adult,Câu cá / săn bắn,Fishing Hunting,"Câu cá, giăng lưới, thả lưới và thu cá, thông thường","Fishing, set net, setting net and retrieving fish, general",3.8,MET,3.5,ml/kg/min,moderate,True,False,False,https://pacompendium.com/fishing-hunting
adult_04064,adult,Câu cá / săn bắn,Fishing Hunting,"Câu cá, câu cá bánh xe, thả lưới và thu cá, thông thường","Fishing, fishing wheel, setting net and retrieving fish, general",3.0,MET,3.5,ml/kg/min,moderate,True,False,False,https://pacompendium.com/fishing-hunting
adult_04065,adult,Câu cá / săn bắn,Fishing Hunting,"Câu cá với một spear, đứng","Fishing with a spear, standing",2.3,MET,3.5,ml/kg/min,light,True,False,False,https://pacompendium.com/fishing-hunting
adult_04070,adult,Câu cá / săn bắn,Fishing Hunting,"Săn bắn, bow và arrow hoặc crossbow","Hunting, bow and arrow or crossbow",2.5,MET,3.5,ml/kg/min,light,True,False,False,https://pacompendium.com/fishing-hunting
adult_04080,adult,Câu cá / săn bắn,Fishing Hunting,"Săn bắn, deer, elk, thú săn lớn (Taylor Code 170)","Hunting, deer, elk, large game (Taylor Code 170)",6.0,MET,3.5,ml/kg/min,vigorous,False,False,False,https://pacompendium.com/fishing-hunting
adult_04081,adult,Câu cá / săn bắn,Fishing Hunting,"Săn bắn thú săn lớn, dragging carcass","Hunting large game, dragging carcass",9.8,MET,3.5,ml/kg/min,vigorous,False,False,False,https://pacompendium.com/fishing-hunting
adult_04083,adult,Câu cá / săn bắn,Fishing Hunting,Săn bắn lớn marine động vật,Hunting large marine animals,4.0,MET,3.5,ml/kg/min,moderate,True,False,False,https://pacompendium.com/fishing-hunting
adult_04085,adult,Câu cá / săn bắn,Fishing Hunting,"Săn thú lớn từ chòi săn, đi bộ ít","Hunting, large game from a hunting stand, limited walking",2.5,MET,3.5,ml/kg/min,light,True,False,False,https://pacompendium.com/fishing-hunting
adult_04086,adult,Câu cá / săn bắn,Fishing Hunting,"Săn bắn thú săn lớn từ một ô tô, máy bay hoặc thuyền","Hunting large game from a car, plane, or boat",2.0,MET,3.5,ml/kg/min,light,True,False,False,https://pacompendium.com/fishing-hunting
adult_04090,adult,Câu cá / săn bắn,Fishing Hunting,"Săn bắn, duck, wading","Hunting, duck, wading",2.5,MET,3.5,ml/kg/min,light,True,False,False,https://pacompendium.com/fishing-hunting
adult_04095,adult,Câu cá / săn bắn,Fishing Hunting,"Săn bắn dơi cáo, sóc","Hunting flying fox, squirrel",3.0,MET,3.5,ml/kg/min,moderate,True,False,False,https://pacompendium.com/fishing-hunting
adult_04100,adult,Câu cá / săn bắn,Fishing Hunting,"Săn bắn, thông thường","Hunting, general",5.0,MET,3.5,ml/kg/min,moderate,True,False,False,https://pacompendium.com/fishing-hunting
adult_04110,adult,Câu cá / săn bắn,Fishing Hunting,"Săn bắn, pheasants hoặc grouse (Taylor Code 680)","Hunting, pheasants or grouse (Taylor Code 680)",6.0,MET,3.5,ml/kg/min,vigorous,False,False,False,https://pacompendium.com/fishing-hunting
adult_04115,adult,Câu cá / săn bắn,Fishing Hunting,Săn bắn birds,Hunting birds,3.3,MET,3.5,ml/kg/min,moderate,True,False,False,https://pacompendium.com/fishing-hunting
adult_04120,adult,Câu cá / săn bắn,Fishing Hunting,"Săn bắn, rabbit, sóc, prairie chick, raccoon, thú săn nhỏ (Taylor Code 690)","Hunting, rabbit, squirrel, prairie chick, raccoon, small game (Taylor Code 690)",5.0,MET,3.5,ml/kg/min,moderate,True,False,False,https://pacompendium.com/fishing-hunting
adult_04123,adult,Câu cá / săn bắn,Fishing Hunting,Săn bắn lợn rừng,"Hunting pigs, wild",3.3,MET,3.5,ml/kg/min,moderate,True,False,False,https://pacompendium.com/fishing-hunting
adult_04124,adult,Câu cá / săn bắn,Fishing Hunting,"Đặt bẫy săn thú, thông thường","Trapping game, general",2.0,MET,3.5,ml/kg/min,light,True,False,False,https://pacompendium.com/fishing-hunting
adult_04125,adult,Câu cá / săn bắn,Fishing Hunting,Săn bắn – đi bộ đường dài với săn bắn trang bị,Hunting – hiking with hunting gear,9.5,MET,3.5,ml/kg/min,vigorous,False,False,False,https://pacompendium.com/fishing-hunting
adult_04130,adult,Câu cá / săn bắn,Fishing Hunting,"Bắn súng ngắn hoặc bắn đĩa bay, đứng","Pistol shooting or trap shooting, standing",2.5,MET,3.5,ml/kg/min,light,True,False,False,https://pacompendium.com/fishing-hunting
adult_04140,adult,Câu cá / săn bắn,Fishing Hunting,"Súng trường bài tập, bắn súng, nằm xuống","Rifle exercises, shooting, lying down",2.3,MET,3.5,ml/kg/min,light,True,False,False,https://pacompendium.com/fishing-hunting
adult_04145,adult,Câu cá / săn bắn,Fishing Hunting,"Súng trường bài tập, bắn súng, quỳ hoặc đứng","Rifle exercises, shooting, kneeling or standing",2.5,MET,3.5,ml/kg/min,light,True,False,False,https://pacompendium.com/fishing-hunting
adult_04150,adult,Câu cá / săn bắn,Fishing Hunting,"Tìm kiếm/hái lượm thực phẩm, 0-9.9kg ba lô","Foraging, 0-9.9kg backpack",2.8,MET,3.5,ml/kg/min,light,True,False,False,https://pacompendium.com/fishing-hunting
adult_04152,adult,Câu cá / săn bắn,Fishing Hunting,"Tìm kiếm/hái lượm thực phẩm, 10-15kg ba lô","Foraging, 10-15kg backpack",3.0,MET,3.5,ml/kg/min,moderate,True,False,False,https://pacompendium.com/fishing-hunting
adult_04160,adult,Câu cá / săn bắn,Fishing Hunting,"Ngồi trong thuyền, hành khách","Sitting in boat, passenger",1.0,MET,3.5,ml/kg/min,sedentary,True,False,False,https://pacompendium.com/fishing-hunting
adult_04164,adult,Câu cá / săn bắn,Fishing Hunting,Đứng trong thuyền,Standing in boat,1.5,MET,3.5,ml/kg/min,sedentary,True,False,False,https://pacompendium.com/fishing-hunting
adult_04168,adult,Câu cá / săn bắn,Fishing Hunting,Hoạt động trên thuyền: nâng và hạ vật,"Activities in a boat, lifting, lowering",3.3,MET,3.5,ml/kg/min,moderate,True,False,False,https://pacompendium.com/fishing-hunting
adult_05010,adult,Hoạt động tại nhà,Home Activities,"Dọn dẹp, quét dọn thảm hoặc sàn, thông thường","Cleaning, sweeping carpet or floors, general",3.3,MET,3.5,ml/kg/min,moderate,True,False,False,https://pacompendium.com/home-activities
adult_05011,adult,Hoạt động tại nhà,Home Activities,"Dọn dẹp, quét dọn, chậm, cường độ nhẹ","Cleaning, sweeping, slow, light effort",2.3,MET,3.5,ml/kg/min,light,True,False,False,https://pacompendium.com/home-activities
adult_05012,adult,Hoạt động tại nhà,Home Activities,"Dọn dẹp, quét dọn, nhanh, cường độ vừa","Cleaning, sweeping, fast, moderate effort",3.8,MET,3.5,ml/kg/min,moderate,True,False,False,https://pacompendium.com/home-activities
adult_05020,adult,Hoạt động tại nhà,Home Activities,"Dọn dẹp nặng hoặc lớn (ví dụ: rửa ô tô, dọn gara), cường độ vừa","Cleaning heavy or major (e.g., wash car, clean garage), moderate effort",3.5,MET,3.5,ml/kg/min,moderate,True,False,False,https://pacompendium.com/home-activities
adult_05021,adult,Hoạt động tại nhà,Home Activities,"Dọn dẹp, lau sàn, đứng, cường độ vừa","Cleaning, mopping, standing, moderate effort",3.5,MET,3.5,ml/kg/min,moderate,True,False,False,https://pacompendium.com/home-activities
adult_05022,adult,Hoạt động tại nhà,Home Activities,"Lau cửa sổ, rửa cửa sổ, thông thường","Cleaning windows, washing windows, general",3.3,MET,3.5,ml/kg/min,moderate,True,False,False,https://pacompendium.com/home-activities
adult_05023,adult,Hoạt động tại nhà,Home Activities,"Lau sàn, đứng, cường độ nhẹ","Mopping, standing, light effort",2.5,MET,3.5,ml/kg/min,light,True,False,False,https://pacompendium.com/home-activities
adult_05024,adult,Hoạt động tại nhà,Home Activities,"Đánh bóng sàn, đứng, đi bộ chậm, sử dụng máy đánh bóng điện","Polishing floors, standing, walking slowly, using electric polishing machine",4.5,MET,3.5,ml/kg/min,moderate,True,False,False,https://pacompendium.com/home-activities
adult_05025,adult,Hoạt động tại nhà,Home Activities,"Thực hiện nhiều việc nhà cùng lúc, cường độ nhẹ","Multiple household tasks all at once, light effort",2.8,MET,3.5,ml/kg/min,light,True,False,False,https://pacompendium.com/home-activities
adult_05026,adult,Hoạt động tại nhà,Home Activities,"Thực hiện nhiều việc nhà cùng lúc, cường độ vừa","Multiple household tasks all at once, moderate effort",3.3,MET,3.5,ml/kg/min,moderate,True,False,False,https://pacompendium.com/home-activities
adult_05027,adult,Hoạt động tại nhà,Home Activities,"Thực hiện nhiều việc nhà cùng lúc, cường độ cao","Multiple household tasks all at once, vigorous effort",4.3,MET,3.5,ml/kg/min,moderate,True,False,False,https://pacompendium.com/home-activities
adult_05030,adult,Hoạt động tại nhà,Home Activities,"Dọn dẹp, nhà hoặc cabin, thông thường, cường độ vừa","Cleaning, house or cabin, general, moderate effort",3.3,MET,3.5,ml/kg/min,moderate,True,False,False,https://pacompendium.com/home-activities
adult_05032,adult,Hoạt động tại nhà,Home Activities,"Lau bụi hoặc đánh bóng đồ nội thất, thông thường","Dusting or polishing furniture, general",2.5,MET,3.5,ml/kg/min,light,True,False,False,https://pacompendium.com/home-activities
adult_05035,adult,Hoạt động tại nhà,Home Activities,"Bếp activity, thông thường, (ví dụ: nấu ăn, rửa chén bát, dọn dẹp lên) cường độ vừa","Kitchen activity, general, (e.g., cooking, washing dishes, cleaning up) moderate effort",3.3,MET,3.5,ml/kg/min,moderate,True,False,False,https://pacompendium.com/home-activities
adult_05040,adult,Hoạt động tại nhà,Home Activities,"Dọn dẹp, thông thường (sắp xếp gọn, thay ga/vải trải, mang rác ra ngoài), cường độ nhẹ","Cleaning, general (straightening up, changing linen, carrying out trash), light effort",2.5,MET,3.5,ml/kg/min,light,True,False,False,https://pacompendium.com/home-activities
adult_05041,adult,Hoạt động tại nhà,Home Activities,"Rửa chén bát, đứng hoặc trong thông thường (không tách riêng phần đứng/đi bộ)","Wash dishes, standing or in general (not broken into stand/walk components)",2.0,MET,3.5,ml/kg/min,light,True,False,False,https://pacompendium.com/home-activities
adult_05042,adult,Hoạt động tại nhà,Home Activities,"Rửa chén bát, dọn chén bát khỏi bàn, đi bộ, cường độ nhẹ","Wash dishes, clearing dishes from table, walking, light effort",2.0,MET,3.5,ml/kg/min,light,True,False,False,https://pacompendium.com/home-activities
adult_05043,adult,Hoạt động tại nhà,Home Activities,"Hút bụi, thông thường, cường độ vừa","Vacuuming, general, moderate effort",3.0,MET,3.5,ml/kg/min,moderate,True,False,False,https://pacompendium.com/home-activities
adult_05044,adult,Hoạt động tại nhà,Home Activities,"Sơ chế/xẻ thịt động vật, nhỏ","Butchering animals, small",3.0,MET,3.5,ml/kg/min,moderate,True,False,False,https://pacompendium.com/home-activities
adult_05045,adult,Hoạt động tại nhà,Home Activities,"Sơ chế/xẻ thịt động vật, lớn, cường độ cao","Butchering animals, large, vigorous effort",6.0,MET,3.5,ml/kg/min,vigorous,False,False,False,https://pacompendium.com/home-activities
adult_05046,adult,Hoạt động tại nhà,Home Activities,"Cắt và hun khói cá, phơi/sấy cá hoặc thịt","Cutting and smoking fish, drying fish or meat",2.3,MET,3.5,ml/kg/min,light,True,False,False,https://pacompendium.com/home-activities
adult_05048,adult,Hoạt động tại nhà,Home Activities,"Tanning hides, thông thường","Tanning hides, general",4.0,MET,3.5,ml/kg/min,moderate,True,False,False,https://pacompendium.com/home-activities
adult_05049,adult,Hoạt động tại nhà,Home Activities,"Nấu ăn hoặc chuẩn bị thực phẩm, cường độ vừa","Cooking or food preparation, moderate effort",3.5,MET,3.5,ml/kg/min,moderate,True,False,False,https://pacompendium.com/home-activities
adult_05050,adult,Hoạt động tại nhà,Home Activities,"Nấu ăn hoặc chuẩn bị thực phẩm – đứng hoặc ngồi hoặc trong thông thường (không tách riêng phần đứng/đi bộ), dụng cụ gia dụng thủ công, cường độ nhẹ","Cooking or food preparation – standing or sitting or in general (not broken into stand/walk components), manual appliances, light effort",2.0,MET,3.5,ml/kg/min,light,True,False,False,https://pacompendium.com/home-activities
adult_05051,adult,Hoạt động tại nhà,Home Activities,"Nấu ăn hoặc chuẩn bị thực phẩm, đi bộ","Cooking or food preparation, walking",2.3,MET,3.5,ml/kg/min,light,True,False,False,https://pacompendium.com/home-activities
adult_05052,adult,Hoạt động tại nhà,Home Activities,"Phục vụ thực phẩm, bày/dọn bàn ăn, ước tính đi bộ hoặc đứng","Serving food, setting/cleaning table, implied walking or standing",2.3,MET,3.5,ml/kg/min,light,True,False,False,https://pacompendium.com/home-activities
adult_05053,adult,Hoạt động tại nhà,Home Activities,Cho ăn việc nhà động vật,Feeding household animals,2.5,MET,3.5,ml/kg/min,light,True,False,False,https://pacompendium.com/home-activities
adult_05054,adult,Hoạt động tại nhà,Home Activities,"Mang đồ tạp hóa, trên địa hình bằng phẳng, đi bộ","carrying groceries, on level ground, walking",3.5,MET,3.5,ml/kg/min,moderate,True,False,False,https://pacompendium.com/home-activities
adult_05055,adult,Hoạt động tại nhà,Home Activities,"Cất đồ tạp hóa (ví dụ: mang đồ tạp hóa, mang vác packages)","Putting away groceries (e.g. carrying groceries, carrying packages)",2.5,MET,3.5,ml/kg/min,light,True,False,False,https://pacompendium.com/home-activities
adult_05056,adult,Hoạt động tại nhà,Home Activities,Mang đồ tạp hóa lên cầu thang,Carrying groceries upstairs,5.3,MET,3.5,ml/kg/min,moderate,True,False,False,https://pacompendium.com/home-activities
adult_05057,adult,Hoạt động tại nhà,Home Activities,Nấu bánh mì Ấn Độ hoặc thực phẩm khác trên bếp ngoài trời,Cooking Indian bread or other food on an outside stove,3.0,MET,3.5,ml/kg/min,moderate,True,False,False,https://pacompendium.com/home-activities
adult_05060,adult,Hoạt động tại nhà,Home Activities,Thực phẩm mua sắm với hoặc không có một tạp hóa xe đẩy; mang vác một 10 lb bag; đứng hoặc đi bộ,Food shopping with or without a grocery cart; carrying a 10 lb bag; standing or walking,3.3,MET,3.5,ml/kg/min,moderate,True,False,False,https://pacompendium.com/home-activities
adult_05065,adult,Hoạt động tại nhà,Home Activities,"Non-thực phẩm mua sắm, với hoặc không có xe đẩy, đứng hoặc đi bộ","Non-food shopping, with or without cart, standing or walking",2.3,MET,3.5,ml/kg/min,light,True,False,False,https://pacompendium.com/home-activities
adult_05070,adult,Hoạt động tại nhà,Home Activities,Ủi quần áo,Ironing,1.8,MET,3.5,ml/kg/min,light,True,False,False,https://pacompendium.com/home-activities
adult_05080,adult,Hoạt động tại nhà,Home Activities,"Đan len, may vá, cường độ nhẹ, gói quà, ngồi","Knitting, sewing, light effort, wrapping presents, sitting",1.3,MET,3.5,ml/kg/min,sedentary,True,False,False,https://pacompendium.com/home-activities
adult_05082,adult,Hoạt động tại nhà,Home Activities,May vá với một máy,Sewing with a machine,2.8,MET,3.5,ml/kg/min,light,True,False,False,https://pacompendium.com/home-activities
adult_05090,adult,Hoạt động tại nhà,Home Activities,"Giặt giũ, gấp hoặc treo quần áo, cho quần áo vào máy giặt hoặc máy sấy, đóng gói vali, giặt quần áo bằng tay, ước tính đứng, cường độ nhẹ","Laundry, fold or hang clothes, put clothes in washer or dryer, packing suitcase, washing clothes by hand, implied standing, light effort",2.3,MET,3.5,ml/kg/min,light,True,False,False,https://pacompendium.com/home-activities
adult_05091,adult,Hoạt động tại nhà,Home Activities,"Giặt giũ, gấp hoặc treo quần áo, ngồi","Laundry, fold or hang clothes, sitting",2.0,MET,3.5,ml/kg/min,light,True,False,False,https://pacompendium.com/home-activities
adult_05092,adult,Hoạt động tại nhà,Home Activities,"Giặt giũ, cường độ vừa","Laundry, moderate effort",4.0,MET,3.5,ml/kg/min,moderate,True,False,False,https://pacompendium.com/home-activities
adult_05095,adult,Hoạt động tại nhà,Home Activities,"Giặt giũ, cất quần áo, gom quần áo để đóng gói, cất giặt giũ, ước tính đi bộ","Laundry, putting away clothes, gathering clothes to pack, putting away laundry, implied walking",2.0,MET,3.5,ml/kg/min,light,True,False,False,https://pacompendium.com/home-activities
adult_05100,adult,Hoạt động tại nhà,Home Activities,"Dọn giường, thay ga/vải trải","Making bed, changing linens",3.0,MET,3.5,ml/kg/min,moderate,True,False,False,https://pacompendium.com/home-activities
adult_05110,adult,Hoạt động tại nhà,Home Activities,"Thu hoạch/chế biến si-rô cây phong (bao gồm mang xô, mang gỗ/củi)","Maple syruping/sugar bushing (including carrying buckets, carrying wood)",5.0,MET,3.5,ml/kg/min,moderate,True,False,False,https://pacompendium.com/home-activities
adult_05120,adult,Hoạt động tại nhà,Home Activities,"Di chuyển đồ nội thất, đồ dùng trong nhà, mang vác thùng / hộp","Moving furniture, household items, carrying boxes",5.8,MET,3.5,ml/kg/min,moderate,True,False,False,https://pacompendium.com/home-activities
adult_05121,adult,Hoạt động tại nhà,Home Activities,"Di chuyển, nâng nhẹ tải","Moving, lifting light loads",5.0,MET,3.5,ml/kg/min,moderate,True,False,False,https://pacompendium.com/home-activities
adult_05125,adult,Hoạt động tại nhà,Home Activities,Organizing một phòng,Organizing a room,4.8,MET,3.5,ml/kg/min,moderate,True,False,False,https://pacompendium.com/home-activities
adult_05130,adult,Hoạt động tại nhà,Home Activities,"Chà sàn, trên hai tay và đầu gối, cọ rửa phòng tắm, bồn tắm, cường độ vừa","Scrubbing floors, on hands and knees, scrubbing bathroom, bathtub, moderate effort",3.5,MET,3.5,ml/kg/min,moderate,True,False,False,https://pacompendium.com/home-activities
adult_05131,adult,Hoạt động tại nhà,Home Activities,"Chà sàn, trên hai tay và đầu gối, cọ rửa phòng tắm, bồn tắm, cường độ nhẹ","Scrubbing floors, on hands and knees, scrubbing bathroom, bathtub, light effort",2.0,MET,3.5,ml/kg/min,light,True,False,False,https://pacompendium.com/home-activities
adult_05132,adult,Hoạt động tại nhà,Home Activities,"Chà sàn, trên hai tay và đầu gối, cọ rửa phòng tắm, bồn tắm, cường độ cao","Scrubbing floors, on hands and knees, scrubbing bathroom, bathtub, vigorous effort",6.5,MET,3.5,ml/kg/min,vigorous,False,False,False,https://pacompendium.com/home-activities
adult_05140,adult,Hoạt động tại nhà,Home Activities,"Quét dọn gara, vỉa hè, hoặc bên ngoài nhà","Sweeping garage, sidewalk, or outside house",3.0,MET,3.5,ml/kg/min,moderate,True,False,False,https://pacompendium.com/home-activities
adult_05146,adult,Hoạt động tại nhà,Home Activities,"Đứng, đóng gói/unpacking thùng / hộp, thỉnh thoảng nâng nhẹ đồ dùng trong nhà, xếp hoặc dỡ đồ khỏi ô tô, cường độ vừa","Standing, packing/unpacking boxes, occasional lifting lightweight household items, loading or unloading items into a car, moderate effort",3.8,MET,3.5,ml/kg/min,moderate,True,False,False,https://pacompendium.com/home-activities
adult_05147,adult,Hoạt động tại nhà,Home Activities,"Ước tính đi bộ, cất đồ dùng trong nhà, cường độ vừa","Implied walking, putting away household items, moderate effort",3.0,MET,3.5,ml/kg/min,moderate,True,False,False,https://pacompendium.com/home-activities
adult_05148,adult,Hoạt động tại nhà,Home Activities,Tưới nước cây,Watering plants,2.0,MET,3.5,ml/kg/min,light,True,False,False,https://pacompendium.com/home-activities
adult_05149,adult,Hoạt động tại nhà,Home Activities,Xây dựng một cháy bên trong,Building a fire inside,2.5,MET,3.5,ml/kg/min,light,True,False,False,https://pacompendium.com/home-activities
adult_05150,adult,Hoạt động tại nhà,Home Activities,"Di chuyển đồ dùng trong nhà lên cầu thang, mang vác thùng / hộp hoặc đồ nội thất","Moving household items upstairs, carrying boxes or furniture",9.0,MET,3.5,ml/kg/min,vigorous,False,False,False,https://pacompendium.com/home-activities
adult_05160,adult,Hoạt động tại nhà,Home Activities,"Đứng, cường độ nhẹ công việc (pump gas, change nhẹ bulb, v.v.)","Standing, light effort tasks (pump gas, change light bulb, etc.)",2.0,MET,3.5,ml/kg/min,light,True,False,False,https://pacompendium.com/home-activities
adult_05165,adult,Hoạt động tại nhà,Home Activities,"Đi bộ, thực hiện công việc cường độ vừa, không phải dọn dẹp (chuẩn bị rời nhà, đóng/khóa cửa, đóng cửa sổ, v.v.)","Walking, moderate effort tasks, non-cleaning (readying to leave, shut/lock doors, close windows, etc.",3.5,MET,3.5,ml/kg/min,moderate,True,False,False,https://pacompendium.com/home-activities
adult_05170,adult,Hoạt động tại nhà,Home Activities,"Ngồi, chơi với trẻ em(ren), cường độ nhẹ, chỉ tính thời gian thực sự vận động","Sitting, playing with child(ren), light effort, only active periods",2.3,MET,3.5,ml/kg/min,light,True,False,False,https://pacompendium.com/home-activities
adult_05171,adult,Hoạt động tại nhà,Home Activities,"Đứng, chơi với trẻ em(ren), cường độ nhẹ, chỉ tính thời gian thực sự vận động","Standing, playing with child(ren), light effort, only active periods",2.8,MET,3.5,ml/kg/min,light,True,False,False,https://pacompendium.com/home-activities
adult_05175,adult,Hoạt động tại nhà,Home Activities,"Đi bộ/chạy bộ, chơi với trẻ em(ren), cường độ vừa, chỉ tính thời gian thực sự vận động","Walking/running, playing with child(ren), moderate effort, only active periods",3.5,MET,3.5,ml/kg/min,moderate,True,False,False,https://pacompendium.com/home-activities
adult_05180,adult,Hoạt động tại nhà,Home Activities,"Đi bộ/chạy bộ, chơi với trẻ em(ren), cường độ cao, chỉ tính thời gian thực sự vận động","Walking/running, playing with child(ren), vigorous effort, only active periods",5.8,MET,3.5,ml/kg/min,moderate,True,False,False,https://pacompendium.com/home-activities
adult_05181,adult,Hoạt động tại nhà,Home Activities,"Đi bộ và mang nhỏ trẻ em, trẻ em nặng 15 lbs hoặc hơn","Walking and carrying small child, child weighing 15 lbs or more",3.0,MET,3.5,ml/kg/min,moderate,True,False,False,https://pacompendium.com/home-activities
adult_05182,adult,Hoạt động tại nhà,Home Activities,"Đi bộ và mang nhỏ trẻ em, trẻ em nặng dưới 15 lbs","Walking and carrying small child, child weighing less than 15 lbs",2.5,MET,3.5,ml/kg/min,light,True,False,False,https://pacompendium.com/home-activities
adult_05183,adult,Hoạt động tại nhà,Home Activities,"Đứng, holding trẻ em","Standing, holding child",2.0,MET,3.5,ml/kg/min,light,True,False,False,https://pacompendium.com/home-activities
adult_05184,adult,Hoạt động tại nhà,Home Activities,"Chăm sóc trẻ em, infant, thông thường","Child care, infant, general",2.5,MET,3.5,ml/kg/min,light,True,False,False,https://pacompendium.com/home-activities
adult_05185,adult,Hoạt động tại nhà,Home Activities,"Chăm sóc trẻ em: ngồi hoặc quỳ, mặc quần áo, tắm, vệ sinh cá nhân, cho ăn, thỉnh thoảng nâng của trẻ em-nhẹ nỗ lực, thông thường","Child care: sitting or kneeling, dressing, bathing, grooming, feeding, occasional lifting of child-light effort, general",2.0,MET,3.5,ml/kg/min,light,True,False,False,https://pacompendium.com/home-activities
adult_05186,adult,Hoạt động tại nhà,Home Activities,"Chăm sóc trẻ em: đứng, mặc quần áo, tắm, vệ sinh cá nhân, cho ăn, thỉnh thoảng nâng của trẻ em- cường độ nhẹ","Child care: standing, dressing, bathing, grooming, feeding, occasional lifting of child- light effort",3.5,MET,3.5,ml/kg/min,moderate,True,False,False,https://pacompendium.com/home-activities
adult_05188,adult,Hoạt động tại nhà,Home Activities,Nằm/ngả lưng cùng em bé,Reclining with baby,1.5,MET,3.5,ml/kg/min,sedentary,True,False,False,https://pacompendium.com/home-activities
adult_05189,adult,Hoạt động tại nhà,Home Activities,"Breastfeeding, ngồi hoặc ngả lưng","Breastfeeding, sitting or reclining",2.0,MET,3.5,ml/kg/min,light,True,False,False,https://pacompendium.com/home-activities
adult_05190,adult,Hoạt động tại nhà,Home Activities,"Sit, chơi với động vật, nhẹ, chỉ vận động period","Sit, playing with animals, light, only active period",2.5,MET,3.5,ml/kg/min,light,True,False,False,https://pacompendium.com/home-activities
adult_05191,adult,Hoạt động tại nhà,Home Activities,"Đứng, chơi với động vật, cường độ nhẹ, chỉ tính thời gian thực sự vận động","Stand, playing with animals, light effort, only active periods",2.8,MET,3.5,ml/kg/min,light,True,False,False,https://pacompendium.com/home-activities
adult_05192,adult,Hoạt động tại nhà,Home Activities,"Đi bộ hoặc chạy, chơi với động vật, thông thường, cường độ nhẹ, chỉ tính thời gian thực sự vận động","Walk or run, playing with animals, general, light effort, only active periods",2.8,MET,3.5,ml/kg/min,light,True,False,False,https://pacompendium.com/home-activities
adult_05193,adult,Hoạt động tại nhà,Home Activities,"Đi bộ/chạy, chơi với động vật, cường độ vừa, chỉ tính thời gian thực sự vận động","Walk/run, playing with animals, moderate effort, only active periods",4.0,MET,3.5,ml/kg/min,moderate,True,False,False,https://pacompendium.com/home-activities
adult_05194,adult,Hoạt động tại nhà,Home Activities,"Đi bộ/chạy, chơi với động vật, cường độ cao, chỉ tính thời gian thực sự vận động","Walk/run, playing with animals, vigorous effort, only active periods",5.0,MET,3.5,ml/kg/min,moderate,True,False,False,https://pacompendium.com/home-activities
adult_05195,adult,Hoạt động tại nhà,Home Activities,"Đứng, tắm dog","Standing, bathing dog",3.5,MET,3.5,ml/kg/min,moderate,True,False,False,https://pacompendium.com/home-activities
adult_05197,adult,Hoạt động tại nhà,Home Activities,"Chăm sóc động vật, việc nhà động vật, thông thường","Animal care, household animals, general",2.3,MET,3.5,ml/kg/min,light,True,False,False,https://pacompendium.com/home-activities
adult_05200,adult,Hoạt động tại nhà,Home Activities,"Chăm sóc người cao tuổi/người lớn khuyết tật: tắm, mặc quần áo, hỗ trợ lên/xuống giường; chỉ tính thời gian thực sự vận động","Elder care, disabled adult, bathing, dressing, moving into and out of bed, only active periods",3.0,MET,3.5,ml/kg/min,moderate,True,False,False,https://pacompendium.com/home-activities
adult_05205,adult,Hoạt động tại nhà,Home Activities,"Chăm sóc người cao tuổi, người lớn khuyết tật, cho ăn, chải tóc, cường độ nhẹ, chỉ tính thời gian thực sự vận động","Elder care, disabled adult, feeding, combing hair, light effort, only active periods",1.8,MET,3.5,ml/kg/min,light,True,False,False,https://pacompendium.com/home-activities
adult_05300,adult,Hoạt động tại nhà,Home Activities,Rửa tay,Handwashing,1.3,MET,3.5,ml/kg/min,sedentary,True,False,False,https://pacompendium.com/home-activities
adult_06010,adult,Sửa chữa nhà cửa,Home Repair,Sửa chữa máy bay,Airplane repair,3.0,MET,3.5,ml/kg/min,moderate,True,False,False,https://pacompendium.com/home-repair
adult_06020,adult,Sửa chữa nhà cửa,Home Repair,Làm thân vỏ ô tô,Automobile body work,4.0,MET,3.5,ml/kg/min,moderate,True,False,False,https://pacompendium.com/home-repair
adult_06030,adult,Sửa chữa nhà cửa,Home Repair,"Sửa chữa ô tô, nhẹ hoặc cường độ vừa","Automobile repair, light or moderate effort",3.3,MET,3.5,ml/kg/min,moderate,True,False,False,https://pacompendium.com/home-repair
adult_06040,adult,Sửa chữa nhà cửa,Home Repair,"Làm mộc, thông thường, workshop (Taylor Code 620)","Carpentry, general, workshop (Taylor Code 620)",3.0,MET,3.5,ml/kg/min,moderate,True,False,False,https://pacompendium.com/home-repair
adult_06050,adult,Sửa chữa nhà cửa,Home Repair,"Làm mộc, bên ngoài nhà, (Taylor Code 640)","Carpentry, outside house, (Taylor Code 640)",6.0,MET,3.5,ml/kg/min,vigorous,False,False,False,https://pacompendium.com/home-repair
adult_06052,adult,Sửa chữa nhà cửa,Home Repair,"Làm mộc, bên ngoài nhà, xây dựng một hàng rào","Carpentry, outside house, building a fence",3.8,MET,3.5,ml/kg/min,moderate,True,False,False,https://pacompendium.com/home-repair
adult_06060,adult,Sửa chữa nhà cửa,Home Repair,"Làm mộc, hoàn thiện, đánh vecni hoặc làm mới tủ/đồ nội thất","Carpentry, finishing, varnishing, or refinishing cabinets or furniture",3.3,MET,3.5,ml/kg/min,moderate,True,False,False,https://pacompendium.com/home-repair
adult_06070,adult,Sửa chữa nhà cửa,Home Repair,"Làm mộc, cưa hardwood, bào và khoan gỗ, cường độ vừa đến cao","Carpentry, sawing hardwood, planing and drilling wood, moderate-to-vigorous effort",6.0,MET,3.5,ml/kg/min,vigorous,False,False,False,https://pacompendium.com/home-repair
adult_06072,adult,Sửa chữa nhà cửa,Home Repair,"Làm mộc, công việc cải tạo nhà, cường độ vừa","Carpentry, home remodeling tasks, moderate effort",4.0,MET,3.5,ml/kg/min,moderate,True,False,False,https://pacompendium.com/home-repair
adult_06074,adult,Sửa chữa nhà cửa,Home Repair,"Làm mộc, công việc cải tạo nhà, cường độ nhẹ","Carpentry, home remodeling tasks, light effort",2.3,MET,3.5,ml/kg/min,light,True,False,False,https://pacompendium.com/home-repair
adult_06080,adult,Sửa chữa nhà cửa,Home Repair,"Trám khe, chèn/trám khe nhà gỗ","Caulking, chinking log cabin",5.0,MET,3.5,ml/kg/min,moderate,True,False,False,https://pacompendium.com/home-repair
adult_06090,adult,Sửa chữa nhà cửa,Home Repair,"Trám khe, except log cabin","Caulking, except log cabin",4.5,MET,3.5,ml/kg/min,moderate,True,False,False,https://pacompendium.com/home-repair
adult_06100,adult,Sửa chữa nhà cửa,Home Repair,Dọn dẹp gutters,Cleaning gutters,5.0,MET,3.5,ml/kg/min,moderate,True,False,False,https://pacompendium.com/home-repair
adult_06110,adult,Sửa chữa nhà cửa,Home Repair,Excavating gara,Excavating garage,5.0,MET,3.5,ml/kg/min,moderate,True,False,False,https://pacompendium.com/home-repair
adult_06120,adult,Sửa chữa nhà cửa,Home Repair,Treo storm windows,Hanging storm windows,5.0,MET,3.5,ml/kg/min,moderate,True,False,False,https://pacompendium.com/home-repair
adult_06122,adult,Sửa chữa nhà cửa,Home Repair,Lắp tấm thạch cao trong nhà,Hanging sheet rock inside house,5.0,MET,3.5,ml/kg/min,moderate,True,False,False,https://pacompendium.com/home-repair
adult_06124,adult,Sửa chữa nhà cửa,Home Repair,Đóng đinh,Hammering nails,3.0,MET,3.5,ml/kg/min,moderate,True,False,False,https://pacompendium.com/home-repair
adult_06126,adult,Sửa chữa nhà cửa,Home Repair,"Sửa chữa nhà cửa, thông thường, cường độ nhẹ","Home repair, general, light effort",2.5,MET,3.5,ml/kg/min,light,True,False,False,https://pacompendium.com/home-repair
adult_06127,adult,Sửa chữa nhà cửa,Home Repair,"Sửa chữa nhà cửa, thông thường, cường độ vừa","Home repair, general, moderate effort",4.5,MET,3.5,ml/kg/min,moderate,True,False,False,https://pacompendium.com/home-repair
adult_06128,adult,Sửa chữa nhà cửa,Home Repair,"Sửa chữa nhà cửa, thông thường, cường độ cao","Home repair, general, vigorous effort",6.0,MET,3.5,ml/kg/min,vigorous,False,False,False,https://pacompendium.com/home-repair
adult_06130,adult,Sửa chữa nhà cửa,Home Repair,Trải hoặc tháo thảm,Laying or removing carpet,4.5,MET,3.5,ml/kg/min,moderate,True,False,False,https://pacompendium.com/home-repair
adult_06140,adult,Sửa chữa nhà cửa,Home Repair,Lát gạch hoặc sàn linoleum,Laying tile or linoleum,3.8,MET,3.5,ml/kg/min,moderate,True,False,False,https://pacompendium.com/home-repair
adult_06144,adult,Sửa chữa nhà cửa,Home Repair,Repairing appliances,Repairing appliances,3.0,MET,3.5,ml/kg/min,moderate,True,False,False,https://pacompendium.com/home-repair
adult_06150,adult,Sửa chữa nhà cửa,Home Repair,"Sơn / vẽ, bên ngoài nhà (Taylor Code 650)","Painting, outside home (Taylor Code 650)",5.0,MET,3.5,ml/kg/min,moderate,True,False,False,https://pacompendium.com/home-repair
adult_06160,adult,Sửa chữa nhà cửa,Home Repair,"Sơn trong nhà, dán giấy tường, cạo sơn","Painting inside house, wallpapering, scraping paint",3.3,MET,3.5,ml/kg/min,moderate,True,False,False,https://pacompendium.com/home-repair
adult_06165,adult,Sửa chữa nhà cửa,Home Repair,Sơn / vẽ (Taylor Code 630),Painting (Taylor Code 630),4.5,MET,3.5,ml/kg/min,moderate,True,False,False,https://pacompendium.com/home-repair
adult_06167,adult,Sửa chữa nhà cửa,Home Repair,"Hệ thống ống nước, thông thường","Plumbing, general",3.0,MET,3.5,ml/kg/min,moderate,True,False,False,https://pacompendium.com/home-repair
adult_06170,adult,Sửa chữa nhà cửa,Home Repair,Lắp và tháo bạt che – thuyền buồm,Put on and removal of tarp – sailboat,3.0,MET,3.5,ml/kg/min,moderate,True,False,False,https://pacompendium.com/home-repair
adult_06180,adult,Sửa chữa nhà cửa,Home Repair,Roofing,Roofing,6.0,MET,3.5,ml/kg/min,vigorous,False,False,False,https://pacompendium.com/home-repair
adult_06190,adult,Sửa chữa nhà cửa,Home Repair,Chà nhám sàn bằng máy chà nhám điện,Sanding floors with a power sander,4.5,MET,3.5,ml/kg/min,moderate,True,False,False,https://pacompendium.com/home-repair
adult_06200,adult,Sửa chữa nhà cửa,Home Repair,Cạo bề mặt và sơn thuyền buồm hoặc thuyền máy,Scraping and painting sailboat or powerboat,4.5,MET,3.5,ml/kg/min,moderate,True,False,False,https://pacompendium.com/home-repair
adult_06205,adult,Sửa chữa nhà cửa,Home Repair,Sharpening dụng cụ,Sharpening tools,2.0,MET,3.5,ml/kg/min,light,True,False,False,https://pacompendium.com/home-repair
adult_06210,adult,Sửa chữa nhà cửa,Home Repair,Rải đất với một xẻng,Spreading dirt with a shovel,5.0,MET,3.5,ml/kg/min,moderate,True,False,False,https://pacompendium.com/home-repair
adult_06220,adult,Sửa chữa nhà cửa,Home Repair,Rửa và đánh sáp thân thuyền buồm hoặc máy bay,Washing and waxing hull of sailboat or airplane,4.5,MET,3.5,ml/kg/min,moderate,True,False,False,https://pacompendium.com/home-repair
adult_06225,adult,Sửa chữa nhà cửa,Home Repair,Rửa và đánh sáp ô tô,Washing and waxing car,2.0,MET,3.5,ml/kg/min,light,True,False,False,https://pacompendium.com/home-repair
adult_06230,adult,Sửa chữa nhà cửa,Home Repair,"Rửa hàng rào, sơn / vẽ hàng rào, cường độ vừa","Washing fence, painting fence, moderate effort",4.5,MET,3.5,ml/kg/min,moderate,True,False,False,https://pacompendium.com/home-repair
adult_06240,adult,Sửa chữa nhà cửa,Home Repair,"Đi dây điện, đấu nối/nối dây","Wiring, tapping-splicing",3.3,MET,3.5,ml/kg/min,moderate,True,False,False,https://pacompendium.com/home-repair
adult_07009,adult,Ít vận động / nghỉ ngơi,Inactivity,Nằm yên tĩnh và xem tivi,Lying quietly and watching television,1.0,MET,3.5,ml/kg/min,sedentary,True,False,False,https://pacompendium.com/inactivity
adult_07011,adult,Ít vận động / nghỉ ngơi,Inactivity,"Nằm yên tĩnh, không làm gì, nằm trên giường khi còn thức, nghe nhạc (không nói chuyện hoặc đọc sách)","Lying quietly, doing nothing, lying in bed awake, listening to music (not talking or reading)",1.0,MET,3.5,ml/kg/min,sedentary,True,False,False,https://pacompendium.com/inactivity
adult_07020,adult,Ít vận động / nghỉ ngơi,Inactivity,Ngồi xem tivi,"Sit, watch television",1.0,MET,3.5,ml/kg/min,sedentary,True,False,False,https://pacompendium.com/inactivity
adult_07021,adult,Ít vận động / nghỉ ngơi,Inactivity,"Ngồi yên, thông thường","Sitting quietly, general",1.0,MET,3.5,ml/kg/min,sedentary,True,False,False,https://pacompendium.com/inactivity
adult_07022,adult,Ít vận động / nghỉ ngơi,Inactivity,"Ngồi yên, cử động bồn chồn, thông thường, cử động bồn chồn hai tay","Sitting quietly, fidgeting, general, fidgeting hands",1.5,MET,3.5,ml/kg/min,sedentary,True,False,False,https://pacompendium.com/inactivity
adult_07023,adult,Ít vận động / nghỉ ngơi,Inactivity,"Ngồi, fidget feet","Sitting, fidget feet",1.8,MET,3.5,ml/kg/min,light,True,False,False,https://pacompendium.com/inactivity
adult_07024,adult,Ít vận động / nghỉ ngơi,Inactivity,Ngồi hun khói,Sitting smoking,1.3,MET,3.5,ml/kg/min,sedentary,True,False,False,https://pacompendium.com/inactivity
adult_07025,adult,Ít vận động / nghỉ ngơi,Inactivity,"Ngồi, nghe nhạc (không nói chuyện hoặc đọc sách) hoặc quan sát một movie trong một nhà hát","Sitting, listening to music (not talking or reading) or watching a movie in a theater",1.5,MET,3.5,ml/kg/min,sedentary,True,False,False,https://pacompendium.com/inactivity
adult_07026,adult,Ít vận động / nghỉ ngơi,Inactivity,"Ngồi ở một bàn làm việc, tựa đầu vào hai tay","Sitting at a desk, resting head in hands",1.3,MET,3.5,ml/kg/min,sedentary,True,False,False,https://pacompendium.com/inactivity
adult_07030,adult,Ít vận động / nghỉ ngơi,Inactivity,Sleeping,Sleeping,1.0,MET,3.5,ml/kg/min,sedentary,True,False,False,https://pacompendium.com/inactivity
adult_07040,adult,Ít vận động / nghỉ ngơi,Inactivity,Đứng yên trong hàng,Standing quietly (standing in a line),1.3,MET,3.5,ml/kg/min,sedentary,True,False,False,https://pacompendium.com/inactivity
adult_07041,adult,Ít vận động / nghỉ ngơi,Inactivity,Đứng (cử động bồn chồn),Standing (fidgeting),1.5,MET,3.5,ml/kg/min,sedentary,True,False,False,https://pacompendium.com/inactivity
adult_07045,adult,Ít vận động / nghỉ ngơi,Inactivity,Đứng xem tivi,Standing watching television,1.3,MET,3.5,ml/kg/min,sedentary,True,False,False,https://pacompendium.com/inactivity
adult_07050,adult,Ít vận động / nghỉ ngơi,Inactivity,"Nằm/ngả lưng, viết","Reclining, writing",1.5,MET,3.5,ml/kg/min,sedentary,True,False,False,https://pacompendium.com/inactivity
adult_07060,adult,Ít vận động / nghỉ ngơi,Inactivity,"Nằm/ngả lưng, nói chuyện trực tiếp hoặc qua điện thoại","Reclining, talking or talking on phone",1.3,MET,3.5,ml/kg/min,sedentary,True,False,False,https://pacompendium.com/inactivity
adult_07070,adult,Ít vận động / nghỉ ngơi,Inactivity,"Nằm/ngả lưng, đọc sách","Reclining, reading",1.3,MET,3.5,ml/kg/min,sedentary,True,False,False,https://pacompendium.com/inactivity
adult_07075,adult,Ít vận động / nghỉ ngơi,Inactivity,Thiền,Meditating,1.0,MET,3.5,ml/kg/min,sedentary,True,False,False,https://pacompendium.com/inactivity
adult_08009,adult,Làm vườn / chăm sóc sân vườn,Lawn Garden,"Mang vác, xếp hoặc chất gỗ/củi, xếp/dỡ hoặc mang gỗ, cường độ nhẹ đến vừa","Carrying, loading or stacking wood, loading/unloading or carrying lumber, light-to- moderate effort",4.1,MET,3.5,ml/kg/min,moderate,True,False,False,https://pacompendium.com/lawn-garden
adult_08010,adult,Làm vườn / chăm sóc sân vườn,Lawn Garden,"Mang vác, xếp hoặc chất gỗ/củi, xếp/dỡ hoặc mang gỗ, cường độ vừa","Carrying, loading or stacking wood, loading/unloading or carrying lumber, moderate effort",5.5,MET,3.5,ml/kg/min,moderate,True,False,False,https://pacompendium.com/lawn-garden
adult_08019,adult,Làm vườn / chăm sóc sân vườn,Lawn Garden,"Bổ củi, chẻ khúc gỗ, cường độ vừa","Chopping wood, splitting logs, moderate effort",4.5,MET,3.5,ml/kg/min,moderate,True,False,False,https://pacompendium.com/lawn-garden
adult_08020,adult,Làm vườn / chăm sóc sân vườn,Lawn Garden,"Bổ củi, chẻ khúc gỗ, cường độ cao","Chopping wood, splitting logs, vigorous effort",6.5,MET,3.5,ml/kg/min,vigorous,False,False,False,https://pacompendium.com/lawn-garden
adult_08025,adult,Làm vườn / chăm sóc sân vườn,Lawn Garden,"Dọn bụi cây nhẹ, tỉa thưa vườn, cường độ vừa","Clearing light brush, thinning garden, moderate effort",3.5,MET,3.5,ml/kg/min,moderate,True,False,False,https://pacompendium.com/lawn-garden
adult_08030,adult,Làm vườn / chăm sóc sân vườn,Lawn Garden,"Dọn đất, vận chuyển bụi/cành cây và thực bì, cường độ cao","Clearing land, haul brush, undergrowth, or ground, vigorous effort",6.3,MET,3.5,ml/kg/min,vigorous,False,False,False,https://pacompendium.com/lawn-garden
adult_08040,adult,Làm vườn / chăm sóc sân vườn,Lawn Garden,"Đào đất sandbox, xúc cát bằng xẻng","Digging sandbox, shoveling sand",5.0,MET,3.5,ml/kg/min,moderate,True,False,False,https://pacompendium.com/lawn-garden
adult_08045,adult,Làm vườn / chăm sóc sân vườn,Lawn Garden,"Đào đất, xới đất, lấp/đổ đất trong vườn, ủ phân hữu cơ, cường độ nhẹ đến vừa","Digging, spading, filling garden, composting, light-to-moderate effort",3.5,MET,3.5,ml/kg/min,moderate,True,False,False,https://pacompendium.com/lawn-garden
adult_08050,adult,Làm vườn / chăm sóc sân vườn,Lawn Garden,"Đào đất, xới đất, lấp/đổ đất trong vườn, ủ phân hữu cơ (Taylor Code 590)","Digging, spading, filling garden, composting (Taylor Code 590)",5.0,MET,3.5,ml/kg/min,moderate,True,False,False,https://pacompendium.com/lawn-garden
adult_08052,adult,Làm vườn / chăm sóc sân vườn,Lawn Garden,"Đào đất, xới đất, lấp/đổ đất trong vườn, ủ phân hữu cơ, cường độ cao","Digging, spading, filling garden, composting, vigorous effort",7.3,MET,3.5,ml/kg/min,vigorous,False,False,False,https://pacompendium.com/lawn-garden
adult_08055,adult,Làm vườn / chăm sóc sân vườn,Lawn Garden,Lái xe máy kéo,Driving tractor,2.8,MET,3.5,ml/kg/min,light,True,False,False,https://pacompendium.com/lawn-garden
adult_08057,adult,Làm vườn / chăm sóc sân vườn,Lawn Garden,"Đốn hạ cây, lớn cỡ","Felling trees, large size",8.3,MET,3.5,ml/kg/min,vigorous,False,False,False,https://pacompendium.com/lawn-garden
adult_08058,adult,Làm vườn / chăm sóc sân vườn,Lawn Garden,Đốn cây cỡ nhỏ đến trung bình,"Felling trees, small-medium size",5.3,MET,3.5,ml/kg/min,moderate,True,False,False,https://pacompendium.com/lawn-garden
adult_08060,adult,Làm vườn / chăm sóc sân vườn,Lawn Garden,"Làm vườn với nặng công suất dụng cụ, sử dụng chain saw, tilling một vườn","Gardening with heavy power tools, using chain saw, tilling a garden",5.8,MET,3.5,ml/kg/min,moderate,True,False,False,https://pacompendium.com/lawn-garden
adult_08066,adult,Làm vườn / chăm sóc sân vườn,Lawn Garden,"Làm vườn, thông thường","gardening, general",2.0,MET,3.5,ml/kg/min,light,True,False,False,https://pacompendium.com/lawn-garden
adult_08070,adult,Làm vườn / chăm sóc sân vườn,Lawn Garden,"Irrigation channels, opening và closing ports","Irrigation channels, opening and closing ports",4.0,MET,3.5,ml/kg/min,moderate,True,False,False,https://pacompendium.com/lawn-garden
adult_08080,adult,Làm vườn / chăm sóc sân vườn,Lawn Garden,Rải đá dăm hoặc sỏi,Laying crushed rock or gravel,6.3,MET,3.5,ml/kg/min,vigorous,False,False,False,https://pacompendium.com/lawn-garden
adult_08090,adult,Làm vườn / chăm sóc sân vườn,Lawn Garden,Trải cỏ,Laying sod,5.0,MET,3.5,ml/kg/min,moderate,True,False,False,https://pacompendium.com/lawn-garden
adult_08095,adult,Làm vườn / chăm sóc sân vườn,Lawn Garden,"Cắt cỏ vườn, thông thường, đi bộ, cường độ vừa","Mowing lawn, general, walking, moderate effort",5.5,MET,3.5,ml/kg/min,moderate,True,False,False,https://pacompendium.com/lawn-garden
adult_08100,adult,Làm vườn / chăm sóc sân vườn,Lawn Garden,"Cắt cỏ vườn, máy cắt cỏ có ghế lái (Taylor Code 550)","Mowing lawn, riding mower (Taylor Code 550)",2.5,MET,3.5,ml/kg/min,light,True,False,False,https://pacompendium.com/lawn-garden
adult_08110,adult,Làm vườn / chăm sóc sân vườn,Lawn Garden,"Cắt cỏ vườn, máy cắt cỏ đẩy tay, cường độ cao (Taylor Code 570)","Mowing lawn, hand mower, vigorous effort (Taylor Code 570)",6.0,MET,3.5,ml/kg/min,vigorous,False,False,False,https://pacompendium.com/lawn-garden
adult_08120,adult,Làm vườn / chăm sóc sân vườn,Lawn Garden,"Cắt cỏ vườn, đi bộ, máy cắt cỏ động cơ, vừa hoặc cường độ cao","Mowing lawn, walk, power mower, moderate or vigorous effort",5.0,MET,3.5,ml/kg/min,moderate,True,False,False,https://pacompendium.com/lawn-garden
adult_08125,adult,Làm vườn / chăm sóc sân vườn,Lawn Garden,"Cắt cỏ vườn, máy cắt cỏ động cơ, nhẹ hoặc cường độ vừa (Taylor Code 590)","Mowing lawn, power mower, light or moderate effort (Taylor Code 590)",4.5,MET,3.5,ml/kg/min,moderate,True,False,False,https://pacompendium.com/lawn-garden
adult_08130,adult,Làm vườn / chăm sóc sân vườn,Lawn Garden,"Vận hành máy thổi tuyết, đi bộ","Operating snow blower, walking",2.5,MET,3.5,ml/kg/min,light,True,False,False,https://pacompendium.com/lawn-garden
adult_08135,adult,Làm vườn / chăm sóc sân vườn,Lawn Garden,"Trồng cây, trồng cây vào chậu, cấy/chuyển cây con hoặc cây, cường độ nhẹ","Planting, potting, transplanting seedlings or plants, light effort",2.6,MET,3.5,ml/kg/min,light,True,False,False,https://pacompendium.com/lawn-garden
adult_08140,adult,Làm vườn / chăm sóc sân vườn,Lawn Garden,"Trồng cây cây con, bụi cây, cúi người, cường độ vừa","Planting seedlings, shrubs, stooping, moderate effort",4.3,MET,3.5,ml/kg/min,moderate,True,False,False,https://pacompendium.com/lawn-garden
adult_08145,adult,Làm vườn / chăm sóc sân vườn,Lawn Garden,"Trồng cây crops hoặc vườn, cúi người, cường độ vừa","Planting crops or garden, stooping, moderate effort",4.3,MET,3.5,ml/kg/min,moderate,True,False,False,https://pacompendium.com/lawn-garden
adult_08150,adult,Làm vườn / chăm sóc sân vườn,Lawn Garden,Trồng cây,Planting trees,4.5,MET,3.5,ml/kg/min,moderate,True,False,False,https://pacompendium.com/lawn-garden
adult_08160,adult,Làm vườn / chăm sóc sân vườn,Lawn Garden,"Cào vườn hoặc lá, cường độ vừa","Raking lawn or leaves, moderate effort",4.0,MET,3.5,ml/kg/min,moderate,True,False,False,https://pacompendium.com/lawn-garden
adult_08165,adult,Làm vườn / chăm sóc sân vườn,Lawn Garden,Cào vườn (Taylor Code 600),Raking lawn (Taylor Code 600),4.0,MET,3.5,ml/kg/min,moderate,True,False,False,https://pacompendium.com/lawn-garden
adult_08170,adult,Làm vườn / chăm sóc sân vườn,Lawn Garden,Cào mái nhà với tuyết rake,Raking roof with snow rake,4.0,MET,3.5,ml/kg/min,moderate,True,False,False,https://pacompendium.com/lawn-garden
adult_08180,adult,Làm vườn / chăm sóc sân vườn,Lawn Garden,Vận hành máy thổi tuyết có ghế lái,Riding snow blower,3.0,MET,3.5,ml/kg/min,moderate,True,False,False,https://pacompendium.com/lawn-garden
adult_08190,adult,Làm vườn / chăm sóc sân vườn,Lawn Garden,"Sacking cỏ, lá","Sacking grass, leaves",4.0,MET,3.5,ml/kg/min,moderate,True,False,False,https://pacompendium.com/lawn-garden
adult_08192,adult,Làm vườn / chăm sóc sân vườn,Lawn Garden,Xúc / đào bằng xẻng dirt hoặc mud,Shoveling dirt or mud,5.5,MET,3.5,ml/kg/min,moderate,True,False,False,https://pacompendium.com/lawn-garden
adult_08195,adult,Làm vườn / chăm sóc sân vườn,Lawn Garden,"Xúc / đào bằng xẻng tuyết, bằng tay, cường độ vừa","Shoveling snow, by hand, moderate effort",5.3,MET,3.5,ml/kg/min,moderate,True,False,False,https://pacompendium.com/lawn-garden
adult_08200,adult,Làm vườn / chăm sóc sân vườn,Lawn Garden,"Xúc / đào bằng xẻng tuyết, bằng tay (Taylor Code 610)","Shoveling snow, by hand (Taylor Code 610)",6.0,MET,3.5,ml/kg/min,vigorous,False,False,False,https://pacompendium.com/lawn-garden
adult_08202,adult,Làm vườn / chăm sóc sân vườn,Lawn Garden,"Xúc / đào bằng xẻng tuyết, bằng tay, cường độ cao","Shoveling snow, by hand, vigorous effort",7.5,MET,3.5,ml/kg/min,vigorous,False,False,False,https://pacompendium.com/lawn-garden
adult_08210,adult,Làm vườn / chăm sóc sân vườn,Lawn Garden,"Cắt tỉa bụi cây hoặc cây, dụng cụ cắt thủ công","Trimming shrubs or trees, manual cutter",3.8,MET,3.5,ml/kg/min,moderate,True,False,False,https://pacompendium.com/lawn-garden
adult_08215,adult,Làm vườn / chăm sóc sân vườn,Lawn Garden,"Cắt tỉa bụi cây hoặc cây, công suất máy cắt, sử dụng lá máy thổi, máy tỉa mép, cường độ vừa","Trimming shrubs or trees, power cutter, using leaf blower, edger, moderate effort",3.3,MET,3.5,ml/kg/min,moderate,True,False,False,https://pacompendium.com/lawn-garden
adult_08220,adult,Làm vườn / chăm sóc sân vườn,Lawn Garden,"Đi bộ, bón phân hoặc gieo hạt cho vườn, đẩy dụng cụ rải","Walking, applying fertilizer or seeding a lawn, push applicator",3.0,MET,3.5,ml/kg/min,moderate,True,False,False,https://pacompendium.com/lawn-garden
adult_08230,adult,Làm vườn / chăm sóc sân vườn,Lawn Garden,"Tưới nước vườn hoặc vườn, đứng hoặc đi bộ","Watering lawn or garden, standing or walking",4.0,MET,3.5,ml/kg/min,moderate,True,False,False,https://pacompendium.com/lawn-garden
adult_08239,adult,Làm vườn / chăm sóc sân vườn,Lawn Garden,"Nhổ cỏ, chăm sóc đất/vườn vườn, cường độ nhẹ đến vừa","Weeding, cultivating garden, light-to-moderate effort",3.8,MET,3.5,ml/kg/min,moderate,True,False,False,https://pacompendium.com/lawn-garden
adult_08240,adult,Làm vườn / chăm sóc sân vườn,Lawn Garden,"Nhổ cỏ, chăm sóc đất/vườn vườn, cường độ vừa (Taylor Code 580)","Weeding, cultivating garden, moderate effort (Taylor Code 580)",4.5,MET,3.5,ml/kg/min,moderate,True,False,False,https://pacompendium.com/lawn-garden
adult_08241,adult,Làm vườn / chăm sóc sân vườn,Lawn Garden,"Nhổ cỏ, chăm sóc đất/vườn vườn, dùng cuốc, cường độ vừa đến cao","Weeding, cultivating garden, using hoe moderate-to-vigorous effort",5.0,MET,3.5,ml/kg/min,moderate,True,False,False,https://pacompendium.com/lawn-garden
adult_08245,adult,Làm vườn / chăm sóc sân vườn,Lawn Garden,"Làm vườn, thông thường, cường độ vừa","Gardening, general, moderate effort",3.8,MET,3.5,ml/kg/min,moderate,True,False,False,https://pacompendium.com/lawn-garden
adult_08246,adult,Làm vườn / chăm sóc sân vườn,Lawn Garden,"Hái trái cây hoặc cà phê trên cây, cường độ vừa","Picking fruit or coffee from trees, moderate effort",3.5,MET,3.5,ml/kg/min,moderate,True,False,False,https://pacompendium.com/lawn-garden
adult_08248,adult,Làm vườn / chăm sóc sân vườn,Lawn Garden,"Thu hoạch nông sản, hái trái cây trên cây, mót/hái trái cây, nhặt/hái fruits/rau, leo thang để hái trái cây, cường độ cao","Harvesting Produce, Picking fruit off trees, gleaning fruits, picking fruits/vegetables, climbing ladder to pick fruit, vigorous effort",4.5,MET,3.5,ml/kg/min,moderate,True,False,False,https://pacompendium.com/lawn-garden
adult_08250,adult,Làm vườn / chăm sóc sân vườn,Lawn Garden,"Ước tính đi bộ/đứng – nhặt/hái lên sân, nhẹ, nhặt/hái flowers hoặc rau","Implied walking/standing – picking up yard, light, picking flowers or vegetables",3.0,MET,3.5,ml/kg/min,moderate,True,False,False,https://pacompendium.com/lawn-garden
adult_08251,adult,Làm vườn / chăm sóc sân vườn,Lawn Garden,"Đi bộ, gathering làm vườn dụng cụ","Walking, gathering gardening tools",3.0,MET,3.5,ml/kg/min,moderate,True,False,False,https://pacompendium.com/lawn-garden
adult_08255,adult,Làm vườn / chăm sóc sân vườn,Lawn Garden,"Xe cút kít, đẩy vườn xe đẩy hoặc xe cút kít, thông thường","Wheel barrow, pushing garden cart or wheelbarrow, general",4.8,MET,3.5,ml/kg/min,moderate,True,False,False,https://pacompendium.com/lawn-garden
adult_08256,adult,Làm vườn / chăm sóc sân vườn,Lawn Garden,"Xe cút kít, đẩy xe làm vườn lớn hoặc xe cút kít nặng, tải đến 150 kg","Wheel barrow, pushing large garden cart or heavy wheelbarrow up to 150kg",6.0,MET,3.5,ml/kg/min,vigorous,False,False,False,https://pacompendium.com/lawn-garden
adult_08260,adult,Làm vườn / chăm sóc sân vườn,Lawn Garden,"Làm việc ngoài sân, thông thường, cường độ nhẹ","Yardwork, general, light effort",2.3,MET,3.5,ml/kg/min,light,True,False,False,https://pacompendium.com/lawn-garden
adult_08261,adult,Làm vườn / chăm sóc sân vườn,Lawn Garden,"Làm việc ngoài sân, thông thường, cường độ vừa","Yardwork, general, moderate effort",4.0,MET,3.5,ml/kg/min,moderate,True,False,False,https://pacompendium.com/lawn-garden
adult_08262,adult,Làm vườn / chăm sóc sân vườn,Lawn Garden,"Làm việc ngoài sân, thông thường, cường độ cao","Yardwork, general, vigorous effort",6.0,MET,3.5,ml/kg/min,vigorous,False,False,False,https://pacompendium.com/lawn-garden
adult_09005,adult,Hoạt động khác,Miscellaneous,"Chơi cờ bạc tại casino, đứng","Casino gambling, standing",2.5,MET,3.5,ml/kg/min,light,True,False,False,https://pacompendium.com/miscellaneous
adult_09010,adult,Hoạt động khác,Miscellaneous,"Chơi bài, ngồi","Card playing, sitting",1.5,MET,3.5,ml/kg/min,sedentary,True,False,False,https://pacompendium.com/miscellaneous
adult_09013,adult,Hoạt động khác,Miscellaneous,"Chơi cờ vua, ngồi","Chess game, sitting",1.5,MET,3.5,ml/kg/min,sedentary,True,False,False,https://pacompendium.com/miscellaneous
adult_09015,adult,Hoạt động khác,Miscellaneous,"Copying hoặc sắp xếp hồ sơ documents, đứng","Copying or filing documents, standing",1.5,MET,3.5,ml/kg/min,sedentary,True,False,False,https://pacompendium.com/miscellaneous
adult_09020,adult,Hoạt động khác,Miscellaneous,"Drawing, viết, sơn / vẽ, đứng","Drawing, writing, painting, standing",1.8,MET,3.5,ml/kg/min,light,True,False,False,https://pacompendium.com/miscellaneous
adult_09025,adult,Hoạt động khác,Miscellaneous,"Laughter, ngồi","Laughter, sitting",1.0,MET,3.5,ml/kg/min,sedentary,True,False,False,https://pacompendium.com/miscellaneous
adult_09030,adult,Hoạt động khác,Miscellaneous,"Ngồi: đọc sách, book, newspaper, magazine","Sitting: reading, book, newspaper, magazine",1.0,MET,3.5,ml/kg/min,sedentary,True,False,False,https://pacompendium.com/miscellaneous
adult_09034,adult,Hoạt động khác,Miscellaneous,"Ngồi, đánh máy hoặc đọc sách trên một thăng bằng ghế/stability bóng","sitting, typing or reading on a balance chair/stability ball",1.8,MET,3.5,ml/kg/min,light,True,False,False,https://pacompendium.com/miscellaneous
adult_09036,adult,Hoạt động khác,Miscellaneous,Xem tivi và bước tại chỗ trong thời gian quảng cáo,"watching tv, stepping during commercial breaks",2.0,MET,3.5,ml/kg/min,light,True,False,False,https://pacompendium.com/miscellaneous
adult_09040,adult,Hoạt động khác,Miscellaneous,"Ngồi viết, bàn làm việc công việc, đánh máy","Sitting: writing, desk work, typing",1.3,MET,3.5,ml/kg/min,sedentary,True,False,False,https://pacompendium.com/miscellaneous
adult_09050,adult,Hoạt động khác,Miscellaneous,"Đứng nói chuyện trực tiếp, trên điện thoại, máy tính, nhắn tin, viết","Standing: talking in person, on the phone, computer, text messaging, writing",1.3,MET,3.5,ml/kg/min,sedentary,True,False,False,https://pacompendium.com/miscellaneous
adult_09055,adult,Hoạt động khác,Miscellaneous,"Ngồi nói chuyện trực tiếp, trên điện thoại, máy tính, hoặc nhắn tin, cường độ nhẹ","Sitting: talking in person, on the phone, computer, or text messaging, light effort",1.3,MET,3.5,ml/kg/min,sedentary,True,False,False,https://pacompendium.com/miscellaneous
adult_09060,adult,Hoạt động khác,Miscellaneous,"Ngồi – studying, thông thường, bao gồm đọc sách và/hoặc viết, cường độ nhẹ","Sitting – studying, general, including reading and/or writing, light effort",1.5,MET,3.5,ml/kg/min,sedentary,True,False,False,https://pacompendium.com/miscellaneous
adult_09065,adult,Hoạt động khác,Miscellaneous,"Ngồi – trong lớp học, thông thường, bao gồm ghi chép hoặc thảo luận trong lớp","Sitting – in class, general, including note-taking or class discussion",1.8,MET,3.5,ml/kg/min,light,True,False,False,https://pacompendium.com/miscellaneous
adult_09070,adult,Hoạt động khác,Miscellaneous,Đứng – đọc sách,Standing – reading,1.0,MET,3.5,ml/kg/min,sedentary,True,False,False,https://pacompendium.com/miscellaneous
adult_09071,adult,Hoạt động khác,Miscellaneous,Đứng: hoạt động khác,Standing: miscellaneous,2.5,MET,3.5,ml/kg/min,light,True,False,False,https://pacompendium.com/miscellaneous
adult_09075,adult,Hoạt động khác,Miscellaneous,"Ngồi: làm mỹ thuật và thủ công, chạm khắc gỗ, dệt, quay/kéo sợi len, cường độ nhẹ","Sitting: arts and crafts, carving wood, weaving, spinning wool, light effort",1.8,MET,3.5,ml/kg/min,light,True,False,False,https://pacompendium.com/miscellaneous
adult_09080,adult,Hoạt động khác,Miscellaneous,"Ngồi: làm mỹ thuật và thủ công, chạm khắc gỗ, dệt, quay/kéo sợi len, cường độ vừa","Sitting: arts and crafts, carving wood, weaving, spinning wool, moderate effort",3.0,MET,3.5,ml/kg/min,moderate,True,False,False,https://pacompendium.com/miscellaneous
adult_09085,adult,Hoạt động khác,Miscellaneous,"Đứng: làm mỹ thuật và thủ công, vẽ tranh cát, chạm khắc, dệt, cường độ nhẹ","Standing: arts and crafts, sand painting, carving, weaving, light effort",2.5,MET,3.5,ml/kg/min,light,True,False,False,https://pacompendium.com/miscellaneous
adult_09090,adult,Hoạt động khác,Miscellaneous,"Đứng – mỹ thuật và thủ công, vẽ tranh cát, chạm khắc, dệt, cường độ vừa","Standing – arts and crafts, sand painting, carving, weaving, moderate effort",3.3,MET,3.5,ml/kg/min,moderate,True,False,False,https://pacompendium.com/miscellaneous
adult_09095,adult,Hoạt động khác,Miscellaneous,"Đứng – mỹ thuật và thủ công, vẽ tranh cát, chạm khắc, dệt, cường độ cao","Standing – arts and crafts, sand painting, carving, weaving, vigorous effort",3.5,MET,3.5,ml/kg/min,moderate,True,False,False,https://pacompendium.com/miscellaneous
adult_09100,adult,Hoạt động khác,Miscellaneous,"Hoạt động trong kỳ nghỉ/họp mặt gia đình có ngồi, relaxing, nói chuyện, ăn uống","Retreat/family reunion activities involving sitting, relaxing, talking, eating",1.5,MET,3.5,ml/kg/min,sedentary,True,False,False,https://pacompendium.com/miscellaneous
adult_09101,adult,Hoạt động khác,Miscellaneous,"Hoạt động trong kỳ nghỉ/họp mặt gia đình, chơi trò chơi với trẻ em",Retreat/family reunion activities involving playing games with children,2.5,MET,3.5,ml/kg/min,light,True,False,False,https://pacompendium.com/miscellaneous
adult_09105,adult,Hoạt động khác,Miscellaneous,Tham quan/du lịch/kỳ nghỉ có di chuyển bằng phương tiện,Touring/traveling/vacation involving riding in vehicle,2.0,MET,3.5,ml/kg/min,light,True,False,False,https://pacompendium.com/miscellaneous
adult_09106,adult,Hoạt động khác,Miscellaneous,Tham quan/du lịch/kỳ nghỉ có đi bộ,Touring/traveling/vacation involving walking,3.5,MET,3.5,ml/kg/min,moderate,True,False,False,https://pacompendium.com/miscellaneous
adult_09110,adult,Hoạt động khác,Miscellaneous,"Cắm trại có đứng, đi bộ, ngồi, cường độ nhẹ đến vừa","Camping involving standing, walking, sitting, light-to-moderate effort",2.5,MET,3.5,ml/kg/min,light,True,False,False,https://pacompendium.com/miscellaneous
adult_09115,adult,Hoạt động khác,Miscellaneous,"Ngồi ở một sự kiện thể thao, khán giả","Sitting at a sporting event, spectator",1.5,MET,3.5,ml/kg/min,sedentary,True,False,False,https://pacompendium.com/miscellaneous
adult_10010,adult,Chơi nhạc cụ,Music Playing,"Đàn accordion, ngồi","Accordion, sitting",1.8,MET,3.5,ml/kg/min,light,True,False,False,https://pacompendium.com/music-playing
adult_10020,adult,Chơi nhạc cụ,Music Playing,"Cello, ngồi","Cello, sitting",2.3,MET,3.5,ml/kg/min,light,True,False,False,https://pacompendium.com/music-playing
adult_10030,adult,Chơi nhạc cụ,Music Playing,"Conducting orchestra, đứng","Conducting orchestra, standing",2.3,MET,3.5,ml/kg/min,light,True,False,False,https://pacompendium.com/music-playing
adult_10035,adult,Chơi nhạc cụ,Music Playing,"Đôi bass, đứng","Double bass, standing",2.5,MET,3.5,ml/kg/min,light,True,False,False,https://pacompendium.com/music-playing
adult_10040,adult,Chơi nhạc cụ,Music Playing,"Drums, ngồi","Drums, sitting",3.8,MET,3.5,ml/kg/min,moderate,True,False,False,https://pacompendium.com/music-playing
adult_10045,adult,Chơi nhạc cụ,Music Playing,"Đánh trống (ví dụ: bongo, conga, benbe), vừa, ngồi","Drumming (e.g., bongo, conga, benbe), moderate, sitting",3.0,MET,3.5,ml/kg/min,moderate,True,False,False,https://pacompendium.com/music-playing
adult_10048,adult,Chơi nhạc cụ,Music Playing,"Đánh trống, buổi hòa nhạc/biểu diễn trực tiếp","Drumming, concert/live show",8.3,MET,3.5,ml/kg/min,vigorous,False,False,False,https://pacompendium.com/music-playing
adult_10050,adult,Chơi nhạc cụ,Music Playing,"Flute, ngồi","Flute, sitting",2.0,MET,3.5,ml/kg/min,light,True,False,False,https://pacompendium.com/music-playing
adult_10060,adult,Chơi nhạc cụ,Music Playing,"Horn, đứng","Horn, standing",1.8,MET,3.5,ml/kg/min,light,True,False,False,https://pacompendium.com/music-playing
adult_10070,adult,Chơi nhạc cụ,Music Playing,"Piano, ngồi","Piano, sitting",2.3,MET,3.5,ml/kg/min,light,True,False,False,https://pacompendium.com/music-playing
adult_10074,adult,Chơi nhạc cụ,Music Playing,"Chơi musical nhạc cụ, thông thường","Playing musical instruments, general",2.0,MET,3.5,ml/kg/min,light,True,False,False,https://pacompendium.com/music-playing
adult_10077,adult,Chơi nhạc cụ,Music Playing,"Đàn organ, ngồi","Organ, sitting",2.0,MET,3.5,ml/kg/min,light,True,False,False,https://pacompendium.com/music-playing
adult_10080,adult,Chơi nhạc cụ,Music Playing,"Trombone, đứng","Trombone, standing",3.5,MET,3.5,ml/kg/min,moderate,True,False,False,https://pacompendium.com/music-playing
adult_10090,adult,Chơi nhạc cụ,Music Playing,"Trumpet, đứng","Trumpet, standing",2.5,MET,3.5,ml/kg/min,light,True,False,False,https://pacompendium.com/music-playing
adult_10100,adult,Chơi nhạc cụ,Music Playing,"Violin, ngồi","Violin, sitting",2.5,MET,3.5,ml/kg/min,light,True,False,False,https://pacompendium.com/music-playing
adult_10110,adult,Chơi nhạc cụ,Music Playing,"Woodwind nhạc cụ, ngồi","Woodwind instruments, sitting",1.8,MET,3.5,ml/kg/min,light,True,False,False,https://pacompendium.com/music-playing
adult_10115,adult,Chơi nhạc cụ,Music Playing,"Brass nhạc cụ, ngồi","Brass instruments, sitting",1.8,MET,3.5,ml/kg/min,light,True,False,False,https://pacompendium.com/music-playing
adult_10120,adult,Chơi nhạc cụ,Music Playing,"Guitar cổ điển, dân gian, ngồi","Guitar, classical, folk, sitting",2.0,MET,3.5,ml/kg/min,light,True,False,False,https://pacompendium.com/music-playing
adult_10125,adult,Chơi nhạc cụ,Music Playing,"Chơi guitar trong ban nhạc rock and roll, đứng","Guitar, rock and roll band, standing",3.0,MET,3.5,ml/kg/min,moderate,True,False,False,https://pacompendium.com/music-playing
adult_10130,adult,Chơi nhạc cụ,Music Playing,"Ban nhạc diễu hành, xoay gậy chỉ huy, đi bộ, tốc độ vừa, thông thường","Marching band, baton twirling, walking, moderate pace, general",4.0,MET,3.5,ml/kg/min,moderate,True,False,False,https://pacompendium.com/music-playing
adult_10131,adult,Chơi nhạc cụ,Music Playing,"Ban nhạc diễu hành, chơi một nhạc cụ, đi bộ, tốc độ nhanh, thông thường","Marching band, playing an instrument, walking, brisk pace, general",5.5,MET,3.5,ml/kg/min,moderate,True,False,False,https://pacompendium.com/music-playing
adult_10135,adult,Chơi nhạc cụ,Music Playing,"Ban nhạc diễu hành, người chỉ huy đội trống/kèn, đi bộ","Marching band, drum major, walking",3.5,MET,3.5,ml/kg/min,moderate,True,False,False,https://pacompendium.com/music-playing
adult_11000,adult,Hoạt động nghề nghiệp,Occupation,"Bàn làm việc kết hợp vận động, bàn đạp dưới bàn làm việc, ghế/bóng thăng bằng, thông thường, cường độ nhẹ","Active workstation, Pedal desk, balance chair/ball, General, light effort",2.0,MET,3.5,ml/kg/min,light,True,False,False,https://pacompendium.com/occupation
adult_11001,adult,Hoạt động nghề nghiệp,Occupation,"Bàn làm việc kết hợp vận động, bàn đạp dưới bàn làm việc (40 W)","Active workstation, Pedal desk (40 watts)",3.5,MET,3.5,ml/kg/min,moderate,True,False,False,https://pacompendium.com/occupation
adult_11002,adult,Hoạt động nghề nghiệp,Occupation,"Bàn làm việc kết hợp vận động, bàn đạp dưới bàn làm việc (80 W)","Active workstation, Pedal desk (80 watts)",5.3,MET,3.5,ml/kg/min,moderate,True,False,False,https://pacompendium.com/occupation
adult_11003,adult,Hoạt động nghề nghiệp,Occupation,"Bàn làm việc kết hợp vận động, máy chạy bộ bàn làm việc, đi bộ chậm 1.0 mph hoặc ít hơn","Active workstation, treadmill desk, walking slowly 1.0 mph or less",2.0,MET,3.5,ml/kg/min,light,True,False,False,https://pacompendium.com/occupation
adult_11004,adult,Hoạt động nghề nghiệp,Occupation,"Bàn làm việc kết hợp vận động, máy chạy bộ bàn làm việc, đi bộ 1.0 – 2.0 mph","Active workstation, treadmill desk, walking 1.0 – 2.0 mph",2.8,MET,3.5,ml/kg/min,light,True,False,False,https://pacompendium.com/occupation
adult_11006,adult,Hoạt động nghề nghiệp,Occupation,Airline flight attendant,Airline flight attendant,3.0,MET,3.5,ml/kg/min,moderate,True,False,False,https://pacompendium.com/occupation
adult_11008,adult,Hoạt động nghề nghiệp,Occupation,Apple thu hoạch,Apple Harvesting,4.8,MET,3.5,ml/kg/min,moderate,True,False,False,https://pacompendium.com/occupation
adult_11010,adult,Hoạt động nghề nghiệp,Occupation,"Công việc tại tiệm bánh, thông thường, cường độ vừa","Bakery, general, moderate effort",4.0,MET,3.5,ml/kg/min,moderate,True,False,False,https://pacompendium.com/occupation
adult_11015,adult,Hoạt động nghề nghiệp,Occupation,"Công việc tại tiệm bánh, cường độ nhẹ","Bakery, light effort",2.0,MET,3.5,ml/kg/min,light,True,False,False,https://pacompendium.com/occupation
adult_11020,adult,Hoạt động nghề nghiệp,Occupation,Bookbinding,Bookbinding,2.3,MET,3.5,ml/kg/min,light,True,False,False,https://pacompendium.com/occupation
adult_11030,adult,Hoạt động nghề nghiệp,Occupation,"Làm đường, lái xe nặng machinery","Building road, driving heavy machinery",6.0,MET,3.5,ml/kg/min,vigorous,False,False,False,https://pacompendium.com/occupation
adult_11035,adult,Hoạt động nghề nghiệp,Occupation,"Làm đường, chỉ đạo traffic, đứng","Building road, directing traffic, standing",2.0,MET,3.5,ml/kg/min,light,True,False,False,https://pacompendium.com/occupation
adult_11038,adult,Hoạt động nghề nghiệp,Occupation,"Làm mộc, thông thường, cường độ nhẹ","Carpentry, general, light effort",2.5,MET,3.5,ml/kg/min,light,True,False,False,https://pacompendium.com/occupation
adult_11040,adult,Hoạt động nghề nghiệp,Occupation,"Làm mộc, thông thường, cường độ vừa","Carpentry, general, moderate effort",4.3,MET,3.5,ml/kg/min,moderate,True,False,False,https://pacompendium.com/occupation
adult_11042,adult,Hoạt động nghề nghiệp,Occupation,"Làm mộc, thông thường, nặng hoặc cường độ cao","Carpentry, general, heavy or vigorous effort",7.0,MET,3.5,ml/kg/min,vigorous,False,False,False,https://pacompendium.com/occupation
adult_11050,adult,Hoạt động nghề nghiệp,Occupation,"Mang vác tải nặng (ví dụ: bricks, dụng cụ)","Carrying heavy loads (e.g., bricks, tools)",8.0,MET,3.5,ml/kg/min,vigorous,False,False,False,https://pacompendium.com/occupation
adult_11060,adult,Hoạt động nghề nghiệp,Occupation,"Mang vác vừa tải lên cầu thang, di chuyển thùng / hộp, 25-49 lbs","Carrying moderate loads up stairs, moving boxes, 25-49 lbs",8.0,MET,3.5,ml/kg/min,vigorous,False,False,False,https://pacompendium.com/occupation
adult_11070,adult,Hoạt động nghề nghiệp,Occupation,"Nhân viên buồng phòng khách sạn, dọn giường, dọn dẹp phòng tắm, đẩy xe đẩy","Chambermaid, hotel housekeeper, making bed, cleaning bathroom, pushing cart",4.0,MET,3.5,ml/kg/min,moderate,True,False,False,https://pacompendium.com/occupation
adult_11072,adult,Hoạt động nghề nghiệp,Occupation,"Dọn dẹp, hút bụi một quảng cáo space","Cleaning, vacuuming a commercial space",4.3,MET,3.5,ml/kg/min,moderate,True,False,False,https://pacompendium.com/occupation
adult_11080,adult,Hoạt động nghề nghiệp,Occupation,"Khai thác than, khoan than/đá","Coal mining, drilling coal, rock",5.3,MET,3.5,ml/kg/min,moderate,True,False,False,https://pacompendium.com/occupation
adult_11090,adult,Hoạt động nghề nghiệp,Occupation,"Khai thác than, dựng hệ chống đỡ","Coal mining, erecting supports",5.0,MET,3.5,ml/kg/min,moderate,True,False,False,https://pacompendium.com/occupation
adult_11100,adult,Hoạt động nghề nghiệp,Occupation,"Khai thác than, thông thường","Coal mining, general",5.5,MET,3.5,ml/kg/min,moderate,True,False,False,https://pacompendium.com/occupation
adult_11110,adult,Hoạt động nghề nghiệp,Occupation,"Khai thác than, xúc / đào bằng xẻng coal, bằng tay","Coal mining, shoveling coal, by hand",6.3,MET,3.5,ml/kg/min,vigorous,False,False,False,https://pacompendium.com/occupation
adult_11115,adult,Hoạt động nghề nghiệp,Occupation,"Cook, chef","Cook, chef",2.5,MET,3.5,ml/kg/min,light,True,False,False,https://pacompendium.com/occupation
adult_11120,adult,Hoạt động nghề nghiệp,Occupation,"Xây dựng, ngoài trời, remodeling, new structures (ví dụ: roof sửa chữa, hoạt động khác)","Construction, outside, remodeling, new structures (e.g., roof repair, miscellaneous)",4.0,MET,3.5,ml/kg/min,moderate,True,False,False,https://pacompendium.com/occupation
adult_11124,adult,Hoạt động nghề nghiệp,Occupation,Xây dựng: uốn và lắp đặt cốt thép,"Construction, rebar, bar bending/fixing",2.3,MET,3.5,ml/kg/min,light,True,False,False,https://pacompendium.com/occupation
adult_11125,adult,Hoạt động nghề nghiệp,Occupation,"Công việc vệ sinh/bảo trì, cường độ nhẹ (ví dụ: dọn dẹp bồn rửa và bồn cầu, lau bụi, hút bụi, nhẹ dọn dẹp)","Custodial work, light effort (e.g., cleaning sink and toilet, dusting, vacuuming, light cleaning)",2.3,MET,3.5,ml/kg/min,light,True,False,False,https://pacompendium.com/occupation
adult_11126,adult,Hoạt động nghề nghiệp,Occupation,"Công việc vệ sinh/bảo trì, cường độ vừa (ví dụ: đánh bóng sàn với điện máy đánh bóng, quét nhẹ hoặc quét dọn arena sàn, lau sàn, đổ rác, hút bụi)","Custodial work, moderate effort (e.g., buffing floors with electric buffer, feathering or sweeping arena floors, mopping, taking out the trash, vacuuming)",3.8,MET,3.5,ml/kg/min,moderate,True,False,False,https://pacompendium.com/occupation
adult_11130,adult,Hoạt động nghề nghiệp,Occupation,"Công việc điện (ví dụ: móc/nối dây điện, đấu nối, nối dây); hệ thống ống nước moved đến 11516","Electrical work (e.g., hook up wire, tapping, splicing); plumbing moved to 11516",3.3,MET,3.5,ml/kg/min,moderate,True,False,False,https://pacompendium.com/occupation
adult_11135,adult,Hoạt động nghề nghiệp,Occupation,Engineer (ví dụ: cơ khí hoặc electrical),"Engineer (e.g., mechanical or electrical)",1.8,MET,3.5,ml/kg/min,light,True,False,False,https://pacompendium.com/occupation
adult_11145,adult,Hoạt động nghề nghiệp,Occupation,"Làm nông, cường độ cao (ví dụ: đóng kiện hay, dọn dẹp chuồng trại), bao gồm trước đây code 11200","Farming, vigorous effort (e.g., baling hay, cleaning barn), includes former code 11200",7.8,MET,3.5,ml/kg/min,vigorous,False,False,False,https://pacompendium.com/occupation
adult_11146,adult,Hoạt động nghề nghiệp,Occupation,"Làm nông, cường độ vừa (ví dụ: cho ăn động vật, đuổi/dẫn gia súc bằng đi bộ và/hoặc cưỡi ngựa, rải phân, thu hoạch mùa vụ)","Farming, moderate effort (e.g., feeding animals, chasing cattle by walking and/or horseback, spreading manure, harvesting crops)",4.8,MET,3.5,ml/kg/min,moderate,True,False,False,https://pacompendium.com/occupation
adult_11147,adult,Hoạt động nghề nghiệp,Occupation,"Làm nông, cường độ nhẹ, (ví dụ: dọn dẹp động vật chuồng, chuẩn bị động vật thức ăn)","Farming, light effort, (e.g., cleaning animal sheds, preparing animal feed)",2.0,MET,3.5,ml/kg/min,light,True,False,False,https://pacompendium.com/occupation
adult_11170,adult,Hoạt động nghề nghiệp,Occupation,"Làm nông, lái xe công việc (ví dụ: lái xe máy kéo hoặc harvester)","Farming, driving tasks (e.g., driving tractor or harvester)",2.8,MET,3.5,ml/kg/min,light,True,False,False,https://pacompendium.com/occupation
adult_11180,adult,Hoạt động nghề nghiệp,Occupation,"Làm nông, cho ăn nhỏ động vật","Farming, feeding small animals",3.5,MET,3.5,ml/kg/min,moderate,True,False,False,https://pacompendium.com/occupation
adult_11190,adult,Hoạt động nghề nghiệp,Occupation,"Làm nông, cho ăn gia súc, horses","Farming, feeding cattle, horses",4.3,MET,3.5,ml/kg/min,moderate,True,False,False,https://pacompendium.com/occupation
adult_11191,adult,Hoạt động nghề nghiệp,Occupation,"Làm nông, vận chuyển nước cho động vật, lấy nước từ một giếng hoặc suối","Farming, hauling water for animals, fetching water from a well or stream",4.3,MET,3.5,ml/kg/min,moderate,True,False,False,https://pacompendium.com/occupation
adult_11192,adult,Hoạt động nghề nghiệp,Occupation,"Làm nông, chăm sóc động vật (ví dụ: vệ sinh cá nhân, chải, xén lông cừu, hỗ trợ đỡ đẻ, chăm sóc y tế, đóng dấu gia súc), thông thường","Farming, taking care of animals (e.g., grooming, brushing, shearing sheep, assisting with birthing, medical care, branding), general",4.5,MET,3.5,ml/kg/min,moderate,True,False,False,https://pacompendium.com/occupation
adult_11195,adult,Hoạt động nghề nghiệp,Occupation,Làm nông: trồng lúa và xay xát ngũ cốc,"Farming, rice, planting, grain milling activities",3.8,MET,3.5,ml/kg/min,moderate,True,False,False,https://pacompendium.com/occupation
adult_11210,adult,Hoạt động nghề nghiệp,Occupation,"Làm nông, vắt sữa bằng tay, dọn dẹp pails, cường độ vừa","Farming, milking by hand, cleaning pails, moderate effort",3.5,MET,3.5,ml/kg/min,moderate,True,False,False,https://pacompendium.com/occupation
adult_11220,adult,Hoạt động nghề nghiệp,Occupation,"Làm nông, vắt sữa bằng máy, cường độ nhẹ","Farming, milking by machine, light effort",1.3,MET,3.5,ml/kg/min,sedentary,True,False,False,https://pacompendium.com/occupation
adult_11222,adult,Hoạt động nghề nghiệp,Occupation,"Làm nông, vắt sữa Cows, đầy đủ vắt sữa process, hiện đại vắt sữa parlor với vắt sữa machines","Farming, milking Cows, full milking process, modern milking parlor with milking machines",3.0,MET,3.5,ml/kg/min,moderate,True,False,False,https://pacompendium.com/occupation
adult_11240,adult,Hoạt động nghề nghiệp,Occupation,"Cháy fighter, thông thường","Fire fighter, general",8.0,MET,3.5,ml/kg/min,vigorous,False,False,False,https://pacompendium.com/occupation
adult_11244,adult,Hoạt động nghề nghiệp,Occupation,"Lính cứu hỏa, cứu nạn nhân, tai nạn ô tô, sử dụng sào cứu hỏa","Firefighter, rescue victim, automobile accident, using pike pole",6.8,MET,3.5,ml/kg/min,vigorous,False,False,False,https://pacompendium.com/occupation
adult_11245,adult,Hoạt động nghề nghiệp,Occupation,"Lính cứu hỏa, raising và leo núi thang với đầy đủ trang bị, mô phỏng dập cháy","Firefighter, raising and climbing ladder with full gear, simulated fire suppression",8.0,MET,3.5,ml/kg/min,vigorous,False,False,False,https://pacompendium.com/occupation
adult_11246,adult,Hoạt động nghề nghiệp,Occupation,"Lính cứu hỏa, kéo/vận chuyển vòi chữa cháy trên mặt đất, mang/nâng thiết bị, phá tường v.v., mặc đầy đủ trang bị","Firefighter, hauling hoses on ground, carrying/hoisting equipment, breaking down walls etc., wearing full gear",9.0,MET,3.5,ml/kg/min,vigorous,False,False,False,https://pacompendium.com/occupation
adult_11247,adult,Hoạt động nghề nghiệp,Occupation,"Câu cá, quảng cáo, cường độ nhẹ","Fishing, commercial, light effort",3.5,MET,3.5,ml/kg/min,moderate,True,False,False,https://pacompendium.com/occupation
adult_11248,adult,Hoạt động nghề nghiệp,Occupation,"Câu cá, quảng cáo, cường độ vừa","Fishing, commercial, moderate effort",5.0,MET,3.5,ml/kg/min,moderate,True,False,False,https://pacompendium.com/occupation
adult_11250,adult,Hoạt động nghề nghiệp,Occupation,"Lâm nghiệp, bổ củi bằng rìu, rất nhanh, 1.25 kg axe, 51 nhát/phút, cường độ cực cao","Forestry, ax chopping, very fast, 1.25 kg axe, 51 blows/min, extremely vigorous effort",17.5,MET,3.5,ml/kg/min,vigorous,False,False,False,https://pacompendium.com/occupation
adult_11260,adult,Hoạt động nghề nghiệp,Occupation,"Lâm nghiệp, bổ củi bằng rìu, chậm, 1.25 kg axe, 19 blows/phút, cường độ vừa","Forestry, ax chopping, slow, 1.25 kg axe, 19 blows/min, moderate effort",5.0,MET,3.5,ml/kg/min,moderate,True,False,False,https://pacompendium.com/occupation
adult_11262,adult,Hoạt động nghề nghiệp,Occupation,"Lâm nghiệp, bổ củi bằng rìu, nhanh, 1.25 kg axe, 35 blows/phút, cường độ cao","Forestry, ax chopping, fast, 1.25 kg axe, 35 blows/min, vigorous effort",8.0,MET,3.5,ml/kg/min,vigorous,False,False,False,https://pacompendium.com/occupation
adult_11264,adult,Hoạt động nghề nghiệp,Occupation,"Lâm nghiệp, cường độ vừa (ví dụ: cưa gỗ/củi với công suất saw, nhổ cỏ, hoeing)","Forestry, moderate effort (e.g., sawing wood with power saw, weeding, hoeing)",5.0,MET,3.5,ml/kg/min,moderate,True,False,False,https://pacompendium.com/occupation
adult_11266,adult,Hoạt động nghề nghiệp,Occupation,"Lâm nghiệp, cường độ cao (ví dụ: bóc vỏ cây, đốn hạ, hoặc cắt tỉa cây, mang vác hoặc xếp chồng khúc gỗ, gieo hạt, cưa gỗ bằng tay)","Forestry, vigorous effort (e.g., barking, felling, or trimming trees, carrying or stacking logs, planting seeds, sawing lumber by hand )",8.5,MET,3.5,ml/kg/min,vigorous,False,False,False,https://pacompendium.com/occupation
adult_11370,adult,Hoạt động nghề nghiệp,Occupation,Furriery,Furriery,4.8,MET,3.5,ml/kg/min,moderate,True,False,False,https://pacompendium.com/occupation
adult_11375,adult,Hoạt động nghề nghiệp,Occupation,"Garbage collector, đi bộ, dumping bins vào xe tải, street dọn dẹp","Garbage collector, walking, dumping bins into truck, street cleaning",3.8,MET,3.5,ml/kg/min,moderate,True,False,False,https://pacompendium.com/occupation
adult_11378,adult,Hoạt động nghề nghiệp,Occupation,"Thợ làm tóc (ví dụ: tết tóc, làm móng, chuyên viên trang điểm)","Hairstylist (e.g., plaiting hair, manicure, make-up artist)",1.8,MET,3.5,ml/kg/min,light,True,False,False,https://pacompendium.com/occupation
adult_11380,adult,Hoạt động nghề nghiệp,Occupation,"Chăm sóc/vệ sinh ngựa, bao gồm cho ăn, dọn dẹp stalls, tắm, chải, clipping, longeing và exercising horses.","Horse grooming, including feeding, cleaning stalls, bathing, brushing, clipping, longeing and exercising horses.",7.3,MET,3.5,ml/kg/min,vigorous,False,False,False,https://pacompendium.com/occupation
adult_11381,adult,Hoạt động nghề nghiệp,Occupation,"Ngựa, cho ăn, tưới nước, dọn dẹp stalls, ước tính đi bộ và nâng tải","Horse, feeding, watering, cleaning stalls, implied walking and lifting loads",4.3,MET,3.5,ml/kg/min,moderate,True,False,False,https://pacompendium.com/occupation
adult_11383,adult,Hoạt động nghề nghiệp,Occupation,"Cưỡi ngựa, làm việc, cắt cows","Horseback riding, working, cutting cows",4.5,MET,3.5,ml/kg/min,moderate,True,False,False,https://pacompendium.com/occupation
adult_11390,adult,Hoạt động nghề nghiệp,Occupation,"Đua ngựa, nài ngựa, canter","Horse racing, Jockey, canter",7.8,MET,3.5,ml/kg/min,vigorous,False,False,False,https://pacompendium.com/occupation
adult_11400,adult,Hoạt động nghề nghiệp,Occupation,"Đua ngựa, nài ngựa, trotting","Horse racing, Jockey, trotting",6.3,MET,3.5,ml/kg/min,vigorous,False,False,False,https://pacompendium.com/occupation
adult_11410,adult,Hoạt động nghề nghiệp,Occupation,"Đua ngựa, nài ngựa, đi bộ","Horse racing, Jockey, walking",2.3,MET,3.5,ml/kg/min,light,True,False,False,https://pacompendium.com/occupation
adult_11413,adult,Hoạt động nghề nghiệp,Occupation,Bếp maid,Kitchen maid,3.0,MET,3.5,ml/kg/min,moderate,True,False,False,https://pacompendium.com/occupation
adult_11415,adult,Hoạt động nghề nghiệp,Occupation,"Vườn keeper, làm việc ngoài sân, thông thường","Lawn keeper, yardwork, general",4.0,MET,3.5,ml/kg/min,moderate,True,False,False,https://pacompendium.com/occupation
adult_11416,adult,Hoạt động nghề nghiệp,Occupation,"Vườn keeper, nhổ cỏ, gas powered","Lawn keeper, weeding, gas powered",3.0,MET,3.5,ml/kg/min,moderate,True,False,False,https://pacompendium.com/occupation
adult_11418,adult,Hoạt động nghề nghiệp,Occupation,Giặt giũ công nhân,Laundry worker,3.3,MET,3.5,ml/kg/min,moderate,True,False,False,https://pacompendium.com/occupation
adult_11420,adult,Hoạt động nghề nghiệp,Occupation,Locksmith,Locksmith,3.0,MET,3.5,ml/kg/min,moderate,True,False,False,https://pacompendium.com/occupation
adult_11430,adult,Hoạt động nghề nghiệp,Occupation,"Gia công cơ khí (ví dụ: gia công máy, gia công kim loại tấm, thợ lắp máy, vận hành máy tiện, hàn) cường độ nhẹ đến vừa","Machine tooling (e.g., machining, working sheet metal, machine fitter, operating lathe, welding) light-to-moderate effort",3.0,MET,3.5,ml/kg/min,moderate,True,False,False,https://pacompendium.com/occupation
adult_11450,adult,Hoạt động nghề nghiệp,Occupation,"Gia công cơ khí, vận hành máy dập, cường độ vừa","Machine tooling, operating punch press, moderate effort",5.0,MET,3.5,ml/kg/min,moderate,True,False,False,https://pacompendium.com/occupation
adult_11472,adult,Hoạt động nghề nghiệp,Occupation,"Manager, property","Manager, property",1.8,MET,3.5,ml/kg/min,light,True,False,False,https://pacompendium.com/occupation
adult_11475,adult,Hoạt động nghề nghiệp,Occupation,"Lao động thủ công hoặc lao động phổ thông, thông thường, cường độ nhẹ","Manual or unskilled labor, general, light effort",2.8,MET,3.5,ml/kg/min,light,True,False,False,https://pacompendium.com/occupation
adult_11476,adult,Hoạt động nghề nghiệp,Occupation,"Lao động thủ công hoặc lao động phổ thông, thông thường, cường độ vừa","Manual or unskilled labor, general, moderate effort",4.5,MET,3.5,ml/kg/min,moderate,True,False,False,https://pacompendium.com/occupation
adult_11477,adult,Hoạt động nghề nghiệp,Occupation,"Lao động thủ công hoặc lao động phổ thông, thông thường, cường độ cao","Manual or unskilled labor, general, vigorous effort",6.5,MET,3.5,ml/kg/min,vigorous,False,False,False,https://pacompendium.com/occupation
adult_11480,adult,Hoạt động nghề nghiệp,Occupation,"Công việc xây/đổ bê tông, cường độ vừa","Masonry, concrete, moderate effort",4.3,MET,3.5,ml/kg/min,moderate,True,False,False,https://pacompendium.com/occupation
adult_11482,adult,Hoạt động nghề nghiệp,Occupation,"Công việc xây/đổ bê tông, cường độ nhẹ","Masonry, concrete, light effort",2.5,MET,3.5,ml/kg/min,light,True,False,False,https://pacompendium.com/occupation
adult_11485,adult,Hoạt động nghề nghiệp,Occupation,"Massage therapist, đứng","Massage therapist, standing",5.5,MET,3.5,ml/kg/min,moderate,True,False,False,https://pacompendium.com/occupation
adult_11486,adult,Hoạt động nghề nghiệp,Occupation,"Thư carrier, đi bộ đến deliver thư","Mail carrier, walking to deliver mail",2.3,MET,3.5,ml/kg/min,light,True,False,False,https://pacompendium.com/occupation
adult_11487,adult,Hoạt động nghề nghiệp,Occupation,"Giao thư, motorbike","Mail delivery, motorbike",1.5,MET,3.5,ml/kg/min,sedentary,True,False,False,https://pacompendium.com/occupation
adult_11488,adult,Hoạt động nghề nghiệp,Occupation,"Giao thư, Electronically Assisted Bicycle","Mail delivery, Electronically Assisted Bicycle",3.5,MET,3.5,ml/kg/min,moderate,True,False,False,https://pacompendium.com/occupation
adult_11490,adult,Hoạt động nghề nghiệp,Occupation,"Di chuyển, mang vác, hoặc đẩy nặng đồ vật, 75 lbs hoặc hơn, chỉ vận động thời gian (ví dụ: desks, di chuyển van công việc)","Moving, carrying, or pushing heavy objects, 75 lbs or more, only active time (e.g., desks, moving van work)",7.5,MET,3.5,ml/kg/min,vigorous,False,False,False,https://pacompendium.com/occupation
adult_11493,adult,Hoạt động nghề nghiệp,Occupation,"Khai thác mỏ, thông thường dịch vụ, khoan, công việc hỗ trợ khai thác mỏ (cơ khí, hàn, lắp đặt đường ống, thông thường xây dựng)","Mining, general services, drilling, mining support jobs (mechanical, welding, pipe installation, general construction)",8.5,MET,3.5,ml/kg/min,vigorous,False,False,False,https://pacompendium.com/occupation
adult_11495,adult,Hoạt động nghề nghiệp,Occupation,Lặn không bình khí hoặc lặn bình khí như một thợ lặn quân sự/hải quân SEAL,"Skindiving or SCUBA diving as a frogman, Navy Seal",12.0,MET,3.5,ml/kg/min,vigorous,False,False,False,https://pacompendium.com/occupation
adult_11500,adult,Hoạt động nghề nghiệp,Occupation,"Vận hành thiết bị hạng nặng tự động, không trực tiếp lái","Operating heavy-duty equipment, automated, not driving",2.5,MET,3.5,ml/kg/min,light,True,False,False,https://pacompendium.com/occupation
adult_11510,adult,Hoạt động nghề nghiệp,Occupation,"Orange grove công việc, nhặt/hái trái cây","Orange grove work, picking fruit",3.5,MET,3.5,ml/kg/min,moderate,True,False,False,https://pacompendium.com/occupation
adult_11514,adult,Hoạt động nghề nghiệp,Occupation,"Sơn / vẽ, nhà, đồ nội thất, cường độ vừa","Painting, house, furniture, moderate effort",3.3,MET,3.5,ml/kg/min,moderate,True,False,False,https://pacompendium.com/occupation
adult_11516,adult,Hoạt động nghề nghiệp,Occupation,Công việc sửa chữa/lắp đặt hệ thống ống nước,Plumbing activities,3.0,MET,3.5,ml/kg/min,moderate,True,False,False,https://pacompendium.com/occupation
adult_11520,adult,Hoạt động nghề nghiệp,Occupation,"Công nhân in ấn/ngành giấy, đứng","Printing, paper industry worker, standing",2.0,MET,3.5,ml/kg/min,light,True,False,False,https://pacompendium.com/occupation
adult_11524,adult,Hoạt động nghề nghiệp,Occupation,"Công việc cảnh sát Officer, đi bộ","Police Officer, Walking",3.8,MET,3.5,ml/kg/min,moderate,True,False,False,https://pacompendium.com/occupation
adult_11525,adult,Hoạt động nghề nghiệp,Occupation,"Công việc cảnh sát, chỉ đạo traffic, đứng","Police, directing traffic, standing",2.5,MET,3.5,ml/kg/min,light,True,False,False,https://pacompendium.com/occupation
adult_11526,adult,Hoạt động nghề nghiệp,Occupation,"Công việc cảnh sát, lái xe một squad ô tô, ngồi","Police, driving a squad car, sitting",2.0,MET,3.5,ml/kg/min,light,True,False,False,https://pacompendium.com/occupation
adult_11527,adult,Hoạt động nghề nghiệp,Occupation,"Công việc cảnh sát, cưỡi/đi trong một squad ô tô, ngồi","Police, riding in a squad car, sitting",1.3,MET,3.5,ml/kg/min,sedentary,True,False,False,https://pacompendium.com/occupation
adult_11528,adult,Hoạt động nghề nghiệp,Occupation,"Công việc cảnh sát, making một arrest, đứng","Police, making an arrest, standing",4.0,MET,3.5,ml/kg/min,moderate,True,False,False,https://pacompendium.com/occupation
adult_11529,adult,Hoạt động nghề nghiệp,Occupation,"Diễn tập chống khủng bố, rà soát/dọn tòa nhà","Counter terrorism maneuvers, clearing building",9.0,MET,3.5,ml/kg/min,vigorous,False,False,False,https://pacompendium.com/occupation
adult_11530,adult,Hoạt động nghề nghiệp,Occupation,"Shoe sửa chữa, thông thường","Shoe repair, general",2.0,MET,3.5,ml/kg/min,light,True,False,False,https://pacompendium.com/occupation
adult_11540,adult,Hoạt động nghề nghiệp,Occupation,"Xúc / đào bằng xẻng, đào đất ditches","Shoveling, digging ditches",7.3,MET,3.5,ml/kg/min,vigorous,False,False,False,https://pacompendium.com/occupation
adult_11550,adult,Hoạt động nghề nghiệp,Occupation,"Xúc / đào bằng xẻng, trên 16 lbs/phút, deep đào đất, cường độ cao","Shoveling, more than 16 lbs/minute, deep digging, vigorous effort",8.8,MET,3.5,ml/kg/min,vigorous,False,False,False,https://pacompendium.com/occupation
adult_11560,adult,Hoạt động nghề nghiệp,Occupation,"Xúc / đào bằng xẻng, dưới 10 lbs/phút, cường độ vừa","Shoveling, less than 10 lbs/minute, moderate effort",5.0,MET,3.5,ml/kg/min,moderate,True,False,False,https://pacompendium.com/occupation
adult_11570,adult,Hoạt động nghề nghiệp,Occupation,"Xúc / đào bằng xẻng, 10–15 lbs/phút, cường độ cao","Shoveling, 10 to 15 lbs/minute, vigorous effort",6.5,MET,3.5,ml/kg/min,vigorous,False,False,False,https://pacompendium.com/occupation
adult_11580,adult,Hoạt động nghề nghiệp,Occupation,"Ngồi công việc, cường độ nhẹ (ví dụ: văn phòng công việc, chemistry lab công việc, nhẹ assembly sửa chữa, xem sửa chữa, đọc sách, bàn làm việc công việc)","Sitting tasks, light effort (e.g., office work, chemistry lab work, light assembly repair, watch repair, reading, desk work)",1.5,MET,3.5,ml/kg/min,sedentary,True,False,False,https://pacompendium.com/occupation
adult_11582,adult,Hoạt động nghề nghiệp,Occupation,"Ngồi, làm việc trên máy tính","Sitting, computer work",1.3,MET,3.5,ml/kg/min,sedentary,True,False,False,https://pacompendium.com/occupation
adult_11583,adult,Hoạt động nghề nghiệp,Occupation,"Đứng workstation, đánh máy, làm việc trên máy tính","Standing workstation, typing, computer work",1.3,MET,3.5,ml/kg/min,sedentary,True,False,False,https://pacompendium.com/occupation
adult_11585,adult,Hoạt động nghề nghiệp,Occupation,"Ngồi họp, cường độ nhẹ, thông thường, và/hoặc với nói chuyện tham gia (ví dụ: ăn uống ở một cuộc họp công việc)","Sitting meetings, light effort, general, and/or with talking involved (e.g., eating at a business meeting)",1.3,MET,3.5,ml/kg/min,sedentary,True,False,False,https://pacompendium.com/occupation
adult_11590,adult,Hoạt động nghề nghiệp,Occupation,"Ngồi công việc, cường độ vừa (ví dụ đẩy cần điều khiển nặng, máy cắt cỏ có ghế lái/xe nâng, vận hành cần cẩu)","Sitting tasks, moderate effort (e.g. pushing heavy levers, riding mower/forklift, crane operation)",2.5,MET,3.5,ml/kg/min,light,True,False,False,https://pacompendium.com/occupation
adult_11593,adult,Hoạt động nghề nghiệp,Occupation,"Ngồi, teaching giãn cơ hoặc yoga, hoặc cường độ nhẹ tập luyện các lớp học","Sitting, teaching stretching or yoga, or light effort exercise classes",2.8,MET,3.5,ml/kg/min,light,True,False,False,https://pacompendium.com/occupation
adult_11600,adult,Hoạt động nghề nghiệp,Occupation,"Đứng công việc, cường độ nhẹ (ví dụ: bartending, store clerk, lắp ráp, sắp xếp hồ sơ, duplicating, librarian, đặt/cất lên một Christmas tree, đứng và nói chuyện ở công việc, thay quần áo when teaching physical education)","Standing tasks, light effort (e.g., bartending, store clerk, assembling, filing, duplicating, librarian, putting up a Christmas tree, standing and talking at work, changing clothes when teaching physical education)",1.8,MET,3.5,ml/kg/min,light,True,False,False,https://pacompendium.com/occupation
adult_11610,adult,Hoạt động nghề nghiệp,Occupation,"Đứng, nhẹ/vừa nỗ lực (ví dụ: assemble/sửa chữa nặng parts, hàn, stocking parts, ô tô sửa chữa, đóng gói thùng / hộp, nursing chăm sóc bệnh nhân, giặt giũ)","Standing, light/moderate effort (e.g., assemble/repair heavy parts, welding, stocking parts, auto repair, packing boxes, nursing patient care, laundry)",3.3,MET,3.5,ml/kg/min,moderate,True,False,False,https://pacompendium.com/occupation
adult_11615,adult,Hoạt động nghề nghiệp,Occupation,"Đứng, cường độ vừa, nâng đồ vật continuously, 10 – 20 lbs, với đi bộ ít hoặc nghỉ/tựa","Standing, moderate effort, lifting items continuously, 10 – 20 lbs, with limited walking or resting",4.5,MET,3.5,ml/kg/min,moderate,True,False,False,https://pacompendium.com/occupation
adult_11620,adult,Hoạt động nghề nghiệp,Occupation,"Đứng, cường độ vừa, thỉnh thoảng nâng 50 lbs, buộc hoặc xoắn dây","Standing, moderate effort, intermittent lifting 50 lbs, hitch or twisting ropes",3.8,MET,3.5,ml/kg/min,moderate,True,False,False,https://pacompendium.com/occupation
adult_11630,adult,Hoạt động nghề nghiệp,Occupation,"Đứng, vừa/nặng công việc (ví dụ: nâng trên 50 lbs, masonry, sơn / vẽ, giấy treo)","Standing, moderate/heavy tasks (e.g., lifting more than 50 lbs, masonry, painting, paper hanging)",4.5,MET,3.5,ml/kg/min,moderate,True,False,False,https://pacompendium.com/occupation
adult_11650,adult,Hoạt động nghề nghiệp,Occupation,"Chăm sóc bệnh nhân, healthcare activites","Patient care, healthcare activites",2.3,MET,3.5,ml/kg/min,light,True,False,False,https://pacompendium.com/occupation
adult_11660,adult,Hoạt động nghề nghiệp,Occupation,"Chăm sóc bệnh nhân, phòng dọn dẹp/preperation","Patient care, room cleaning/preperation",3.5,MET,3.5,ml/kg/min,moderate,True,False,False,https://pacompendium.com/occupation
adult_11708,adult,Hoạt động nghề nghiệp,Occupation,"Nhà máy thép, cường độ vừa (ví dụ: fettling, forging, tipping molds)","Steel mill, moderate effort (e.g., fettling, forging, tipping molds)",5.3,MET,3.5,ml/kg/min,moderate,True,False,False,https://pacompendium.com/occupation
adult_11710,adult,Hoạt động nghề nghiệp,Occupation,"Nhà máy thép, cường độ cao (ví dụ: tay rolling, cán thép thương phẩm, loại bỏ xỉ, trông lò)","Steel mill, vigorous effort (e.g., hand rolling, merchant mill rolling, removing slag, tending furnace)",8.3,MET,3.5,ml/kg/min,vigorous,False,False,False,https://pacompendium.com/occupation
adult_11720,adult,Hoạt động nghề nghiệp,Occupation,"May vá, cắt fabric","Tailoring, cutting fabric",2.3,MET,3.5,ml/kg/min,light,True,False,False,https://pacompendium.com/occupation
adult_11730,adult,Hoạt động nghề nghiệp,Occupation,"May vá, thông thường","Tailoring, general",2.5,MET,3.5,ml/kg/min,light,True,False,False,https://pacompendium.com/occupation
adult_11740,adult,Hoạt động nghề nghiệp,Occupation,"May vá, tay may vá","Tailoring, hand sewing",1.8,MET,3.5,ml/kg/min,light,True,False,False,https://pacompendium.com/occupation
adult_11750,adult,Hoạt động nghề nghiệp,Occupation,"May vá, máy may vá","Tailoring, machine sewing",2.5,MET,3.5,ml/kg/min,light,True,False,False,https://pacompendium.com/occupation
adult_11760,adult,Hoạt động nghề nghiệp,Occupation,"May vá, pressing","Tailoring, pressing",3.5,MET,3.5,ml/kg/min,moderate,True,False,False,https://pacompendium.com/occupation
adult_11763,adult,Hoạt động nghề nghiệp,Occupation,"May vá, dệt, cường độ nhẹ (ví dụ: finishing operations, rửa, dyeing, inspecting cloth, counting sân, paperwork)","Tailoring, weaving, light effort (e.g., finishing operations, washing, dyeing, inspecting cloth, counting yards, paperwork)",2.0,MET,3.5,ml/kg/min,light,True,False,False,https://pacompendium.com/occupation
adult_11765,adult,Hoạt động nghề nghiệp,Occupation,"May vá, dệt, cường độ vừa (ví dụ: spinning và dệt operations, delivering thùng / hộp của yarn đến spinners, xếp hàng của warp beam, pinwinding, conewinding, warping, cloth clutting)","Tailoring, weaving, moderate effort (e.g., spinning and weaving operations, delivering boxes of yarn to spinners, loading of warp beam, pinwinding, conewinding, warping, cloth clutting)",4.0,MET,3.5,ml/kg/min,moderate,True,False,False,https://pacompendium.com/occupation
adult_11766,adult,Hoạt động nghề nghiệp,Occupation,"Lái xe tải, bốc xếp hàng lên/xuống xe tải, cố định hàng hóa, đứng, đi bộ và mang tải nặng","Truck driving, loading and unloading truck, tying down load, standing, walking and carrying heavy loads",6.5,MET,3.5,ml/kg/min,vigorous,False,False,False,https://pacompendium.com/occupation
adult_11767,adult,Hoạt động nghề nghiệp,Occupation,"Lái xe tải, giao hàng xe tải, taxi, shuttlebus, school xe buýt","Truck driving, delivery truck, taxi, shuttlebus, school bus",2.0,MET,3.5,ml/kg/min,light,True,False,False,https://pacompendium.com/occupation
adult_11770,adult,Hoạt động nghề nghiệp,Occupation,"Đánh máy, điện, thủ công hoặc bằng máy tính","Typing, electric, manual or computer",1.3,MET,3.5,ml/kg/min,sedentary,True,False,False,https://pacompendium.com/occupation
adult_11780,adult,Hoạt động nghề nghiệp,Occupation,"Sử dụng dụng cụ công suất lớn như dụng cụ khí nén (ví dụ: máy khoan bê tông, máy khoan, v.v.)","Using heavy power tools such as pneumatic tools (e.g., jackhammers, drills, etc.)",6.3,MET,3.5,ml/kg/min,vigorous,False,False,False,https://pacompendium.com/occupation
adult_11790,adult,Hoạt động nghề nghiệp,Occupation,"Sử dụng nặng dụng cụ (không công suất) như như xẻng, pick, tunnel bar, spade","Using heavy tools (not power) such as shovel, pick, tunnel bar, spade",7.8,MET,3.5,ml/kg/min,vigorous,False,False,False,https://pacompendium.com/occupation
adult_11791,adult,Hoạt động nghề nghiệp,Occupation,"Đi bộ trên job, dưới 2.0 mph, rất tốc độ chậm, trong văn phòng hoặc lab area","Walking on job, less than 2.0 mph, very slow speed, in office or lab area",2.0,MET,3.5,ml/kg/min,light,True,False,False,https://pacompendium.com/occupation
adult_11792,adult,Hoạt động nghề nghiệp,Occupation,"Đi bộ trên job, 2.8–3.4 mph, trong văn phòng, tốc độ vừa, không mang vác bất kỳ vật gì","Walking on job, 2.8 to 3.4 mph, in office, moderate speed, not carrying anything",3.8,MET,3.5,ml/kg/min,moderate,True,False,False,https://pacompendium.com/occupation
adult_11793,adult,Hoạt động nghề nghiệp,Occupation,"Đi bộ trên job, 3.5–3.9 mph, trong văn phòng, tốc độ nhanh, không mang vác bất kỳ vật gì","Walking on job, 3.5 to 3.9 mph, in office, brisk speed, not carrying anything",4.8,MET,3.5,ml/kg/min,moderate,True,False,False,https://pacompendium.com/occupation
adult_11795,adult,Hoạt động nghề nghiệp,Occupation,"Đi bộ trên job, 2.5 mph, tốc độ chậm, mang vác nhẹ đồ vật dưới 25 lbs","Walking on job, 2.5 mph, slow speed, carrying light objects less than 25 lbs",3.5,MET,3.5,ml/kg/min,moderate,True,False,False,https://pacompendium.com/occupation
adult_11796,adult,Hoạt động nghề nghiệp,Occupation,"Đi bộ, thu dọn đồ ở nơi làm việc để chuẩn bị ra về","Walking, gathering things at work, ready to leave",3.0,MET,3.5,ml/kg/min,moderate,True,False,False,https://pacompendium.com/occupation
adult_11797,adult,Hoạt động nghề nghiệp,Occupation,"Đi bộ, 2.5 mph, tốc độ chậm, mang vác nặng đồ vật trên 25 lbs","Walking, 2.5 mph, slow speed, carrying heavy objects more than 25 lbs",3.8,MET,3.5,ml/kg/min,moderate,True,False,False,https://pacompendium.com/occupation
adult_11800,adult,Hoạt động nghề nghiệp,Occupation,"Đi bộ, 3.0 mph, ở mức vừa và mang nhẹ đồ vật dưới 25 lbs","Walking, 3.0 mph, moderately and carrying light objects less than 25 lbs",4.5,MET,3.5,ml/kg/min,moderate,True,False,False,https://pacompendium.com/occupation
adult_11805,adult,Hoạt động nghề nghiệp,Occupation,"Đi bộ, đẩy một xe lăn","Walking, pushing a wheelchair",3.8,MET,3.5,ml/kg/min,moderate,True,False,False,https://pacompendium.com/occupation
adult_11810,adult,Hoạt động nghề nghiệp,Occupation,"Đi bộ, 3.5 mph, briskly và mang đồ vật dưới 25 lbs","Walking, 3.5 mph, briskly and carrying objects less than 25 lbs",4.5,MET,3.5,ml/kg/min,moderate,True,False,False,https://pacompendium.com/occupation
adult_11820,adult,Hoạt động nghề nghiệp,Occupation,"Đi bộ hoặc đi bộ xuống cầu thang hoặc đứng, mang vác đồ vật khoảng 25–49 lbs","Walking or walk downstairs or standing, carrying objects about 25 to 49 lbs",4.0,MET,3.5,ml/kg/min,moderate,True,False,False,https://pacompendium.com/occupation
adult_11830,adult,Hoạt động nghề nghiệp,Occupation,"Đi bộ hoặc đi bộ xuống cầu thang hoặc đứng, mang vác đồ vật khoảng 50–74 lbs","Walking or walk downstairs or standing, carrying objects about 50 to 74 lbs",5.5,MET,3.5,ml/kg/min,moderate,True,False,False,https://pacompendium.com/occupation
adult_11840,adult,Hoạt động nghề nghiệp,Occupation,"Đi bộ hoặc đi bộ xuống cầu thang hoặc đứng, mang vác đồ vật khoảng 75–99 lbs","Walking or walk downstairs or standing, carrying objects about 75 to 99 lbs",7.0,MET,3.5,ml/kg/min,vigorous,False,False,False,https://pacompendium.com/occupation
adult_11850,adult,Hoạt động nghề nghiệp,Occupation,"Đi bộ hoặc đi bộ xuống cầu thang hoặc đứng, mang vác đồ vật khoảng 100 lbs hoặc hơn","Walking or walk downstairs or standing, carrying objects about 100 lbs or more",7.3,MET,3.5,ml/kg/min,vigorous,False,False,False,https://pacompendium.com/occupation
adult_11860,adult,Hoạt động nghề nghiệp,Occupation,"Warehouse/Shipping Center, xếp hàng/dỡ hàng thùng / hộp","Warehouse/Shipping Center, Loading/Unloading boxes",2.3,MET,3.5,ml/kg/min,light,True,False,False,https://pacompendium.com/occupation
adult_11862,adult,Hoạt động nghề nghiệp,Occupation,"Warehouse/Shipping Center, di chuyển thùng / hộp (~5kg)","Warehouse/Shipping Center, Moving boxes (~5kg)",4.3,MET,3.5,ml/kg/min,moderate,True,False,False,https://pacompendium.com/occupation
adult_11870,adult,Hoạt động nghề nghiệp,Occupation,"Làm việc tại xưởng sân khấu, diễn viên nhà hát hoặc nhân viên hậu trường","Working in scene shop, theater actor, backstage employee",3.0,MET,3.5,ml/kg/min,moderate,True,False,False,https://pacompendium.com/occupation
adult_11880,adult,Hoạt động nghề nghiệp,Occupation,"Binh sĩ, hành quân quân sự, unloaded, 1.5–2.5 mph","Soldiers, military marching, unloaded, 1.5 to 2.5 mph",3.5,MET,3.5,ml/kg/min,moderate,True,False,False,https://pacompendium.com/occupation
adult_11882,adult,Hoạt động nghề nghiệp,Occupation,"Binh sĩ, hành quân quân sự, 1.5–2.5 mph, 10–30 kg tải","Soldiers, military marching, 1.5 to 2.5 mph, 10 to 30 kg load",4.0,MET,3.5,ml/kg/min,moderate,True,False,False,https://pacompendium.com/occupation
adult_11884,adult,Hoạt động nghề nghiệp,Occupation,"Airborne Shuffle, 2.5–3.5 mph, 20-30 kg tải","Airborne Shuffle, 2.5 to 3.5 mph, 20-30 kg load",5.0,MET,3.5,ml/kg/min,moderate,True,False,False,https://pacompendium.com/occupation
adult_11886,adult,Hoạt động nghề nghiệp,Occupation,"Binh sĩ, quân sự loaded hành quân, varying địa hình, 25-40 kg tải","Soldiers, military loaded marching, varying terrain, 25-40 kg load",6.3,MET,3.5,ml/kg/min,vigorous,False,False,False,https://pacompendium.com/occupation
adult_11887,adult,Hoạt động nghề nghiệp,Occupation,"Binh sĩ, đi bộ, 2.8 mph, 5% độ dốc, tải lên đến 21.5 kg","Soldiers, walking, 2.8 mph, 5% grade, up to 21.5 kg load",6.0,MET,3.5,ml/kg/min,vigorous,False,False,False,https://pacompendium.com/occupation
adult_11888,adult,Hoạt động nghề nghiệp,Occupation,"Binh sĩ, đi bộ, 2.8 mph, 10% độ dốc, tải lên đến 21.5 kg","Soldiers, walking, 2.8 mph, 10% grade, up to 21.5 kg load",8.5,MET,3.5,ml/kg/min,vigorous,False,False,False,https://pacompendium.com/occupation
adult_11889,adult,Hoạt động nghề nghiệp,Occupation,"Binh sĩ, đi bộ, 2.8 mph, 15% độ dốc, tải lên đến 21.5 kg","Soldiers, walking, 2.8 mph, 15% grade, up to 21.5 kg load",11.0,MET,3.5,ml/kg/min,vigorous,False,False,False,https://pacompendium.com/occupation
adult_11892,adult,Hoạt động nghề nghiệp,Occupation,"Hoạt động quân sự: chuẩn bị trận địa, đào vị trí phòng thủ","Military activities, arterial field preparation, digging defensive positions",6.0,MET,3.5,ml/kg/min,vigorous,False,False,False,https://pacompendium.com/occupation
adult_12010,adult,Chạy bộ,Running,Kết hợp chạy bộ chậm/đi bộ (phần chạy dưới 10 phút) (Taylor Code 180),Jog/walk combination (jogging component of less than 10 minutes) (Taylor Code 180),6.0,MET,3.5,ml/kg/min,vigorous,False,False,False,https://pacompendium.com/running
adult_12020,adult,Chạy bộ,Running,"Chạy bộ chậm, thông thường, tự chọn tốc độ","Jogging, general, self-selected pace",7.5,MET,3.5,ml/kg/min,vigorous,False,False,False,https://pacompendium.com/running
adult_12025,adult,Chạy bộ,Running,"Chạy bộ chậm, trong place","Jogging, in place",4.8,MET,3.5,ml/kg/min,moderate,True,False,False,https://pacompendium.com/running
adult_12026,adult,Chạy bộ,Running,Chạy bộ chậm 2.6–3.7 mph,Jogging 2.6 to 3.7 mph,3.3,MET,3.5,ml/kg/min,moderate,True,False,False,https://pacompendium.com/running
adult_12027,adult,Chạy bộ,Running,Chạy bộ chậm trên một mini-tramp,Jogging on a mini-tramp,4.5,MET,3.5,ml/kg/min,moderate,True,False,False,https://pacompendium.com/running
adult_12028,adult,Chạy bộ,Running,"Chạy bộ, 4–4.2 mph (13 phút/dặm)","Running, 4 to 4.2 mph (13 min/mile)",6.5,MET,3.5,ml/kg/min,vigorous,False,False,False,https://pacompendium.com/running
adult_12029,adult,Chạy bộ,Running,Chạy bộ 4.3–4.8 mph,Running 4.3 to 4.8 mph,7.8,MET,3.5,ml/kg/min,vigorous,False,False,False,https://pacompendium.com/running
adult_12030,adult,Chạy bộ,Running,"Chạy bộ, 5.0–5.2 mph (12 phút/dặm)","Running, 5.0 to 5.2 mph (12 min/mile)",8.5,MET,3.5,ml/kg/min,vigorous,False,False,False,https://pacompendium.com/running
adult_12045,adult,Chạy bộ,Running,"Chạy bộ, 5.5 -5.8 mph","Running, 5.5 -5.8 mph",9.0,MET,3.5,ml/kg/min,vigorous,False,False,False,https://pacompendium.com/running
adult_12050,adult,Chạy bộ,Running,"Chạy bộ, 6-6.3 mph (10 phút/dặm)","Running, 6-6.3 mph (10 min/mile)",9.3,MET,3.5,ml/kg/min,vigorous,False,False,False,https://pacompendium.com/running
adult_12060,adult,Chạy bộ,Running,"Chạy bộ, 6.7 mph (9 phút/dặm)","Running, 6.7 mph (9 min/mile)",10.5,MET,3.5,ml/kg/min,vigorous,False,False,False,https://pacompendium.com/running
adult_12070,adult,Chạy bộ,Running,"Chạy bộ, 7 mph (8.5 phút/dặm)","Running, 7 mph (8.5 min/mile)",11.0,MET,3.5,ml/kg/min,vigorous,False,False,False,https://pacompendium.com/running
adult_12080,adult,Chạy bộ,Running,"Chạy bộ, 7.5 mph (8 phút/dặm)","Running, 7.5 mph (8 min/mile)",11.8,MET,3.5,ml/kg/min,vigorous,False,False,False,https://pacompendium.com/running
adult_12090,adult,Chạy bộ,Running,"Chạy bộ, 8 mph (7.5 phút/dặm)","Running, 8 mph (7.5 min/mile)",12.0,MET,3.5,ml/kg/min,vigorous,False,False,False,https://pacompendium.com/running
adult_12100,adult,Chạy bộ,Running,"Chạy bộ, 8.6 mph (7 phút/dặm)","Running, 8.6 mph (7 min/mile)",12.5,MET,3.5,ml/kg/min,vigorous,False,False,False,https://pacompendium.com/running
adult_12110,adult,Chạy bộ,Running,"Chạy bộ, 9 mph (6.5 phút/dặm)","Running, 9 mph (6.5 min/mile)",13.0,MET,3.5,ml/kg/min,vigorous,False,False,False,https://pacompendium.com/running
adult_12115,adult,Chạy bộ,Running,"Chạy bộ, 9.3–9.6 mph","Running, 9.3 to 9.6 mph",14.8,MET,3.5,ml/kg/min,vigorous,False,False,False,https://pacompendium.com/running
adult_12120,adult,Chạy bộ,Running,"Chạy bộ, 10 mph (6 phút/dặm)","Running, 10 mph (6 min/mile)",14.8,MET,3.5,ml/kg/min,vigorous,False,False,False,https://pacompendium.com/running
adult_12130,adult,Chạy bộ,Running,"Chạy bộ, 11 mph (5.5 phút/dặm)","Running, 11 mph (5.5 min/mile)",16.8,MET,3.5,ml/kg/min,vigorous,False,False,False,https://pacompendium.com/running
adult_12132,adult,Chạy bộ,Running,"Chạy bộ, 12 mph (5.0 phút/dặm)","Running, 12 mph (5.0 min/mile)",18.5,MET,3.5,ml/kg/min,vigorous,False,False,False,https://pacompendium.com/running
adult_12134,adult,Chạy bộ,Running,"Chạy bộ, 13 mph (4.6 phút/dặm)","Running, 13 mph (4.6 min/mile)",19.8,MET,3.5,ml/kg/min,vigorous,False,False,False,https://pacompendium.com/running
adult_12135,adult,Chạy bộ,Running,"Chạy bộ, 14 mph (4.3 phút/dặm)","Running, 14 mph (4.3 min/mile)",23.0,MET,3.5,ml/kg/min,vigorous,False,False,False,https://pacompendium.com/running
adult_12140,adult,Chạy bộ,Running,"Chạy bộ, băng đồng","Running, cross country",9.3,MET,3.5,ml/kg/min,vigorous,False,False,False,https://pacompendium.com/running
adult_12145,adult,Chạy bộ,Running,"Chạy bộ, tự chọn tốc độ","Running, self-selected pace",10.5,MET,3.5,ml/kg/min,vigorous,False,False,False,https://pacompendium.com/running
adult_12150,adult,Chạy bộ,Running,Chạy bộ (Taylor Code 200),Running (Taylor Code 200),8.0,MET,3.5,ml/kg/min,vigorous,False,False,False,https://pacompendium.com/running
adult_12170,adult,Chạy bộ,Running,"Chạy bộ, cầu thang, lên","Running, stairs, up",15.0,MET,3.5,ml/kg/min,vigorous,False,False,False,https://pacompendium.com/running
adult_12180,adult,Chạy bộ,Running,"Chạy bộ, trên một đường chạy, đội luyện tập","Running, on a track, team practice",10.0,MET,3.5,ml/kg/min,vigorous,False,False,False,https://pacompendium.com/running
adult_12184,adult,Chạy bộ,Running,"Chạy bộ, trên đường chạy, 500-1500m, thi đấu","Running, on track, 500-1500m, competitive",18.0,MET,3.5,ml/kg/min,vigorous,False,False,False,https://pacompendium.com/running
adult_12186,adult,Chạy bộ,Running,"Chạy bộ, trên đường chạy, 2000-3000m, thi đấu","Running, on track, 2000-3000m, competitive",19.3,MET,3.5,ml/kg/min,vigorous,False,False,False,https://pacompendium.com/running
adult_12190,adult,Chạy bộ,Running,"Chạy bộ, tập luyện, đẩy một xe lăn hoặc em bé carrier","Running, training, pushing a wheelchair or baby carrier",8.0,MET,3.5,ml/kg/min,vigorous,False,False,False,https://pacompendium.com/running
adult_12200,adult,Chạy bộ,Running,"Chạy bộ, marathon","Running, marathon",13.3,MET,3.5,ml/kg/min,vigorous,False,False,False,https://pacompendium.com/running
adult_12255,adult,Chạy bộ,Running,"Chạy bộ lên dốc, 4.5mph, 5% độ dốc","Running uphill, 4.5mph, 5% incline",10.3,MET,3.5,ml/kg/min,vigorous,False,False,False,https://pacompendium.com/running
adult_12260,adult,Chạy bộ,Running,"Chạy bộ lên dốc, 6.0 mph, 5% độ dốc","Running uphill, 6.0 mph, 5% incline",13.3,MET,3.5,ml/kg/min,vigorous,False,False,False,https://pacompendium.com/running
adult_12265,adult,Chạy bộ,Running,"Chạy bộ lên dốc, 7.0 mph, 5% độ dốc","Running uphill, 7.0 mph, 5% incline",15.5,MET,3.5,ml/kg/min,vigorous,False,False,False,https://pacompendium.com/running
adult_12325,adult,Chạy bộ,Running,"Chạy bộ lên dốc, 5.0–5.9 mph, 15% độ dốc","Running uphill, 5.0 to 5.9 mph, 15% incline",17.5,MET,3.5,ml/kg/min,vigorous,False,False,False,https://pacompendium.com/running
adult_12335,adult,Chạy bộ,Running,"Chạy bộ lên dốc, 0.6–0.79 mph, 30% độ dốc","Running uphill, 0.6 to 0.79 mph, 30% incline",8.8,MET,3.5,ml/kg/min,vigorous,False,False,False,https://pacompendium.com/running
adult_12337,adult,Chạy bộ,Running,"Chạy bộ lên dốc, 0.8–0.99 mph, 30% độ dốc","Running uphill, 0.8 to 0.99 mph, 30% incline",10.3,MET,3.5,ml/kg/min,vigorous,False,False,False,https://pacompendium.com/running
adult_12339,adult,Chạy bộ,Running,"Chạy bộ lên dốc, 1.0–1.19 mph, 30% độ dốc","Running uphill, 1.0 to 1.19 mph, 30% incline",11.8,MET,3.5,ml/kg/min,vigorous,False,False,False,https://pacompendium.com/running
adult_12341,adult,Chạy bộ,Running,"Chạy bộ lên dốc, 1.2–1.39 mph, 30-40% độ dốc","Running uphill, 1.2 to 1.39 mph, 30-40% incline",13.5,MET,3.5,ml/kg/min,vigorous,False,False,False,https://pacompendium.com/running
adult_12343,adult,Chạy bộ,Running,"Chạy bộ lên dốc, 1.4–1.59 mph, 30% độ dốc","Running uphill, 1.4 to 1.59 mph, 30% incline",14.8,MET,3.5,ml/kg/min,vigorous,False,False,False,https://pacompendium.com/running
adult_12345,adult,Chạy bộ,Running,"Chạy bộ lên dốc, >1.6mph, 10-30% độ dốc","Running uphill, >1.6mph, 10-30% incline",16.3,MET,3.5,ml/kg/min,vigorous,False,False,False,https://pacompendium.com/running
adult_12350,adult,Chạy bộ,Running,"Chạy bộ, đồi dốc địa hình, thay đổi độ cao ±100 m","Running, hilly terrain, ±100m change in elevation",16.0,MET,3.5,ml/kg/min,vigorous,False,False,False,https://pacompendium.com/running
adult_12352,adult,Chạy bộ,Running,"Chạy bộ xuống dốc, 5.0–5.9 mph, -10% đến -15%","Running downhill, 5.0 to 5.9 mph, -10% to -15%",5.8,MET,3.5,ml/kg/min,moderate,True,False,False,https://pacompendium.com/running
adult_12353,adult,Chạy bộ,Running,"Chạy bộ xuống dốc, 6.0–6.9 mph, -10% đến -15%","Running downhill, 6.0 to 6.9 mph, -10% to -15%",7.5,MET,3.5,ml/kg/min,vigorous,False,False,False,https://pacompendium.com/running
adult_12355,adult,Chạy bộ,Running,"Chạy bộ xuống dốc, 7.0–8.9 mph, -10% đến -15%","Running downhill, 7.0 to 8.9 mph, -10% to -15%",9.0,MET,3.5,ml/kg/min,vigorous,False,False,False,https://pacompendium.com/running
adult_12358,adult,Chạy bộ,Running,"Chạy bộ xuống dốc, 6.0–7.9 mph, -3% đến -9%","Running downhill, 6.0 to 7.9 mph, -3% to -9%",9.3,MET,3.5,ml/kg/min,vigorous,False,False,False,https://pacompendium.com/running
adult_12361,adult,Chạy bộ,Running,"Chạy bộ xuống dốc, 8.0–10.5 mph, -3% đến -9%","Running downhill, 8.0 to 10.5 mph, -3% to -9%",13.8,MET,3.5,ml/kg/min,vigorous,False,False,False,https://pacompendium.com/running
adult_12405,adult,Chạy bộ,Running,"Chạy bộ/jogging, cong máy chạy bộ, 3.0–3.9 mph","Running/jogging, curved treadmill, 3.0 to 3.9 mph",5.3,MET,3.5,ml/kg/min,moderate,True,False,False,https://pacompendium.com/running
adult_12408,adult,Chạy bộ,Running,"Chạy bộ/jogging, cong máy chạy bộ, 4.0–4.9 mph","Running/jogging, curved treadmill, 4.0 to 4.9 mph",6.5,MET,3.5,ml/kg/min,vigorous,False,False,False,https://pacompendium.com/running
adult_12410,adult,Chạy bộ,Running,"Chạy bộ cong máy chạy bộ, 5.0–5.9 mph","Running curved treadmill, 5.0 to 5.9 mph",11.0,MET,3.5,ml/kg/min,vigorous,False,False,False,https://pacompendium.com/running
adult_12412,adult,Chạy bộ,Running,"Chạy bộ cong máy chạy bộ, 7.0–7.9 mph","Running curved treadmill, 7.0 to 7.9 mph",12.0,MET,3.5,ml/kg/min,vigorous,False,False,False,https://pacompendium.com/running
adult_12414,adult,Chạy bộ,Running,"Chạy bộ cong máy chạy bộ, 8.0–8.9 mph","Running curved treadmill, 8.0 to 8.9 mph",14.0,MET,3.5,ml/kg/min,vigorous,False,False,False,https://pacompendium.com/running
adult_12416,adult,Chạy bộ,Running,"Chạy bộ cong máy chạy bộ, 9.0–9.9 mph","Running curved treadmill, 9.0 to 9.9 mph",16.8,MET,3.5,ml/kg/min,vigorous,False,False,False,https://pacompendium.com/running
adult_12508,adult,Chạy bộ,Running,"Chạy bộ, 5.0 – 5.9 mph, 1.0–3.0 kg ba lô","Running, 5.0 – 5.9 mph, 1.0 to 3.0 kg backpack",8.5,MET,3.5,ml/kg/min,vigorous,False,False,False,https://pacompendium.com/running
adult_12510,adult,Chạy bộ,Running,"Chạy bộ, 6.0 – 6.9 mph, 1.0–3.0 kg ba lô","Running, 6.0 – 6.9 mph, 1.0 to 3.0 kg backpack",9.5,MET,3.5,ml/kg/min,vigorous,False,False,False,https://pacompendium.com/running
adult_12512,adult,Chạy bộ,Running,"Chạy bộ, 7.0 – 7.9 mph, 1.0–3.0 kg ba lô","Running, 7.0 – 7.9 mph, 1.0 to 3.0 kg backpack",9.8,MET,3.5,ml/kg/min,vigorous,False,False,False,https://pacompendium.com/running
adult_12514,adult,Chạy bộ,Running,"Chạy bộ, 8.0 – 8.9 mph, 1.0–3.0 kg ba lô","Running, 8.0 – 8.9 mph, 1.0 to 3.0 kg backpack",12.0,MET,3.5,ml/kg/min,vigorous,False,False,False,https://pacompendium.com/running
adult_12555,adult,Chạy bộ,Running,"Chạy bộ, chân trần, 3.5-5.9 mph","Running, barefoot, 3.5-5.9 mph",7.8,MET,3.5,ml/kg/min,vigorous,False,False,False,https://pacompendium.com/running
adult_12560,adult,Chạy bộ,Running,"Chạy bộ, chân trần, 6.0-7.9 mph","Running, barefoot, 6.0-7.9 mph",12.0,MET,3.5,ml/kg/min,vigorous,False,False,False,https://pacompendium.com/running
adult_12565,adult,Chạy bộ,Running,"Chạy bộ, chân trần, 8.0-8.9 mph","Running, barefoot, 8.0-8.9 mph",13.5,MET,3.5,ml/kg/min,vigorous,False,False,False,https://pacompendium.com/running
adult_12585,adult,Chạy bộ,Running,"Chạy bộ, chạy bộ chậm xe đẩy trẻ em, indoors, 5 mph","Running, jogging stroller, indoors, 5 mph",8.0,MET,3.5,ml/kg/min,vigorous,False,False,False,https://pacompendium.com/running
adult_12588,adult,Chạy bộ,Running,"Chạy bộ, chạy bộ chậm xe đẩy trẻ em, indoors, 6 mph","Running, jogging stroller, indoors, 6 mph",9.0,MET,3.5,ml/kg/min,vigorous,False,False,False,https://pacompendium.com/running
adult_12593,adult,Chạy bộ,Running,"Chạy bộ, chạy bộ chậm xe đẩy trẻ em, ngoài trời, 5 mph","Running, jogging stroller, outdoors, 5 mph",10.0,MET,3.5,ml/kg/min,vigorous,False,False,False,https://pacompendium.com/running
adult_12595,adult,Chạy bộ,Running,"Chạy bộ, chạy bộ chậm xe đẩy trẻ em, ngoài trời, 6 mph","Running, jogging stroller, outdoors, 6 mph",11.5,MET,3.5,ml/kg/min,vigorous,False,False,False,https://pacompendium.com/running
adult_12600,adult,Chạy bộ,Running,"Skipping, 5.5-6.0 mph","Skipping, 5.5-6.0 mph",11.5,MET,3.5,ml/kg/min,vigorous,False,False,False,https://pacompendium.com/running
adult_12620,adult,Chạy bộ,Running,"Ba môn phối hợp, chạy bộ","Triathlon, Running",13.0,MET,3.5,ml/kg/min,vigorous,False,False,False,https://pacompendium.com/running
adult_13000,adult,Tự chăm sóc,Self Care,"Chuẩn bị đi ngủ, thông thường, đứng","Getting ready for bed, general, standing",2.3,MET,3.5,ml/kg/min,light,True,False,False,https://pacompendium.com/self-care
adult_13009,adult,Tự chăm sóc,Self Care,"Ngồi trên bồn cầu, đi vệ sinh while đứng hoặc ngồi xổm","Sitting on toilet, eliminating while standing or squatting",2.3,MET,3.5,ml/kg/min,light,True,False,False,https://pacompendium.com/self-care
adult_13010,adult,Tự chăm sóc,Self Care,"Tắm, ngồi","Bathing, sitting",1.5,MET,3.5,ml/kg/min,sedentary,True,False,False,https://pacompendium.com/self-care
adult_13020,adult,Tự chăm sóc,Self Care,"Mặc/cởi quần áo, đứng hoặc ngồi","Dressing, undressing, standing or sitting",2.8,MET,3.5,ml/kg/min,light,True,False,False,https://pacompendium.com/self-care
adult_13030,adult,Tự chăm sóc,Self Care,"Ăn uống, ngồi","Eating, sitting",1.5,MET,3.5,ml/kg/min,sedentary,True,False,False,https://pacompendium.com/self-care
adult_13035,adult,Tự chăm sóc,Self Care,"Nói chuyện và ăn, hoặc chỉ ăn, đứng","Talking and eating or eating only, standing",2.0,MET,3.5,ml/kg/min,light,True,False,False,https://pacompendium.com/self-care
adult_13036,adult,Tự chăm sóc,Self Care,"Thực hiện medication, ngồi hoặc đứng","Taking medication, sitting or standing",1.5,MET,3.5,ml/kg/min,sedentary,True,False,False,https://pacompendium.com/self-care
adult_13040,adult,Tự chăm sóc,Self Care,"Vệ sinh cá nhân, rửa tay, cạo râu, chải răng, đặt/cất trên make-lên, ngồi hoặc đứng","Grooming, washing hands, shaving, brushing teeth, putting on make-up, sitting or standing",2.0,MET,3.5,ml/kg/min,light,True,False,False,https://pacompendium.com/self-care
adult_13045,adult,Tự chăm sóc,Self Care,"Hairstyling, đứng","Hairstyling, standing",2.5,MET,3.5,ml/kg/min,light,True,False,False,https://pacompendium.com/self-care
adult_13046,adult,Tự chăm sóc,Self Care,"Having tóc hoặc nails done bằng someone else, ngồi","Having hair or nails done by someone else, sitting",1.3,MET,3.5,ml/kg/min,sedentary,True,False,False,https://pacompendium.com/self-care
adult_13050,adult,Tự chăm sóc,Self Care,"Tắm vòi sen, lau khô người, đứng","Showering, toweling off, standing",2.0,MET,3.5,ml/kg/min,light,True,False,False,https://pacompendium.com/self-care
adult_14010,adult,Hoạt động tình dục,Sexual Activity,"Vận động, cường độ cao","Active, vigorous effort",5.8,MET,3.5,ml/kg/min,moderate,True,False,False,https://pacompendium.com/sexual-activity
adult_14020,adult,Hoạt động tình dục,Sexual Activity,"Thông thường, cường độ vừa","General, moderate effort",3.0,MET,3.5,ml/kg/min,moderate,True,False,False,https://pacompendium.com/sexual-activity
adult_14030,adult,Hoạt động tình dục,Sexual Activity,"Thụ động, cường độ nhẹ, hôn, ôm","Passive, light effort, kissing, hugging",1.8,MET,3.5,ml/kg/min,light,True,False,False,https://pacompendium.com/sexual-activity
adult_15000,adult,Thể thao,Sports,"Các trò chơi bản địa Alaska / Eskimo Olympics, thông thường","Alaska Native Games, Eskimo Olympics, general",5.5,MET,3.5,ml/kg/min,moderate,True,False,False,https://pacompendium.com/sports
adult_15010,adult,Thể thao,Sports,Archery (non-săn bắn),Archery (non-hunting),4.3,MET,3.5,ml/kg/min,moderate,True,False,False,https://pacompendium.com/sports
adult_15020,adult,Thể thao,Sports,"Cầu lông, thi đấu (Taylor Code 450)","Badminton, competitive (Taylor Code 450)",7.0,MET,3.5,ml/kg/min,vigorous,False,False,False,https://pacompendium.com/sports
adult_15025,adult,Thể thao,Sports,"Cầu lông, thi đấu, match play","Badminton, competitive, match play",9.0,MET,3.5,ml/kg/min,vigorous,False,False,False,https://pacompendium.com/sports
adult_15030,adult,Thể thao,Sports,"Cầu lông, giao lưu singles và doubles, thông thường","Badminton, social singles and doubles, general",5.5,MET,3.5,ml/kg/min,moderate,True,False,False,https://pacompendium.com/sports
adult_15040,adult,Thể thao,Sports,"Bóng rổ, trò chơi (Taylor Code 490)","Basketball, game (Taylor Code 490)",8.0,MET,3.5,ml/kg/min,vigorous,False,False,False,https://pacompendium.com/sports
adult_15050,adult,Thể thao,Sports,"Bóng rổ, non-trò chơi, thông thường (Taylor Code 480)","Basketball, non-game, general (Taylor Code 480)",6.0,MET,3.5,ml/kg/min,vigorous,False,False,False,https://pacompendium.com/sports
adult_15055,adult,Thể thao,Sports,"Bóng rổ, thông thường","Basketball, general",7.5,MET,3.5,ml/kg/min,vigorous,False,False,False,https://pacompendium.com/sports
adult_15060,adult,Thể thao,Sports,"Bóng rổ, làm trọng tài (Taylor Code 500)","Basketball, officiating (Taylor Code 500)",7.0,MET,3.5,ml/kg/min,vigorous,False,False,False,https://pacompendium.com/sports
adult_15062,adult,Thể thao,Sports,"Bóng rổ, làm trọng tài","Basketball, officiating",5.8,MET,3.5,ml/kg/min,moderate,True,False,False,https://pacompendium.com/sports
adult_15070,adult,Thể thao,Sports,"Bóng rổ, bắn súng baskets","Basketball, shooting baskets",5.0,MET,3.5,ml/kg/min,moderate,True,False,False,https://pacompendium.com/sports
adult_15072,adult,Thể thao,Sports,"Bóng rổ, máy khoan, luyện tập","Basketball, drills, practice",9.3,MET,3.5,ml/kg/min,vigorous,False,False,False,https://pacompendium.com/sports
adult_15080,adult,Thể thao,Sports,Billiards,Billiards,2.5,MET,3.5,ml/kg/min,light,True,False,False,https://pacompendium.com/sports
adult_15090,adult,Thể thao,Sports,Bowling (Taylor Code 390),Bowling (Taylor Code 390),3.0,MET,3.5,ml/kg/min,moderate,True,False,False,https://pacompendium.com/sports
adult_15092,adult,Thể thao,Sports,"Bowling, trong nhà, bowling alley","Bowling, indoor, bowling alley",3.8,MET,3.5,ml/kg/min,moderate,True,False,False,https://pacompendium.com/sports
adult_15100,adult,Thể thao,Sports,"Quyền Anh, trong ring, thông thường","Boxing, in ring, general",12.3,MET,3.5,ml/kg/min,vigorous,False,False,False,https://pacompendium.com/sports
adult_15110,adult,Thể thao,Sports,"Quyền Anh, đấm bao cát","Boxing, punching bag",5.8,MET,3.5,ml/kg/min,moderate,True,False,False,https://pacompendium.com/sports
adult_15113,adult,Thể thao,Sports,"Quyền Anh, đấm bao cát, 60 b/phút","Boxing, punching bag, 60 b/min",7.0,MET,3.5,ml/kg/min,vigorous,False,False,False,https://pacompendium.com/sports
adult_15115,adult,Thể thao,Sports,"Quyền Anh, đấm bao cát, 120 b/phút","Boxing, punching bag, 120 b/min",8.5,MET,3.5,ml/kg/min,vigorous,False,False,False,https://pacompendium.com/sports
adult_15118,adult,Thể thao,Sports,"Quyền Anh, đấm bao cát, 180 b/phút","Boxing, punching bag, 180 b/min",10.8,MET,3.5,ml/kg/min,vigorous,False,False,False,https://pacompendium.com/sports
adult_15120,adult,Thể thao,Sports,"Quyền Anh, sparring","Boxing, sparring",7.8,MET,3.5,ml/kg/min,vigorous,False,False,False,https://pacompendium.com/sports
adult_15125,adult,Thể thao,Sports,"Quyền Anh, mô phỏng quyền Anh round, tập luyện","Boxing, simulated boxing round, exercise",9.3,MET,3.5,ml/kg/min,vigorous,False,False,False,https://pacompendium.com/sports
adult_15130,adult,Thể thao,Sports,Broomball,Broomball,7.0,MET,3.5,ml/kg/min,vigorous,False,False,False,https://pacompendium.com/sports
adult_15135,adult,Thể thao,Sports,"Trẻ em’s trò chơi, adults chơi (ví dụ: hopscotch, 4-square, dodge bóng, playground apparatus, t-bóng, tetherball, marbles, jacks, arcade trò chơi), cường độ vừa","Children’s games, adults playing (e.g., hopscotch, 4-square, dodge ball, playground apparatus, t-ball, tetherball, marbles, jacks, arcade games), moderate effort",5.8,MET,3.5,ml/kg/min,moderate,True,False,False,https://pacompendium.com/sports
adult_15138,adult,Thể thao,Sports,"Cheerleading, gymnastic moves, thi đấu","Cheerleading, gymnastic moves, competitive",6.0,MET,3.5,ml/kg/min,vigorous,False,False,False,https://pacompendium.com/sports
adult_15140,adult,Thể thao,Sports,"Huấn luyện, bóng đá / bóng bầu dục, bóng đá, bóng rổ, bóng chày, bơi lội, v.v.","Coaching, football, soccer, basketball, baseball, swimming, etc.",4.0,MET,3.5,ml/kg/min,moderate,True,False,False,https://pacompendium.com/sports
adult_15142,adult,Thể thao,Sports,Huấn luyện và trực tiếp chơi thể thao cùng người tập,"Coaching, actively playing sport with players",8.0,MET,3.5,ml/kg/min,vigorous,False,False,False,https://pacompendium.com/sports
adult_15150,adult,Thể thao,Sports,"Cricket, batting, bowling, fielding","Cricket, batting, bowling, fielding",4.8,MET,3.5,ml/kg/min,moderate,True,False,False,https://pacompendium.com/sports
adult_15160,adult,Thể thao,Sports,Croquet,Croquet,3.3,MET,3.5,ml/kg/min,moderate,True,False,False,https://pacompendium.com/sports
adult_15170,adult,Thể thao,Sports,Curling,Curling,4.0,MET,3.5,ml/kg/min,moderate,True,False,False,https://pacompendium.com/sports
adult_15180,adult,Thể thao,Sports,"Darts, wall hoặc vườn","Darts, wall or lawn",2.5,MET,3.5,ml/kg/min,light,True,False,False,https://pacompendium.com/sports
adult_15190,adult,Thể thao,Sports,"Drag đua, đẩy hoặc lái xe một ô tô","Drag racing, pushing or driving a car",6.0,MET,3.5,ml/kg/min,vigorous,False,False,False,https://pacompendium.com/sports
adult_15192,adult,Thể thao,Sports,"Ô tô đua, mở bánh xe","Auto racing, open wheel",8.5,MET,3.5,ml/kg/min,vigorous,False,False,False,https://pacompendium.com/sports
adult_15195,adult,Thể thao,Sports,Futsal,Futsal,7.8,MET,3.5,ml/kg/min,vigorous,False,False,False,https://pacompendium.com/sports
adult_15200,adult,Thể thao,Sports,"Đấu kiếm, thông thường","Fencing, general",6.0,MET,3.5,ml/kg/min,vigorous,False,False,False,https://pacompendium.com/sports
adult_15203,adult,Thể thao,Sports,"Đấu kiếm, epee, thi đấu","Fencing, epee, competitive",9.8,MET,3.5,ml/kg/min,vigorous,False,False,False,https://pacompendium.com/sports
adult_15205,adult,Thể thao,Sports,Floorball,Floorball,10.5,MET,3.5,ml/kg/min,vigorous,False,False,False,https://pacompendium.com/sports
adult_15210,adult,Thể thao,Sports,"Bóng đá / bóng bầu dục, thi đấu","Football, competitive",8.0,MET,3.5,ml/kg/min,vigorous,False,False,False,https://pacompendium.com/sports
adult_15230,adult,Thể thao,Sports,"Bóng đá / bóng bầu dục, kiểu chạm/giật cờ, thông thường (Taylor Code 510)","Football, touch, flag, general (Taylor Code 510)",8.0,MET,3.5,ml/kg/min,vigorous,False,False,False,https://pacompendium.com/sports
adult_15232,adult,Thể thao,Sports,"Bóng đá / bóng bầu dục, kiểu chạm/giật cờ, cường độ nhẹ","Football, touch, flag, light effort",4.0,MET,3.5,ml/kg/min,moderate,True,False,False,https://pacompendium.com/sports
adult_15235,adult,Thể thao,Sports,"Bóng đá / bóng bầu dục hoặc bóng chày, chơi catch","Football or baseball, playing catch",2.5,MET,3.5,ml/kg/min,light,True,False,False,https://pacompendium.com/sports
adult_15240,adult,Thể thao,Sports,"Chơi ném đĩa, thông thường","Frisbee playing, general",3.0,MET,3.5,ml/kg/min,moderate,True,False,False,https://pacompendium.com/sports
adult_15250,adult,Thể thao,Sports,"Frisbee, ultimate","Frisbee, ultimate",8.0,MET,3.5,ml/kg/min,vigorous,False,False,False,https://pacompendium.com/sports
adult_15252,adult,Thể thao,Sports,Frisbee golf,Frisbee golf,3.8,MET,3.5,ml/kg/min,moderate,True,False,False,https://pacompendium.com/sports
adult_15255,adult,Thể thao,Sports,"Golf, thông thường","Golf, general",4.5,MET,3.5,ml/kg/min,moderate,True,False,False,https://pacompendium.com/sports
adult_15265,adult,Thể thao,Sports,"Golf, đi bộ, mang bộ gậy","Golf, walking, carrying clubs",4.3,MET,3.5,ml/kg/min,moderate,True,False,False,https://pacompendium.com/sports
adult_15270,adult,Thể thao,Sports,"Golf, miniature, lái xe range","Golf, miniature, driving range",3.5,MET,3.5,ml/kg/min,moderate,True,False,False,https://pacompendium.com/sports
adult_15285,adult,Thể thao,Sports,"Golf, đi bộ, kéo clubs","Golf, walking, pulling clubs",4.5,MET,3.5,ml/kg/min,moderate,True,False,False,https://pacompendium.com/sports
adult_15290,adult,Thể thao,Sports,"Golf, sử dụng công suất xe đẩy (Taylor Code 070)","Golf, using power cart (Taylor Code 070)",3.5,MET,3.5,ml/kg/min,moderate,True,False,False,https://pacompendium.com/sports
adult_15300,adult,Thể thao,Sports,"Gymnastics, thông thường","Gymnastics, general",3.8,MET,3.5,ml/kg/min,moderate,True,False,False,https://pacompendium.com/sports
adult_15310,adult,Thể thao,Sports,Hacky sack,Hacky sack,4.0,MET,3.5,ml/kg/min,moderate,True,False,False,https://pacompendium.com/sports
adult_15320,adult,Thể thao,Sports,"Bóng ném, thông thường (Taylor Code 520)","Handball, general (Taylor Code 520)",12.0,MET,3.5,ml/kg/min,vigorous,False,False,False,https://pacompendium.com/sports
adult_15330,adult,Thể thao,Sports,"Bóng ném, đội","Handball, team",8.0,MET,3.5,ml/kg/min,vigorous,False,False,False,https://pacompendium.com/sports
adult_15335,adult,Thể thao,Sports,"Đường thử thách dây trên cao, nhiều hạng mục","High ropes course, multiple elements",4.0,MET,3.5,ml/kg/min,moderate,True,False,False,https://pacompendium.com/sports
adult_15340,adult,Thể thao,Sports,Treo gliding,Hang gliding,3.5,MET,3.5,ml/kg/min,moderate,True,False,False,https://pacompendium.com/sports
adult_15350,adult,Thể thao,Sports,"Khúc côn cầu, ngoài hiện trường","Hockey, field",7.8,MET,3.5,ml/kg/min,vigorous,False,False,False,https://pacompendium.com/sports
adult_15360,adult,Thể thao,Sports,"Khúc côn cầu, băng, thông thường","Hockey, ice, general",8.0,MET,3.5,ml/kg/min,vigorous,False,False,False,https://pacompendium.com/sports
adult_15362,adult,Thể thao,Sports,"Khúc côn cầu, băng, thi đấu","Hockey, ice, competitive",10.0,MET,3.5,ml/kg/min,vigorous,False,False,False,https://pacompendium.com/sports
adult_15370,adult,Thể thao,Sports,"Cưỡi ngựa, thông thường","Horseback riding, general",5.5,MET,3.5,ml/kg/min,moderate,True,False,False,https://pacompendium.com/sports
adult_15380,adult,Thể thao,Sports,"Chăm sóc/vệ sinh ngựa, maintenance, saddling công việc","Horse grooming, maintenance, saddling tasks",4.5,MET,3.5,ml/kg/min,moderate,True,False,False,https://pacompendium.com/sports
adult_15390,adult,Thể thao,Sports,"Cưỡi ngựa, trotting","Horseback riding, trotting",5.8,MET,3.5,ml/kg/min,moderate,True,False,False,https://pacompendium.com/sports
adult_15395,adult,Thể thao,Sports,"Cưỡi ngựa, canter hoặc gallop","Horseback riding, canter or gallop",7.3,MET,3.5,ml/kg/min,vigorous,False,False,False,https://pacompendium.com/sports
adult_15400,adult,Thể thao,Sports,"Cưỡi ngựa, đi bộ","Horseback riding, walking",3.8,MET,3.5,ml/kg/min,moderate,True,False,False,https://pacompendium.com/sports
adult_15402,adult,Thể thao,Sports,"Cưỡi ngựa, nhảy","Horseback riding, jumping",9.0,MET,3.5,ml/kg/min,vigorous,False,False,False,https://pacompendium.com/sports
adult_15403,adult,Thể thao,Sports,"Cưỡi ngựa, reining","Horseback riding, reining",6.0,MET,3.5,ml/kg/min,vigorous,False,False,False,https://pacompendium.com/sports
adult_15406,adult,Thể thao,Sports,"Cưỡi ngựa, simulator","Horseback riding, simulator",2.1,MET,3.5,ml/kg/min,light,True,False,False,https://pacompendium.com/sports
adult_15408,adult,Thể thao,Sports,"Ngựa xe đẩy, lái xe, đứng hoặc ngồi","Horse cart, driving, standing or sitting",1.8,MET,3.5,ml/kg/min,light,True,False,False,https://pacompendium.com/sports
adult_15410,adult,Thể thao,Sports,"Ném móng ngựa, ném vòng","Horseshoe pitching, quoits",3.0,MET,3.5,ml/kg/min,moderate,True,False,False,https://pacompendium.com/sports
adult_15420,adult,Thể thao,Sports,Jai alai,Jai alai,12.0,MET,3.5,ml/kg/min,vigorous,False,False,False,https://pacompendium.com/sports
adult_15425,adult,Thể thao,Sports,"Võ thuật, nhiều loại, tốc độ chậm hơn, người mới tập, luyện tập","Martial Arts, different types, slower pace, novice performers, practice",5.3,MET,3.5,ml/kg/min,moderate,True,False,False,https://pacompendium.com/sports
adult_15430,adult,Thể thao,Sports,"Võ thuật, nhiều loại, tốc độ vừa (ví dụ: judo, jujitsu, karate, kick quyền Anh, tae kwon do, tai-bo, Muay Thai quyền Anh)","Martial Arts, different types, moderate pace (e.g., judo, jujitsu, karate, kick boxing, tae kwon do, tai-bo, Muay Thai boxing)",10.3,MET,3.5,ml/kg/min,vigorous,False,False,False,https://pacompendium.com/sports
adult_15432,adult,Thể thao,Sports,"Taekwondo, mô phỏng đối kháng","Taekwondo, combat simulation",14.3,MET,3.5,ml/kg/min,vigorous,False,False,False,https://pacompendium.com/sports
adult_15433,adult,Thể thao,Sports,Judo,Judo,11.3,MET,3.5,ml/kg/min,vigorous,False,False,False,https://pacompendium.com/sports
adult_15440,adult,Thể thao,Sports,Juggling,Juggling,4.0,MET,3.5,ml/kg/min,moderate,True,False,False,https://pacompendium.com/sports
adult_15444,adult,Thể thao,Sports,"Kendo, kihon-keiko phong cách, cường độ vừa","Kendo, kihon-keiko style, moderate intensity",6.5,MET,3.5,ml/kg/min,vigorous,False,False,False,https://pacompendium.com/sports
adult_15445,adult,Thể thao,Sports,"Kendo, kirikaeshi phong cách, cường độ cao","Kendo, kirikaeshi style, high intensity",9.6,MET,3.5,ml/kg/min,vigorous,False,False,False,https://pacompendium.com/sports
adult_15446,adult,Thể thao,Sports,"Kendo, kakari keiko phong cách, rất cường độ cao","Kendo, kakari keiko style, very high intensity",11.3,MET,3.5,ml/kg/min,vigorous,False,False,False,https://pacompendium.com/sports
adult_15450,adult,Thể thao,Sports,Kickball,Kickball,7.0,MET,3.5,ml/kg/min,vigorous,False,False,False,https://pacompendium.com/sports
adult_15455,adult,Thể thao,Sports,Kung Fu Gymnastics,Kung Fu Gymnastics,5.5,MET,3.5,ml/kg/min,moderate,True,False,False,https://pacompendium.com/sports
adult_15457,adult,Thể thao,Sports,Kickboxing,Kickboxing,7.3,MET,3.5,ml/kg/min,vigorous,False,False,False,https://pacompendium.com/sports
adult_15460,adult,Thể thao,Sports,Lacrosse,Lacrosse,8.0,MET,3.5,ml/kg/min,vigorous,False,False,False,https://pacompendium.com/sports
adult_15465,adult,Thể thao,Sports,"Vườn bowling, bocce bóng, ngoài trời","Lawn bowling, bocce ball, outdoor",3.3,MET,3.5,ml/kg/min,moderate,True,False,False,https://pacompendium.com/sports
adult_15470,adult,Thể thao,Sports,"Motocross, môn mô tô địa hình, xe địa hình, thông thường","Motocross, off-road motor sports, all-terrain vehicle, general",4.0,MET,3.5,ml/kg/min,moderate,True,False,False,https://pacompendium.com/sports
adult_15475,adult,Thể thao,Sports,"Xe máy đua, Supormoto đua","Motorcycle racing, Supormoto racing",5.3,MET,3.5,ml/kg/min,moderate,True,False,False,https://pacompendium.com/sports
adult_15477,adult,Thể thao,Sports,Netball,Netball,7.0,MET,3.5,ml/kg/min,vigorous,False,False,False,https://pacompendium.com/sports
adult_15480,adult,Thể thao,Sports,Orienteering,Orienteering,9.0,MET,3.5,ml/kg/min,vigorous,False,False,False,https://pacompendium.com/sports
adult_15490,adult,Thể thao,Sports,"Paddleball, thi đấu","Paddleball, competitive",10.0,MET,3.5,ml/kg/min,vigorous,False,False,False,https://pacompendium.com/sports
adult_15500,adult,Thể thao,Sports,"Paddleball, giải trí, thông thường (Taylor Code 460)","Paddleball, casual, general (Taylor Code 460)",6.0,MET,3.5,ml/kg/min,vigorous,False,False,False,https://pacompendium.com/sports
adult_15503,adult,Thể thao,Sports,"Paragliding, vừa altitude","Paragliding, moderate altitude",1.8,MET,3.5,ml/kg/min,light,True,False,False,https://pacompendium.com/sports
adult_15506,adult,Thể thao,Sports,Prusik leo núi,Prusik climbing,6.5,MET,3.5,ml/kg/min,vigorous,False,False,False,https://pacompendium.com/sports
adult_15510,adult,Thể thao,Sports,"Polo, trên cưỡi ngựa","Polo, on horseback",8.0,MET,3.5,ml/kg/min,vigorous,False,False,False,https://pacompendium.com/sports
adult_15520,adult,Thể thao,Sports,"Racquetball, thi đấu","Racquetball, competitive",10.0,MET,3.5,ml/kg/min,vigorous,False,False,False,https://pacompendium.com/sports
adult_15525,adult,Thể thao,Sports,"Đua đi bộ, 3.1 m/s (6.9 mph)","Race Walking, 3.1 m/s (6.9 mph)",10.3,MET,3.5,ml/kg/min,vigorous,False,False,False,https://pacompendium.com/sports
adult_15527,adult,Thể thao,Sports,"Đua đi bộ, 3.7 m/s (8.3 mph)","Race Walking, 3.7 m/s (8.3 mph)",13.8,MET,3.5,ml/kg/min,vigorous,False,False,False,https://pacompendium.com/sports
adult_15528,adult,Thể thao,Sports,"Đua đi bộ, đua tốc độ, 4.0 m/s (8.95 mph)","Race Walking, racing speed, 4.0 m/s (8.95 mph)",15.5,MET,3.5,ml/kg/min,vigorous,False,False,False,https://pacompendium.com/sports
adult_15530,adult,Thể thao,Sports,"Racquetball, thông thường (Taylor Code 470)","Racquetball, general (Taylor Code 470)",7.0,MET,3.5,ml/kg/min,vigorous,False,False,False,https://pacompendium.com/sports
adult_15533,adult,Thể thao,Sports,Leo núi đá hoặc địa hình núi (Taylor Code 060; trước đây là code 17120),"Rock or mountain climbing (Taylor Code 060), (formerly code 17120)",8.0,MET,3.5,ml/kg/min,vigorous,False,False,False,https://pacompendium.com/sports
adult_15534,adult,Thể thao,Sports,"Leo núi đá, free boulder","Rock climbing, free boulder",8.8,MET,3.5,ml/kg/min,vigorous,False,False,False,https://pacompendium.com/sports
adult_15535,adult,Thể thao,Sports,"Leo núi đá, leo lên vách đá, độ khó cao","Rock climbing, ascending rock, high difficulty",7.3,MET,3.5,ml/kg/min,vigorous,False,False,False,https://pacompendium.com/sports
adult_15536,adult,Thể thao,Sports,"Leo núi đá, tốc độ leo núi, rất difficult","Rock climbing, speed climbing, very difficult",10.5,MET,3.5,ml/kg/min,vigorous,False,False,False,https://pacompendium.com/sports
adult_15537,adult,Thể thao,Sports,"Leo núi đá, leo lên hoặc di chuyển ngang vách đá, độ khó thấp đến vừa","Rock climbing, ascending or traversing rock, low-to-moderate difficulty",5.8,MET,3.5,ml/kg/min,moderate,True,False,False,https://pacompendium.com/sports
adult_15538,adult,Thể thao,Sports,"Leo núi đá, treadwall, 4-6 m/phút","Rock climbing, treadwall, 4-6 m/min",10.5,MET,3.5,ml/kg/min,vigorous,False,False,False,https://pacompendium.com/sports
adult_15539,adult,Thể thao,Sports,"Leo núi đá, treadwall, 7-10 m/phút","Rock climbing, treadwall, 7-10 m/min",10.5,MET,3.5,ml/kg/min,vigorous,False,False,False,https://pacompendium.com/sports
adult_15540,adult,Thể thao,Sports,"Leo núi đá, rappelling","Rock climbing, rappelling,",5.0,MET,3.5,ml/kg/min,moderate,True,False,False,https://pacompendium.com/sports
adult_15542,adult,Thể thao,Sports,"Thể thao rodeo, thông thường, cường độ nhẹ","Rodeo sports, general, light effort",4.0,MET,3.5,ml/kg/min,moderate,True,False,False,https://pacompendium.com/sports
adult_15544,adult,Thể thao,Sports,"Thể thao rodeo, thông thường, cường độ vừa","Rodeo sports, general, moderate effort",5.5,MET,3.5,ml/kg/min,moderate,True,False,False,https://pacompendium.com/sports
adult_15546,adult,Thể thao,Sports,"Thể thao rodeo, thông thường, cường độ cao","Rodeo sports, general, vigorous effort",7.0,MET,3.5,ml/kg/min,vigorous,False,False,False,https://pacompendium.com/sports
adult_15550,adult,Thể thao,Sports,"Dây nhảy, tốc độ nhanh, 120-160 lần nhảy/phút","Rope jumping, fast pace, 120-160 skips/min",12.3,MET,3.5,ml/kg/min,vigorous,False,False,False,https://pacompendium.com/sports
adult_15551,adult,Thể thao,Sports,"Dây nhảy, tốc độ vừa, thông thường, 100–120 lần nhảy/phút, 2 foot skip, plain bounce","Rope jumping, moderate pace, general, 100 to 120 skips/min, 2 foot skip, plain bounce",11.8,MET,3.5,ml/kg/min,vigorous,False,False,False,https://pacompendium.com/sports
adult_15552,adult,Thể thao,Sports,"Dây nhảy, tốc độ chậm, < 100 lần nhảy/phút, 2 foot skip, rhythm bounce","Rope jumping, slow pace, < 100 skips/min, 2 foot skip, rhythm bounce",8.3,MET,3.5,ml/kg/min,vigorous,False,False,False,https://pacompendium.com/sports
adult_15554,adult,Thể thao,Sports,"Dây nhảy, đôi under hoặc hơn","Rope jumping, double under or more",10.0,MET,3.5,ml/kg/min,vigorous,False,False,False,https://pacompendium.com/sports
adult_15560,adult,Thể thao,Sports,"Rugby, union, đội, thi đấu","Rugby, union, team, competitive",8.3,MET,3.5,ml/kg/min,vigorous,False,False,False,https://pacompendium.com/sports
adult_15562,adult,Thể thao,Sports,"Rugby, chạm, non-thi đấu","Rugby, touch, non-competitive",6.3,MET,3.5,ml/kg/min,vigorous,False,False,False,https://pacompendium.com/sports
adult_15570,adult,Thể thao,Sports,Shuffleboard,Shuffleboard,3.0,MET,3.5,ml/kg/min,moderate,True,False,False,https://pacompendium.com/sports
adult_15580,adult,Thể thao,Sports,"Skateboarding, thông thường, cường độ vừa","Skateboarding, general, moderate effort",5.0,MET,3.5,ml/kg/min,moderate,True,False,False,https://pacompendium.com/sports
adult_15582,adult,Thể thao,Sports,"Skateboarding, thi đấu, cường độ cao","Skateboarding, competitive, vigorous effort",6.0,MET,3.5,ml/kg/min,vigorous,False,False,False,https://pacompendium.com/sports
adult_15590,adult,Thể thao,Sports,"Trượt băng / patin, con lăn (Taylor Code 360)","Skating, roller (Taylor Code 360)",7.0,MET,3.5,ml/kg/min,vigorous,False,False,False,https://pacompendium.com/sports
adult_15591,adult,Thể thao,Sports,"Trượt patin, trượt patin, 14.4 km/h (9.0 mph), giải trí tốc độ","Roller blading, in-line skating, 14.4 km/h (9.0 mph), recreational pace",7.5,MET,3.5,ml/kg/min,vigorous,False,False,False,https://pacompendium.com/sports
adult_15592,adult,Thể thao,Sports,"Trượt patin, trượt patin, 17.7 km/h (11.0 mph), tốc độ vừa, tập luyện tập luyện","Roller blading, in-line skating, 17.7 km/h (11.0 mph), moderate pace, exercise training",9.8,MET,3.5,ml/kg/min,vigorous,False,False,False,https://pacompendium.com/sports
adult_15593,adult,Thể thao,Sports,"Trượt patin, trượt patin, 21.0–21.7 km/h (13.0–13.6 mph), tốc độ nhanh, tập luyện tập luyện","Roller blading, in-line skating, 21.0 to 21.7 km/h (13.0 to 13.6 mph), fast pace, exercise training",12.3,MET,3.5,ml/kg/min,vigorous,False,False,False,https://pacompendium.com/sports
adult_15594,adult,Thể thao,Sports,"Rollerblading, trượt patin, 24.0 km/h (15.0 mph), maximal nỗ lực","Rollerblading, in-line skating, 24.0 km/h (15.0 mph), maximal effort",15.5,MET,3.5,ml/kg/min,vigorous,False,False,False,https://pacompendium.com/sports
adult_15595,adult,Thể thao,Sports,"Trượt ván, ván trượt dài, 13.3 km/h, tốc độ chậm","Skateboard, longboard, 13.3 km/h, slow speed",6.8,MET,3.5,ml/kg/min,vigorous,False,False,False,https://pacompendium.com/sports
adult_15596,adult,Thể thao,Sports,"Trượt ván, ván trượt dài, 16.2 km/h, tốc độ thông thường","Skateboard, longboard, 16.2 km/h, typical speed",8.3,MET,3.5,ml/kg/min,vigorous,False,False,False,https://pacompendium.com/sports
adult_15597,adult,Thể thao,Sports,"Trượt ván, ván trượt dài, 18.4 km/h, tốc độ nhanh","Skateboard, longboard, 18.4 km/h, fast speed",10.5,MET,3.5,ml/kg/min,vigorous,False,False,False,https://pacompendium.com/sports
adult_15600,adult,Thể thao,Sports,"Nhảy dù, BASE nhảy và nhảy bungee","Skydiving, base-jumping, bungee jumping",3.5,MET,3.5,ml/kg/min,moderate,True,False,False,https://pacompendium.com/sports
adult_15605,adult,Thể thao,Sports,"Bóng đá, thi đấu","Soccer, competitive",9.5,MET,3.5,ml/kg/min,vigorous,False,False,False,https://pacompendium.com/sports
adult_15610,adult,Thể thao,Sports,"Bóng đá, giải trí, thông thường (Taylor Code 540)","Soccer, casual, general (Taylor Code 540)",7.0,MET,3.5,ml/kg/min,vigorous,False,False,False,https://pacompendium.com/sports
adult_15615,adult,Thể thao,Sports,Đi bộ bóng đá / bóng bầu dục/bóng đá,Walking football/soccer,3.5,MET,3.5,ml/kg/min,moderate,True,False,False,https://pacompendium.com/sports
adult_15620,adult,Thể thao,Sports,"Bóng mềm hoặc bóng chày, nhanh hoặc chậm pitch, thông thường, cường độ vừa (Taylor Code 440)","Softball or baseball, fast or slow pitch, general, moderate effort (Taylor Code 440)",5.0,MET,3.5,ml/kg/min,moderate,True,False,False,https://pacompendium.com/sports
adult_15625,adult,Thể thao,Sports,"Bóng mềm, luyện tập","Softball, practice",4.0,MET,3.5,ml/kg/min,moderate,True,False,False,https://pacompendium.com/sports
adult_15630,adult,Thể thao,Sports,"Bóng mềm, làm trọng tài","Softball, officiating",4.0,MET,3.5,ml/kg/min,moderate,True,False,False,https://pacompendium.com/sports
adult_15640,adult,Thể thao,Sports,"Bóng mềm, ném","Softball, pitching",6.0,MET,3.5,ml/kg/min,vigorous,False,False,False,https://pacompendium.com/sports
adult_15645,adult,Thể thao,Sports,"Khán giả xem thể thao, rất phấn khích, cảm xúc, về thể chất di chuyển","Sports spectator, very excited, emotional, physically moving",3.3,MET,3.5,ml/kg/min,moderate,True,False,False,https://pacompendium.com/sports
adult_15650,adult,Thể thao,Sports,Squash (Taylor Code 530),Squash (Taylor Code 530),12.0,MET,3.5,ml/kg/min,vigorous,False,False,False,https://pacompendium.com/sports
adult_15652,adult,Thể thao,Sports,"Squash, thông thường","Squash, general",7.3,MET,3.5,ml/kg/min,vigorous,False,False,False,https://pacompendium.com/sports
adult_15660,adult,Thể thao,Sports,"Bóng bàn, ping pong (Taylor Code 410)","Table tennis, ping pong (Taylor Code 410)",4.0,MET,3.5,ml/kg/min,moderate,True,False,False,https://pacompendium.com/sports
adult_15670,adult,Thể thao,Sports,"Thái cực quyền, qi gong, thông thường","Tai chi, qi gong, general",3.3,MET,3.5,ml/kg/min,moderate,True,False,False,https://pacompendium.com/sports
adult_15672,adult,Thể thao,Sports,"Thái cực quyền, qi gong, ngồi, cường độ nhẹ","Tai chi, qi gong, sitting, light effort",1.5,MET,3.5,ml/kg/min,sedentary,True,False,False,https://pacompendium.com/sports
adult_15674,adult,Thể thao,Sports,"Thái cực quyền chuan, Yang phong cách","Tai chi chuan, Yang style",6.0,MET,3.5,ml/kg/min,vigorous,False,False,False,https://pacompendium.com/sports
adult_15675,adult,Thể thao,Sports,"Quần vợt, thông thường, cường độ vừa","Tennis, general, moderate effort",6.8,MET,3.5,ml/kg/min,vigorous,False,False,False,https://pacompendium.com/sports
adult_15676,adult,Thể thao,Sports,"Quần vợt, thông thường, thi đấu","Tennis, general, competitive",8.0,MET,3.5,ml/kg/min,vigorous,False,False,False,https://pacompendium.com/sports
adult_15680,adult,Thể thao,Sports,Quần vợt đôi (Taylor Code 430),"Tennis, doubles (Taylor Code 430)",6.0,MET,3.5,ml/kg/min,vigorous,False,False,False,https://pacompendium.com/sports
adult_15685,adult,Thể thao,Sports,Quần vợt đôi,"Tennis, doubles",4.5,MET,3.5,ml/kg/min,moderate,True,False,False,https://pacompendium.com/sports
adult_15690,adult,Thể thao,Sports,Quần vợt đơn (Taylor Code 420),"Tennis, singles (Taylor Code 420)",8.0,MET,3.5,ml/kg/min,vigorous,False,False,False,https://pacompendium.com/sports
adult_15695,adult,Thể thao,Sports,"Quần vợt, đánh bóng, tập đánh bóng, không thi đấu, cường độ vừa","Tennis, hitting balls, non-game play, moderate effort",5.0,MET,3.5,ml/kg/min,moderate,True,False,False,https://pacompendium.com/sports
adult_15700,adult,Thể thao,Sports,"Trampoline, giải trí","Trampoline, recreational",6.3,MET,3.5,ml/kg/min,vigorous,False,False,False,https://pacompendium.com/sports
adult_15702,adult,Thể thao,Sports,"Trampoline, thi đấu","Trampoline, competitive",10.3,MET,3.5,ml/kg/min,vigorous,False,False,False,https://pacompendium.com/sports
adult_15710,adult,Thể thao,Sports,Bóng chuyền (Taylor Code 400),Volleyball (Taylor Code 400),4.0,MET,3.5,ml/kg/min,moderate,True,False,False,https://pacompendium.com/sports
adult_15711,adult,Thể thao,Sports,"Bóng chuyền, thi đấu, trong gymnasium","Volleyball, competitive, in gymnasium",6.0,MET,3.5,ml/kg/min,vigorous,False,False,False,https://pacompendium.com/sports
adult_15720,adult,Thể thao,Sports,"Bóng chuyền, non-thi đấu, 6 – 9 member đội, thông thường","Volleyball, non-competitive, 6 – 9 member team, general",3.0,MET,3.5,ml/kg/min,moderate,True,False,False,https://pacompendium.com/sports
adult_15725,adult,Thể thao,Sports,"Bóng chuyền bãi biển, chơi trên cát","Volleyball, beach, in sand",8.0,MET,3.5,ml/kg/min,vigorous,False,False,False,https://pacompendium.com/sports
adult_15730,adult,Thể thao,Sports,"Wrestling, thi đấu (one match = 5 phút)","Wrestling, competitive (one match = 5 minutes)",6.0,MET,3.5,ml/kg/min,vigorous,False,False,False,https://pacompendium.com/sports
adult_15731,adult,Thể thao,Sports,"Wallyball, thông thường","Wallyball, general",7.0,MET,3.5,ml/kg/min,vigorous,False,False,False,https://pacompendium.com/sports
adult_15732,adult,Thể thao,Sports,"Điền kinh (ví dụ: đẩy tạ, ném đĩa, ném búa)","Track and field (e.g., shot, discus, hammer throw)",4.0,MET,3.5,ml/kg/min,moderate,True,False,False,https://pacompendium.com/sports
adult_15733,adult,Thể thao,Sports,"Điền kinh (ví dụ: nhảy cao, nhảy xa, nhảy ba bước, ném lao, nhảy sào)","Track and field (e.g., high jump, long jump, triple jump, javelin, pole vault)",6.0,MET,3.5,ml/kg/min,vigorous,False,False,False,https://pacompendium.com/sports
adult_15734,adult,Thể thao,Sports,"Điền kinh (ví dụ: chạy vượt chướng ngại vật, chạy vượt rào)","Track and field (e.g., steeplechase, hurdles)",10.0,MET,3.5,ml/kg/min,vigorous,False,False,False,https://pacompendium.com/sports
adult_16002,adult,Di chuyển / phương tiện giao thông,Transportation,"Đạp xe để di chuyển, cường độ vừa","Bicycling for transportation, moderate effort",6.8,MET,3.5,ml/kg/min,vigorous,False,False,False,https://pacompendium.com/transportation
adult_16004,adult,Di chuyển / phương tiện giao thông,Transportation,"Đạp xe để di chuyển, cường độ cao","Bicycling for transportation, high effort",9.3,MET,3.5,ml/kg/min,vigorous,False,False,False,https://pacompendium.com/transportation
adult_16005,adult,Di chuyển / phương tiện giao thông,Transportation,Xe đạp điện trợ lực (có trợ lực điện) cho transportation,E-bike (electrically assisted) for transportation,6.8,MET,3.5,ml/kg/min,vigorous,False,False,False,https://pacompendium.com/transportation
adult_16010,adult,Di chuyển / phương tiện giao thông,Transportation,Ô tô hoặc nhẹ xe tải (không một semi) lái xe,Automobile or light truck (not a semi) driving,2.0,MET,3.5,ml/kg/min,light,True,False,False,https://pacompendium.com/transportation
adult_16015,adult,Di chuyển / phương tiện giao thông,Transportation,Cưỡi/đi trong một ô tô hoặc xe tải,Riding in a car or truck,1.3,MET,3.5,ml/kg/min,sedentary,True,False,False,https://pacompendium.com/transportation
adult_16016,adult,Di chuyển / phương tiện giao thông,Transportation,Cưỡi/đi trong một xe buýt hoặc train,Riding in a bus or train,1.3,MET,3.5,ml/kg/min,sedentary,True,False,False,https://pacompendium.com/transportation
adult_16020,adult,Di chuyển / phương tiện giao thông,Transportation,Lái/đi máy bay hoặc trực thăng,Flying airplane or helicoptor,1.8,MET,3.5,ml/kg/min,light,True,False,False,https://pacompendium.com/transportation
adult_16030,adult,Di chuyển / phương tiện giao thông,Transportation,"Xe tay ga, xe máy","Motor scooter, motorcycle",2.8,MET,3.5,ml/kg/min,light,True,False,False,https://pacompendium.com/transportation
adult_16035,adult,Di chuyển / phương tiện giao thông,Transportation,Kéo rickshaw,Pulling rickshaw,6.3,MET,3.5,ml/kg/min,vigorous,False,False,False,https://pacompendium.com/transportation
adult_16040,adult,Di chuyển / phương tiện giao thông,Transportation,Đẩy máy bay vào/ra nhà chứa máy bay,Pushing plane in and out of hangar,6.0,MET,3.5,ml/kg/min,vigorous,False,False,False,https://pacompendium.com/transportation
adult_16050,adult,Di chuyển / phương tiện giao thông,Transportation,"Xe tải, semi, máy kéo, ≥1 ton, hoặc xe buýt, lái xe","Truck, semi, tractor, ≥1 ton, or bus, driving",2.5,MET,3.5,ml/kg/min,light,True,False,False,https://pacompendium.com/transportation
adult_16060,adult,Di chuyển / phương tiện giao thông,Transportation,"Đi bộ để di chuyển, 2.8-3.2 mph, đường bằng, tốc độ vừa, bề mặt chắc chắn","Walking for transportation, 2.8-3.2 mph, level, moderate pace, firm surface",3.5,MET,3.5,ml/kg/min,moderate,True,False,False,https://pacompendium.com/transportation
adult_17010,adult,Đi bộ,Walking,Đi bộ mang ba lô (Taylor Code 050),Backpacking (Taylor Code 050),7.0,MET,3.5,ml/kg/min,vigorous,False,False,False,https://pacompendium.com/walking
adult_17011,adult,Đi bộ,Walking,"Đi bộ với một day đóng gói, địa hình bằng phẳng, assumed trong city","Walking with a day pack, level ground, assumed in the city",3.5,MET,3.5,ml/kg/min,moderate,True,False,False,https://pacompendium.com/walking
adult_17012,adult,Đi bộ,Walking,"Đi bộ mang ba lô, đi bộ đường dài với một ba lô nhỏ, đi bộ theo nhóm/tổ chức với ba lô nhỏ","Backpacking, hiking with a daypack, organized walking with daypack",7.8,MET,3.5,ml/kg/min,vigorous,False,False,False,https://pacompendium.com/walking
adult_17016,adult,Đi bộ,Walking,"Mang vác 5–14 lb (2.3–6.4 kg) tải (ví dụ vali, thùng / hộp, đồ tạp hóa), địa hình bằng phẳng, tốc độ vừa","Carrying 5 to 14 lb (2.3 to 6.4 kg) load (e.g. suitcase, boxes, groceries), level ground, moderate pace",4.0,MET,3.5,ml/kg/min,moderate,True,False,False,https://pacompendium.com/walking
adult_17018,adult,Đi bộ,Walking,"Mang vác 15 – 155 lb (6.8 – 70.4 kg) tải (ví dụ vali, thùng / hộp, đồ nội thất), địa hình bằng phẳng hoặc xuống cầu thang, tốc độ chậm","Carrying 15 – 155 lb (6.8 – 70.4 kg) load (e.g. suitcase, boxes, furniture), level ground or downstairs, slow pace",4.5,MET,3.5,ml/kg/min,moderate,True,False,False,https://pacompendium.com/walking
adult_17019,adult,Đi bộ,Walking,"Mang vác 50–150 pound tải (ví dụ: equine hoặc bovine thức ăn, hàng rào pipes, đồ nội thất), địa hình bằng phẳng, tốc độ vừa","Carrying 50 to 150 pound load (e.g., equine or bovine feed, fence pipes, furniture), level ground, moderate pace",6.5,MET,3.5,ml/kg/min,vigorous,False,False,False,https://pacompendium.com/walking
adult_17021,adult,Đi bộ,Walking,"Mang vác ~10 lb trẻ em, chậm đi bộ","Carrying ~10 lb child, slow walking",2.3,MET,3.5,ml/kg/min,light,True,False,False,https://pacompendium.com/walking
adult_17025,adult,Đi bộ,Walking,"Mang vác tải lên cầu thang, thông thường","Carrying load upstairs, general",8.3,MET,3.5,ml/kg/min,vigorous,False,False,False,https://pacompendium.com/walking
adult_17026,adult,Đi bộ,Walking,"Mang vác tải, 1–15 lb tải, lên cầu thang","Carrying load, 1 to 15 lb load, upstairs",5.5,MET,3.5,ml/kg/min,moderate,True,False,False,https://pacompendium.com/walking
adult_17027,adult,Đi bộ,Walking,"Mang vác tải, 16–24 lb tải, lên cầu thang","Carrying load, 16 to 24 lb load, upstairs",6.0,MET,3.5,ml/kg/min,vigorous,False,False,False,https://pacompendium.com/walking
adult_17028,adult,Đi bộ,Walking,"Mang vác tải, 25–49 lb tải, lên cầu thang","Carrying load, 25 to 49 lb load, upstairs",8.0,MET,3.5,ml/kg/min,vigorous,False,False,False,https://pacompendium.com/walking
adult_17029,adult,Đi bộ,Walking,"Mang vác tải, 50–74 lb tải, lên cầu thang","Carrying load, 50 to 74 lb load, upstairs",10.0,MET,3.5,ml/kg/min,vigorous,False,False,False,https://pacompendium.com/walking
adult_17030,adult,Đi bộ,Walking,"Mang vác tải, >74 lb tải, lên cầu thang","Carrying load, >74 lb load, upstairs",12.0,MET,3.5,ml/kg/min,vigorous,False,False,False,https://pacompendium.com/walking
adult_17031,adult,Đi bộ,Walking,"Xếp hàng và/hoặc dỡ hàng một ô tô, ước tính đi bộ","Loading and/or unloading a car, implied walking",3.8,MET,3.5,ml/kg/min,moderate,True,False,False,https://pacompendium.com/walking
adult_17032,adult,Đi bộ,Walking,"Đi bộ leo dốc, không mang tải, 5–20% độ dốc, rất tốc độ chậm","Climbing hills, no load, 5 to 20% grade, very slow pace",5.0,MET,3.5,ml/kg/min,moderate,True,False,False,https://pacompendium.com/walking
adult_17033,adult,Đi bộ,Walking,"Đi bộ leo dốc, 15-50 lb tải, 1–2% độ dốc, tốc độ chậm","Climbing hills, 15-50 lb load, 1 to 2% grade, slow pace",3.8,MET,3.5,ml/kg/min,moderate,True,False,False,https://pacompendium.com/walking
adult_17034,adult,Đi bộ,Walking,"Đi bộ leo dốc, không mang tải, 1–5% độ dốc, tốc độ vừa đến nhanh","Climbing hills, no load, 1 to 5% grade, moderate-to-brisk pace",5.3,MET,3.5,ml/kg/min,moderate,True,False,False,https://pacompendium.com/walking
adult_17035,adult,Đi bộ,Walking,"Đi bộ leo dốc, không mang tải, 6–10% độ dốc, tốc độ vừa đến nhanh","Climbing hills, no load, 6 to 10% grade, moderate-to-brisk pace",7.0,MET,3.5,ml/kg/min,vigorous,False,False,False,https://pacompendium.com/walking
adult_17036,adult,Đi bộ,Walking,"Đi bộ leo dốc, không mang tải, độ dốc 11–20%, tốc độ chậm đến vừa","Climbing hills, no load, 11 to 20% grade, slow-to-moderate pace",8.8,MET,3.5,ml/kg/min,vigorous,False,False,False,https://pacompendium.com/walking
adult_17037,adult,Đi bộ,Walking,"Đi bộ leo dốc, không mang tải, 4.0–5.0 mph, 3–5% độ dốc, rất tốc độ nhanh","Climbing hills, no load, 4.0 to 5.0 mph, 3 to 5% grade, very fast pace",10.0,MET,3.5,ml/kg/min,vigorous,False,False,False,https://pacompendium.com/walking
adult_17038,adult,Đi bộ,Walking,"Đi bộ leo dốc, không mang tải, độ dốc lớn (30%), tốc độ chậm (dưới 1.2 mph)","Climbing hills, no load, steep grade (30%), slow pace (less than 1.2 mph)",8.5,MET,3.5,ml/kg/min,vigorous,False,False,False,https://pacompendium.com/walking
adult_17039,adult,Đi bộ,Walking,"Đi bộ leo dốc, không mang tải, rất độ dốc lớn (30-40%), 1.2–1.8 mph","Climbing hills, no load, very steep grade (30-40%), 1.2 to 1.8 mph",15.5,MET,3.5,ml/kg/min,vigorous,False,False,False,https://pacompendium.com/walking
adult_17040,adult,Đi bộ,Walking,"Đi bộ leo dốc, không mang tải, độ dốc lớn (10-40%), 1.8–5.0 mph","Climbing hills, no load, steep grade (10-40%), 1.8 to 5.0 mph",16.3,MET,3.5,ml/kg/min,vigorous,False,False,False,https://pacompendium.com/walking
adult_17045,adult,Đi bộ,Walking,"Đi bộ leo dốc, 10–20 lb tải, 5–10% độ dốc, cường độ vừa","Climbing hills, 10 to 20 lb load, 5 to 10% grade, moderate",6.5,MET,3.5,ml/kg/min,vigorous,False,False,False,https://pacompendium.com/walking
adult_17050,adult,Đi bộ,Walking,"Đi bộ leo dốc, 21–40 lb tải, 3–10% độ dốc, tốc độ vừa đến nhanh","Climbing hills, 21 to 40 lb load, 3 to 10% grade, moderate-to-brisk pace",7.5,MET,3.5,ml/kg/min,vigorous,False,False,False,https://pacompendium.com/walking
adult_17060,adult,Đi bộ,Walking,"Đi bộ leo dốc, 20+ pound tải, 5–20% độ dốc, vừa đến tốc độ nhanh","Climbing hills, 20+ pound load, 5 to 20% grade, moderate to brisk pace",10.0,MET,3.5,ml/kg/min,vigorous,False,False,False,https://pacompendium.com/walking
adult_17070,adult,Đi bộ,Walking,Descending cầu thang,Descending stairs,3.5,MET,3.5,ml/kg/min,moderate,True,False,False,https://pacompendium.com/walking
adult_17076,adult,Đi bộ,Walking,"Vận chuyển nước, đầu vận chuyển, đi bộ trên bề mặt bằng phẳng","Hauling water, head hauling, walking on flat surface",4.5,MET,3.5,ml/kg/min,moderate,True,False,False,https://pacompendium.com/walking
adult_17080,adult,Đi bộ,Walking,"Đi bộ đường dài, băng đồng (Taylor Code 040)","Hiking, cross country (Taylor Code 040)",6.0,MET,3.5,ml/kg/min,vigorous,False,False,False,https://pacompendium.com/walking
adult_17081,adult,Đi bộ,Walking,"Đi bộ đường dài chậm hoặc ambling qua đồng ruộng và sườn đồi, không mang tải","Hiking slowly or ambling through fields and hillsides, no load",3.8,MET,3.5,ml/kg/min,moderate,True,False,False,https://pacompendium.com/walking
adult_17082,adult,Đi bộ,Walking,"Đi bộ đường dài hoặc đi bộ ở một tốc độ bình thường qua đồng ruộng và sườn đồi, không mang tải","Hiking or walking at a normal pace through fields and hillsides, no load",5.3,MET,3.5,ml/kg/min,moderate,True,False,False,https://pacompendium.com/walking
adult_17085,adult,Đi bộ,Walking,"Quan sát chim, đi bộ và dừng lại","Bird watching, walking and stopping",2.5,MET,3.5,ml/kg/min,light,True,False,False,https://pacompendium.com/walking
adult_17088,adult,Đi bộ,Walking,"Hành quân, tốc độ vừa, quân sự, không đóng gói","Marching, moderate speed, military, no pack",4.5,MET,3.5,ml/kg/min,moderate,True,False,False,https://pacompendium.com/walking
adult_17090,adult,Đi bộ,Walking,"Hành quân rapidly, quân sự, không đóng gói","Marching rapidly, military, no pack",8.0,MET,3.5,ml/kg/min,vigorous,False,False,False,https://pacompendium.com/walking
adult_17100,adult,Đi bộ,Walking,"Đẩy hoặc kéo xe đẩy trẻ em với trẻ em hoặc đi bộ với trẻ em, 2.5–3.1 mph","Pushing or pulling stroller with child or walking with children, 2.5 to 3.1 mph",3.8,MET,3.5,ml/kg/min,moderate,True,False,False,https://pacompendium.com/walking
adult_17105,adult,Đi bộ,Walking,"Đẩy một xe lăn, non-occupational","Pushing a wheelchair, non-occupational",3.8,MET,3.5,ml/kg/min,moderate,True,False,False,https://pacompendium.com/walking
adult_17110,adult,Đi bộ,Walking,Đua đi bộ,Race walking,6.5,MET,3.5,ml/kg/min,vigorous,False,False,False,https://pacompendium.com/walking
adult_17130,adult,Đi bộ,Walking,"Cầu thang leo núi, sử dụng hoặc leo núi lên thang (Taylor Code 030)","Stair climbing, using or climbing up ladder (Taylor Code 030)",8.0,MET,3.5,ml/kg/min,vigorous,False,False,False,https://pacompendium.com/walking
adult_17131,adult,Đi bộ,Walking,"Cầu thang leo núi, thông thường","Stair climbing, general",6.8,MET,3.5,ml/kg/min,vigorous,False,False,False,https://pacompendium.com/walking
adult_17133,adult,Đi bộ,Walking,"Cầu thang leo núi, tốc độ chậm","Stair climbing, slow pace",4.5,MET,3.5,ml/kg/min,moderate,True,False,False,https://pacompendium.com/walking
adult_17134,adult,Đi bộ,Walking,"Cầu thang leo núi, tốc độ nhanh, one bước ở một thời gian","Stair climbing, fast pace, one step at a time",9.3,MET,3.5,ml/kg/min,vigorous,False,False,False,https://pacompendium.com/walking
adult_17136,adult,Đi bộ,Walking,"Cầu thang leo núi, two bước ở một thời gian","Stair climbing, two steps at a time",7.5,MET,3.5,ml/kg/min,vigorous,False,False,False,https://pacompendium.com/walking
adult_17138,adult,Đi bộ,Walking,"Leo cầu thang, đi lên và xuống cầu thang","Stair climbing, ascending and descending stairs",7.5,MET,3.5,ml/kg/min,vigorous,False,False,False,https://pacompendium.com/walking
adult_17140,adult,Đi bộ,Walking,"Sử dụng crutches, địa hình bằng phẳng, thông thường","Using crutches, level ground, general",4.5,MET,3.5,ml/kg/min,moderate,True,False,False,https://pacompendium.com/walking
adult_17142,adult,Đi bộ,Walking,"Sử dụng crutches, tốc độ nhanh","Using crutches, fast pace",7.0,MET,3.5,ml/kg/min,vigorous,False,False,False,https://pacompendium.com/walking
adult_17145,adult,Đi bộ,Walking,Sử dụng xe xe scooter hỗ trợ đầu gối y tế,Using medical knee scooter,4.3,MET,3.5,ml/kg/min,moderate,True,False,False,https://pacompendium.com/walking
adult_17150,adult,Đi bộ,Walking,"Đi bộ, việc nhà","Walking, household",2.3,MET,3.5,ml/kg/min,light,True,False,False,https://pacompendium.com/walking
adult_17151,adult,Đi bộ,Walking,"Đi bộ, dưới 2.0 mph, đường bằng, strolling, rất chậm","Walking, less than 2.0 mph, level, strolling, very slow",2.3,MET,3.5,ml/kg/min,light,True,False,False,https://pacompendium.com/walking
adult_17152,adult,Đi bộ,Walking,"Đi bộ, 2.0–2.4 mph, đường bằng, tốc độ chậm, bề mặt chắc chắn","Walking, 2.0 to 2.4 mph, level, slow pace, firm surface",2.8,MET,3.5,ml/kg/min,light,True,False,False,https://pacompendium.com/walking
adult_17160,adult,Đi bộ,Walking,Đi bộ để giải trí (Taylor Code 010),Walking for pleasure (Taylor Code 010),3.5,MET,3.5,ml/kg/min,moderate,True,False,False,https://pacompendium.com/walking
adult_17161,adult,Đi bộ,Walking,"Đi bộ từ nhà đến ô tô hoặc xe buýt, từ ô tô hoặc xe buýt đến go places, từ ô tô hoặc xe buýt đến và từ worksite","Walking from house to car or bus, from car or bus to go places, from car or bus to and from the worksite",2.5,MET,3.5,ml/kg/min,light,True,False,False,https://pacompendium.com/walking
adult_17162,adult,Đi bộ,Walking,Đi bộ đến nhà hàng xóm hoặc nhà người thân cho mục đích giao lưu,Walking to neighbor’s house or family’s house for social reasons,2.5,MET,3.5,ml/kg/min,light,True,False,False,https://pacompendium.com/walking
adult_17165,adult,Đi bộ,Walking,Đi bộ dog,Walking the dog,3.0,MET,3.5,ml/kg/min,moderate,True,False,False,https://pacompendium.com/walking
adult_17170,adult,Đi bộ,Walking,"Đi bộ, 2.5 mph, firm, đường bằng bề mặt","Walking, 2.5 mph, firm, level surface",3.0,MET,3.5,ml/kg/min,moderate,True,False,False,https://pacompendium.com/walking
adult_17180,adult,Đi bộ,Walking,"Đi bộ, 2.5 mph, xuống dốc","Walking, 2.5 mph, downhill",3.3,MET,3.5,ml/kg/min,moderate,True,False,False,https://pacompendium.com/walking
adult_17190,adult,Đi bộ,Walking,"Đi bộ, 2.8–3.4 mph, đường bằng, tốc độ vừa, bề mặt chắc chắn","Walking, 2.8 to 3.4 mph, level, moderate pace, firm surface",3.8,MET,3.5,ml/kg/min,moderate,True,False,False,https://pacompendium.com/walking
adult_17200,adult,Đi bộ,Walking,"Đi bộ, 3.5–3.9 mph, đường bằng, nhanh, bề mặt chắc chắn, đi bộ cho tập luyện","Walking, 3.5 to 3.9 mph, level, brisk, firm surface, walking for exercise",4.8,MET,3.5,ml/kg/min,moderate,True,False,False,https://pacompendium.com/walking
adult_17220,adult,Đi bộ,Walking,"Đi bộ, 4.0–4.4 mph (6.4–7.1 km/h), đường bằng, bề mặt chắc chắn, rất tốc độ nhanh","Walking, 4.0 to 4.4 mph (6.4 to 7.1 km/h), level, firm surface, very brisk pace",5.5,MET,3.5,ml/kg/min,moderate,True,False,False,https://pacompendium.com/walking
adult_17230,adult,Đi bộ,Walking,"Đi bộ, 4.5–4.9 mph, đường bằng, bề mặt chắc chắn, rất, rất nhanh","Walking, 4.5 to 4.9 mph, level, firm surface, very, very brisk",7.0,MET,3.5,ml/kg/min,vigorous,False,False,False,https://pacompendium.com/walking
adult_17231,adult,Đi bộ,Walking,"Đi bộ, 5.0–5.5 mph (8.8–8.9 km/h), đường bằng, bề mặt chắc chắn","Walking, 5.0 to 5.5 mph (8.8 to 8.9 km/h), level, firm surface",8.5,MET,3.5,ml/kg/min,vigorous,False,False,False,https://pacompendium.com/walking
adult_17250,adult,Đi bộ,Walking,"Đi bộ, để giải trí, công việc break","Walking, for pleasure, work break",3.5,MET,3.5,ml/kg/min,moderate,True,False,False,https://pacompendium.com/walking
adult_17255,adult,Đi bộ,Walking,"Đi bộ, tự chọn tốc độ, trong nhà đường chạy hoặc ngoài trời, bề mặt chắc chắn","Walking, self-selected speed, indoor track or outdoors, firm surface",4.0,MET,3.5,ml/kg/min,moderate,True,False,False,https://pacompendium.com/walking
adult_17260,adult,Đi bộ,Walking,"Đi bộ, cỏ đường chạy","Walking, grass track",4.8,MET,3.5,ml/kg/min,moderate,True,False,False,https://pacompendium.com/walking
adult_17262,adult,Đi bộ,Walking,"Đi bộ, tốc độ bình thường, trên ruộng đã cày hoặc cát","Walking, normal pace, plowed field or sand",4.5,MET,3.5,ml/kg/min,moderate,True,False,False,https://pacompendium.com/walking
adult_17270,adult,Đi bộ,Walking,"Đi bộ, đi làm hoặc lớp học (Taylor Code 015)","Walking, to work or class (Taylor Code 015)",4.0,MET,3.5,ml/kg/min,moderate,True,False,False,https://pacompendium.com/walking
adult_17280,adult,Đi bộ,Walking,"Đi bộ, đến và từ một outhouse","Walking, to and from an outhouse",2.5,MET,3.5,ml/kg/min,light,True,False,False,https://pacompendium.com/walking
adult_17302,adult,Đi bộ,Walking,"Đi bộ, cho tập luyện, 2.5–3.5 mph (4.0–5.6 km/h), với ski gậy, Nordic đi bộ, đường bằng, tốc độ vừa","Walking, for exercise, 2.5 to 3.5 mph (4.0 to 5.6 km/h), with ski poles, Nordic walking, level, moderate pace",4.3,MET,3.5,ml/kg/min,moderate,True,False,False,https://pacompendium.com/walking
adult_17304,adult,Đi bộ,Walking,"Đi bộ, cho tập luyện, 3.6–4.4 mph (5.8–7.1 km/h), với ski gậy, Nordic đi bộ, đường bằng, tốc độ vừa","Walking, for exercise, 3.6 to 4.4 mph (5.8 to 7.1 km/h), with ski poles, Nordic walking, level, moderate pace",5.3,MET,3.5,ml/kg/min,moderate,True,False,False,https://pacompendium.com/walking
adult_17305,adult,Đi bộ,Walking,"Đi bộ, cho tập luyện, 4.5–5.0 mph, với ski gậy, Nordic đi bộ, đường bằng, tốc độ nhanh","Walking, for exercise, 4.5 to 5.0 mph, with ski poles, Nordic walking, level, fast pace",8.5,MET,3.5,ml/kg/min,vigorous,False,False,False,https://pacompendium.com/walking
adult_17310,adult,Đi bộ,Walking,"Đi bộ, cho tập luyện, với ski gậy, Nordic đi bộ, lên dốc, tốc độ vừa","Walking, for exercise, with ski poles, Nordic walking, uphill, moderate pace",8.8,MET,3.5,ml/kg/min,vigorous,False,False,False,https://pacompendium.com/walking
adult_17313,adult,Đi bộ,Walking,"Đi bộ, cho tập luyện, với ski gậy, Nordic đi bộ, địa hình bằng phẳng, mang vác 20–30 lb tải (9.0–15.0 kg)","Walking, for exercise, with ski poles, Nordic walking, level ground, carrying 20 to 30 lb load (9.0 to 15.0 kg)",10.8,MET,3.5,ml/kg/min,vigorous,False,False,False,https://pacompendium.com/walking
adult_17315,adult,Đi bộ,Walking,"Đi bộ, cho tập luyện, với ski gậy, Nordic đi bộ, lên dốc, mang vác 20–30 lb tải (9.0–15.0 kg)","Walking, for exercise, with ski poles, Nordic walking, uphill, carrying 20 to 30 lb load (9.0 to 15.0 kg)",12.3,MET,3.5,ml/kg/min,vigorous,False,False,False,https://pacompendium.com/walking
adult_17320,adult,Đi bộ,Walking,"Đi bộ, đi lùi, 3.5 mph, đường bằng","Walking, backward, 3.5 mph, level",6.0,MET,3.5,ml/kg/min,vigorous,False,False,False,https://pacompendium.com/walking
adult_17325,adult,Đi bộ,Walking,"Đi bộ, đi lùi, 3.5 mph, lên dốc, 5% độ dốc","Walking, backward, 3.5 mph, uphill, 5% grade",7.8,MET,3.5,ml/kg/min,vigorous,False,False,False,https://pacompendium.com/walking
adult_17330,adult,Đi bộ,Walking,"Đi bộ, Teabag đi bộ, Monty Python Ministry của Silly Walks","Walking, Teabag walk, Monty Python Ministry of Silly Walks",8.0,MET,3.5,ml/kg/min,vigorous,False,False,False,https://pacompendium.com/walking
adult_17332,adult,Đi bộ,Walking,"Đi bộ, Putey đi bộ, Monty Python Ministry của Silly Walks","Walking, Putey walk, Monty Python Ministry of Silly Walks",3.5,MET,3.5,ml/kg/min,moderate,True,False,False,https://pacompendium.com/walking
adult_17340,adult,Đi bộ,Walking,"Đi bộ, máy chạy bộ, dưới 1.0 mph, 0% độ dốc","Walking, treadmill, less than 1.0 mph, 0% grade",2.1,MET,3.5,ml/kg/min,light,True,False,False,https://pacompendium.com/walking
adult_17343,adult,Đi bộ,Walking,"Đi bộ, máy chạy bộ, 1.0 mph, 0% độ dốc","Walking, treadmill, 1.0 mph, 0% grade",2.3,MET,3.5,ml/kg/min,light,True,False,False,https://pacompendium.com/walking
adult_17346,adult,Đi bộ,Walking,"Đi bộ, máy chạy bộ, 1.2–1.9 mph, 0% độ dốc (1.9–3.1 km/h)","Walking, treadmill, 1.2 to 1.9 mph, 0% grade (1.9 to 3.1 km/h)",2.8,MET,3.5,ml/kg/min,light,True,False,False,https://pacompendium.com/walking
adult_17349,adult,Đi bộ,Walking,"Đi bộ, máy chạy bộ, 2.0–2.4 mph (3.2–3.9 km/h), 0% độ dốc","Walking, treadmill, 2.0 to 2.4 mph (3.2 to 3.9 km/h), 0% grade",3.0,MET,3.5,ml/kg/min,moderate,True,False,False,https://pacompendium.com/walking
adult_17352,adult,Đi bộ,Walking,"Đi bộ, máy chạy bộ, 2.5–2.9 mph (4.0–4.7 km/h), 0% độ dốc","Walking, treadmill, 2.5 to 2.9 mph (4.0 to 4.7 km/h), 0% grade",3.5,MET,3.5,ml/kg/min,moderate,True,False,False,https://pacompendium.com/walking
adult_17355,adult,Đi bộ,Walking,"Đi bộ, máy chạy bộ, 3.0–3.4 mph (4.8–5.5 km/h), 0% độ dốc","Walking, treadmill, 3.0 to 3.4 mph (4.8 to 5.5 km/h), 0% grade",3.8,MET,3.5,ml/kg/min,moderate,True,False,False,https://pacompendium.com/walking
adult_17358,adult,Đi bộ,Walking,"Đi bộ, máy chạy bộ, 3.5–3.9 mph (5.6–6.3 km/h), 0% độ dốc","Walking, treadmill, 3.5 to 3.9 mph (5.6 to 6.3 km/h), 0% grade",4.8,MET,3.5,ml/kg/min,moderate,True,False,False,https://pacompendium.com/walking
adult_17361,adult,Đi bộ,Walking,"Đi bộ, máy chạy bộ, 4.0–4.4 mph (6.4–7.1 km/h), 0% độ dốc","Walking, treadmill, 4.0 to 4.4 mph (6.4 to 7.1 km/h), 0% grade",5.8,MET,3.5,ml/kg/min,moderate,True,False,False,https://pacompendium.com/walking
adult_17364,adult,Đi bộ,Walking,"Đi bộ, máy chạy bộ, 4.5–4.9 mph (7.2–7.9 km/h), 0% độ dốc","Walking, treadmill, 4.5 to 4.9 mph (7.2 to 7.9 km/h), 0% grade",6.8,MET,3.5,ml/kg/min,vigorous,False,False,False,https://pacompendium.com/walking
adult_17367,adult,Đi bộ,Walking,"Đi bộ, máy chạy bộ, 5.0–5.5 mph (8.0–8.9 km/h), 0% độ dốc","Walking, treadmill, 5.0 to 5.5 mph (8.0 to 8.9 km/h), 0% grade",8.3,MET,3.5,ml/kg/min,vigorous,False,False,False,https://pacompendium.com/walking
adult_17382,adult,Đi bộ,Walking,"Đi bộ, máy chạy bộ, xuống dốc (-3% đến -12% độ dốc), 2.8–3.1 mph","Walking, treadmill, downhill (-3% to -12% grade), 2.8 to 3.1 mph",3.3,MET,3.5,ml/kg/min,moderate,True,False,False,https://pacompendium.com/walking
adult_17412,adult,Đi bộ,Walking,"Đi bộ, máy chạy bộ, xuống dốc (-5% đến -25% độ dốc), 2.8 mph, với Nordic gậy","Walking, treadmill, downhill (-5% to -25% grade), 2.8 mph, with Nordic Poles",3.3,MET,3.5,ml/kg/min,moderate,True,False,False,https://pacompendium.com/walking
adult_17434,adult,Đi bộ,Walking,"Đi bộ, máy chạy bộ, 2.5 mph, 0% độ dốc, 5–20 degrees C, 40 lb (18.2 kg) tải","Walking, treadmill, 2.5 mph, 0% grade, 5 to 20 degrees C, 40 lb (18.2 kg) load",4.8,MET,3.5,ml/kg/min,moderate,True,False,False,https://pacompendium.com/walking
adult_17438,adult,Đi bộ,Walking,"Đi bộ, máy chạy bộ, 2.5 mph, 0% độ dốc, -10–0 degrees C, 40 lb (18.2 kg) tải","Walking, treadmill, 2.5 mph, 0% grade, -10 to 0 degrees C, 40 lb (18.2 kg) load",5.8,MET,3.5,ml/kg/min,moderate,True,False,False,https://pacompendium.com/walking
adult_17455,adult,Đi bộ,Walking,"Đi bộ, cong máy chạy bộ, 3.0–5.0 mph, tốc độ nhanh","Walking, Curved treadmill, 3.0 to 5.0 mph, brisk pace",8.3,MET,3.5,ml/kg/min,vigorous,False,False,False,https://pacompendium.com/walking
adult_17475,adult,Đi bộ,Walking,"Đi bộ máy chạy bộ, backwards, 2.5 mph, +10% độ dốc","Walking treadmill, backwards, 2.5 mph, +10% grade",7.8,MET,3.5,ml/kg/min,vigorous,False,False,False,https://pacompendium.com/walking
adult_17492,adult,Đi bộ,Walking,"Đi bộ với khung tập đi hoặc dáng đi từng bước trên máy chạy bộ, 0.7 mph (1.1 km/h), độ dốc 0%","Walking, with a walker or step-to gait on treadmill, 0.7 mph (1.1 km/h), 0% grade",1.5,MET,3.5,ml/kg/min,sedentary,True,False,False,https://pacompendium.com/walking
adult_18010,adult,Hoạt động dưới nước,Water Activities,"Đi thuyền máy, lái thuyền","Boating, power, driving",2.5,MET,3.5,ml/kg/min,light,True,False,False,https://pacompendium.com/water-activities
adult_18012,adult,Hoạt động dưới nước,Water Activities,"Boating, công suất, hành khách, cường độ nhẹ","Boating, power, passenger, light",1.3,MET,3.5,ml/kg/min,sedentary,True,False,False,https://pacompendium.com/water-activities
adult_18020,adult,Hoạt động dưới nước,Water Activities,Chèo xuồng trong chuyến cắm trại (Taylor Code 270),"Canoeing, on camping trip (Taylor Code 270)",4.0,MET,3.5,ml/kg/min,moderate,True,False,False,https://pacompendium.com/water-activities
adult_18025,adult,Hoạt động dưới nước,Water Activities,"Chèo xuồng, thu hoạch hoang dã rice, knocking rice khỏi stalks","Canoeing, harvesting wild rice, knocking rice off the stalks",3.3,MET,3.5,ml/kg/min,moderate,True,False,False,https://pacompendium.com/water-activities
adult_18030,adult,Hoạt động dưới nước,Water Activities,"Chèo xuồng, portaging","Canoeing, portaging",7.0,MET,3.5,ml/kg/min,vigorous,False,False,False,https://pacompendium.com/water-activities
adult_18040,adult,Hoạt động dưới nước,Water Activities,"Chèo xuồng, chèo thuyền, 2.0-3.9 mph, cường độ nhẹ","Canoeing, rowing, 2.0-3.9 mph, light effort",2.8,MET,3.5,ml/kg/min,light,True,False,False,https://pacompendium.com/water-activities
adult_18050,adult,Hoạt động dưới nước,Water Activities,"Chèo xuồng, chèo thuyền, 4.0-5.9 mph, cường độ vừa","Canoeing, rowing, 4.0-5.9 mph, moderate effort",5.8,MET,3.5,ml/kg/min,moderate,True,False,False,https://pacompendium.com/water-activities
adult_18060,adult,Hoạt động dưới nước,Water Activities,"Chèo xuồng, chèo thuyền, chèo kayak, thi đấu, > 6 mph, cường độ cao","Canoeing, rowing, kayaking, competition, > 6 mph, vigorous effort",12.5,MET,3.5,ml/kg/min,vigorous,False,False,False,https://pacompendium.com/water-activities
adult_18070,adult,Hoạt động dưới nước,Water Activities,"Chèo xuồng, chèo thuyền, để giải trí, thông thường (Taylor Code 250)","Canoeing, rowing, for pleasure, general (Taylor Code 250)",3.5,MET,3.5,ml/kg/min,moderate,True,False,False,https://pacompendium.com/water-activities
adult_18080,adult,Hoạt động dưới nước,Water Activities,"Chèo xuồng hoặc chèo thuyền, trong thi đấu, crew hoặc sculling (Taylor Code 260)","Canoeing or rowing, in competition, crew or sculling (Taylor Code 260)",12.0,MET,3.5,ml/kg/min,vigorous,False,False,False,https://pacompendium.com/water-activities
adult_18090,adult,Hoạt động dưới nước,Water Activities,Nhảy cầu từ ván bật hoặc bục,"Diving, springboard or platform",3.0,MET,3.5,ml/kg/min,moderate,True,False,False,https://pacompendium.com/water-activities
adult_18100,adult,Hoạt động dưới nước,Water Activities,"Chèo kayak, cường độ vừa","Kayaking, moderate effort",5.0,MET,3.5,ml/kg/min,moderate,True,False,False,https://pacompendium.com/water-activities
adult_18104,adult,Hoạt động dưới nước,Water Activities,"Chèo kayak, thi đấu","kayaking, competition",13.5,MET,3.5,ml/kg/min,vigorous,False,False,False,https://pacompendium.com/water-activities
adult_18106,adult,Hoạt động dưới nước,Water Activities,"Chèo kayak, slalom, bằng phẳng nước","kayaking, slalom, flat water",9.0,MET,3.5,ml/kg/min,vigorous,False,False,False,https://pacompendium.com/water-activities
adult_18110,adult,Hoạt động dưới nước,Water Activities,Paddle thuyền,Paddle boat,4.0,MET,3.5,ml/kg/min,moderate,True,False,False,https://pacompendium.com/water-activities
adult_18112,adult,Hoạt động dưới nước,Water Activities,"Chèo thuyền, mô phỏng crew trong một nước tank, single oar, 33 nhịp/phút","Rowing, simulated crew in a water tank, single oar, 33 strokes/min,",15.5,MET,3.5,ml/kg/min,vigorous,False,False,False,https://pacompendium.com/water-activities
adult_18114,adult,Hoạt động dưới nước,Water Activities,"Chèo thuyền, single scull, máy đo công suất vận động, máy đo công suất vận động trên slides, đua tốc độ (32+ nhịp/phút, >10 mph)","Rowing, single scull, ergometer, ergometer on slides, racing speed (32+ strokes/min, >10 mph)",15.5,MET,3.5,ml/kg/min,vigorous,False,False,False,https://pacompendium.com/water-activities
adult_18120,adult,Hoạt động dưới nước,Water Activities,"Đi thuyền buồm, thuyền và ván đi thuyền buồm, lướt ván buồm, băng đi thuyền buồm, thông thường (Taylor Code 235)","Sailing, boat and board sailing, windsurfing, ice sailing, general (Taylor Code 235)",3.0,MET,3.5,ml/kg/min,moderate,True,False,False,https://pacompendium.com/water-activities
adult_18130,adult,Hoạt động dưới nước,Water Activities,"Đi thuyền buồm, trong thi đấu, thông thường","Sailing, in competition, general",4.5,MET,3.5,ml/kg/min,moderate,True,False,False,https://pacompendium.com/water-activities
adult_18132,adult,Hoạt động dưới nước,Water Activities,"Đi thuyền buồm, trong thi đấu, cường độ cao","Sailing, in competition, high effort",9.3,MET,3.5,ml/kg/min,vigorous,False,False,False,https://pacompendium.com/water-activities
adult_18140,adult,Hoạt động dưới nước,Water Activities,"Đi thuyền buồm giải trí (Sunfish/Laser/Hobby Cat, thuyền keel, đi biển/yacht)","Sailing, Sunfish/Laser/Hobby Cat, Keel boats, ocean sailing, yachting, leisure",3.3,MET,3.5,ml/kg/min,moderate,True,False,False,https://pacompendium.com/water-activities
adult_18142,adult,Hoạt động dưới nước,Water Activities,"Đi thuyền buồm, dingy","Sailing, dingy",2.0,MET,3.5,ml/kg/min,light,True,False,False,https://pacompendium.com/water-activities
adult_18150,adult,Hoạt động dưới nước,Water Activities,"Trượt tuyết, nước hoặc wake chèo ván (Taylor Code 220)","Skiing, water or wake boarding (Taylor Code 220)",6.0,MET,3.5,ml/kg/min,vigorous,False,False,False,https://pacompendium.com/water-activities
adult_18160,adult,Hoạt động dưới nước,Water Activities,"Jet trượt tuyết, lái xe, trong nước","Jet skiing, driving, in water",7.0,MET,3.5,ml/kg/min,vigorous,False,False,False,https://pacompendium.com/water-activities
adult_18180,adult,Hoạt động dưới nước,Water Activities,"Lặn không bình khí, nhanh","Skindiving, fast",15.8,MET,3.5,ml/kg/min,vigorous,False,False,False,https://pacompendium.com/water-activities
adult_18190,adult,Hoạt động dưới nước,Water Activities,"Lặn không bình khí, cường độ vừa","Skindiving, moderate",11.8,MET,3.5,ml/kg/min,vigorous,False,False,False,https://pacompendium.com/water-activities
adult_18200,adult,Hoạt động dưới nước,Water Activities,"Lặn không bình khí, lặn bình khí, thông thường (Taylor Code 310)","Skindiving, scuba diving, general (Taylor Code 310)",7.0,MET,3.5,ml/kg/min,vigorous,False,False,False,https://pacompendium.com/water-activities
adult_18202,adult,Hoạt động dưới nước,Water Activities,"Lặn bình khí, thông thường, cường độ nhẹ","Scuba diving, general, light effort",5.3,MET,3.5,ml/kg/min,moderate,True,False,False,https://pacompendium.com/water-activities
adult_18204,adult,Hoạt động dưới nước,Water Activities,"Lặn bình khí, thông thường, cường độ vừa","Scuba diving, general, moderate effort",5.8,MET,3.5,ml/kg/min,moderate,True,False,False,https://pacompendium.com/water-activities
adult_18206,adult,Hoạt động dưới nước,Water Activities,"Lặn bình khí, professional diver","Scuba diving, professional diver",5.5,MET,3.5,ml/kg/min,moderate,True,False,False,https://pacompendium.com/water-activities
adult_18208,adult,Hoạt động dưới nước,Water Activities,"Lặn bình khí, lặn giải trí","Scuba diving, recreational diver",6.8,MET,3.5,ml/kg/min,vigorous,False,False,False,https://pacompendium.com/water-activities
adult_18210,adult,Hoạt động dưới nước,Water Activities,Snorkeling (Taylor Code 320),Snorkeling (Taylor Code 320),5.0,MET,3.5,ml/kg/min,moderate,True,False,False,https://pacompendium.com/water-activities
adult_18220,adult,Hoạt động dưới nước,Water Activities,"Surfing, cơ thể hoặc ván, thông thường","Surfing, body or board, general",3.0,MET,3.5,ml/kg/min,moderate,True,False,False,https://pacompendium.com/water-activities
adult_18221,adult,Hoạt động dưới nước,Water Activities,"Surfboard, paddling","Surfboard, paddling",6.8,MET,3.5,ml/kg/min,vigorous,False,False,False,https://pacompendium.com/water-activities
adult_18222,adult,Hoạt động dưới nước,Water Activities,"Surfing, cơ thể hoặc ván, thi đấu","Surfing, body or board, competitive",5.0,MET,3.5,ml/kg/min,moderate,True,False,False,https://pacompendium.com/water-activities
adult_18224,adult,Hoạt động dưới nước,Water Activities,"Chèo ván đứng, thông thường","Stand up paddle boarding, general",6.5,MET,3.5,ml/kg/min,vigorous,False,False,False,https://pacompendium.com/water-activities
adult_18225,adult,Hoạt động dưới nước,Water Activities,"Chèo ván đứng, đứng, 10-19 nhịp/phút","Stand up Paddleboard, standing, 10-19 strokes/min",2.8,MET,3.5,ml/kg/min,light,True,False,False,https://pacompendium.com/water-activities
adult_18226,adult,Hoạt động dưới nước,Water Activities,"Chèo ván đứng, đứng, 20-29 nhịp/phút","Stand up Paddleboard, standing, 20-29 strokes/min",3.8,MET,3.5,ml/kg/min,moderate,True,False,False,https://pacompendium.com/water-activities
adult_18227,adult,Hoạt động dưới nước,Water Activities,"Chèo ván đứng, đứng, 30-39 nhịp/phút","Stand up Paddleboard, standing, 30-39 strokes/min",5.0,MET,3.5,ml/kg/min,moderate,True,False,False,https://pacompendium.com/water-activities
adult_18228,adult,Hoạt động dưới nước,Water Activities,"Chèo ván đứng, đứng, 40-49 nhịp/phút","Stand up Paddleboard, standing, 40-49 strokes/min",9.8,MET,3.5,ml/kg/min,vigorous,False,False,False,https://pacompendium.com/water-activities
adult_18229,adult,Hoạt động dưới nước,Water Activities,"Chèo ván đứng, đứng, 50-69 nhịp/phút","Stand up Paddleboard, standing, 50-69 strokes/min",11.0,MET,3.5,ml/kg/min,vigorous,False,False,False,https://pacompendium.com/water-activities
adult_18230,adult,Hoạt động dưới nước,Water Activities,"Bơi lội laps, freestyle, nhanh, cường độ cao","Swimming laps, freestyle, fast, vigorous effort",9.8,MET,3.5,ml/kg/min,vigorous,False,False,False,https://pacompendium.com/water-activities
adult_18240,adult,Hoạt động dưới nước,Water Activities,"Bơi lội laps, freestyle, chậm, giải trí","Swimming laps, freestyle, slow, recreational",5.8,MET,3.5,ml/kg/min,moderate,True,False,False,https://pacompendium.com/water-activities
adult_18250,adult,Hoạt động dưới nước,Water Activities,"Bơi ngửa, tập luyện hoặc thi đấu","Swimming, backstroke, training or competition",9.5,MET,3.5,ml/kg/min,vigorous,False,False,False,https://pacompendium.com/water-activities
adult_18255,adult,Hoạt động dưới nước,Water Activities,"Bơi ngửa, giải trí","Swimming, backstroke, recreational",4.8,MET,3.5,ml/kg/min,moderate,True,False,False,https://pacompendium.com/water-activities
adult_18260,adult,Hoạt động dưới nước,Water Activities,"Bơi lội, breaststroke, thông thường, tập luyện hoặc thi đấu","Swimming, breaststroke, general, training or competition",10.3,MET,3.5,ml/kg/min,vigorous,False,False,False,https://pacompendium.com/water-activities
adult_18265,adult,Hoạt động dưới nước,Water Activities,"Bơi lội breaststroke, giải trí","Swimming breaststroke, recreational",5.3,MET,3.5,ml/kg/min,moderate,True,False,False,https://pacompendium.com/water-activities
adult_18270,adult,Hoạt động dưới nước,Water Activities,"Bơi lội, butterfly, thông thường","Swimming, butterfly, general",13.8,MET,3.5,ml/kg/min,vigorous,False,False,False,https://pacompendium.com/water-activities
adult_18280,adult,Hoạt động dưới nước,Water Activities,"Bơi lội, bơi sải, tốc độ nhanh, ~75 sân/phút, cường độ cao","Swimming, crawl, fast speed, ~75 yards/minute, vigorous effort",10.5,MET,3.5,ml/kg/min,vigorous,False,False,False,https://pacompendium.com/water-activities
adult_18285,adult,Hoạt động dưới nước,Water Activities,"Bơi lội, mở nước, 5k","Swimming, open water, 5k",10.5,MET,3.5,ml/kg/min,vigorous,False,False,False,https://pacompendium.com/water-activities
adult_18290,adult,Hoạt động dưới nước,Water Activities,"Bơi lội, bơi sải, medium tốc độ, ~50 sân/phút, cường độ cao","Swimming, crawl, medium speed, ~50 yards/minute, vigorous effort",8.0,MET,3.5,ml/kg/min,vigorous,False,False,False,https://pacompendium.com/water-activities
adult_18292,adult,Hoạt động dưới nước,Water Activities,"Bơi lội, bơi sải, tốc độ chậm, 30-45 sân/phút, cường độ vừa","Swimming, crawl, slow speed, 30-45 yards/minute, moderate effort",5.8,MET,3.5,ml/kg/min,moderate,True,False,False,https://pacompendium.com/water-activities
adult_18294,adult,Hoạt động dưới nước,Water Activities,"Bơi sải, vận động viên trình độ cao, thi đấu, >90 sân/phút","Swimming, crawl, elite swimmers, competition, >90 yards/minute",14.5,MET,3.5,ml/kg/min,vigorous,False,False,False,https://pacompendium.com/water-activities
adult_18300,adult,Hoạt động dưới nước,Water Activities,"Bơi lội, lake, ocean, sông (Taylor Codes 280, 295)","Swimming, lake, ocean, river (Taylor Codes 280, 295)",6.0,MET,3.5,ml/kg/min,vigorous,False,False,False,https://pacompendium.com/water-activities
adult_18310,adult,Hoạt động dưới nước,Water Activities,"Bơi lội, thong thả, không lap bơi lội, thông thường","Swimming, leisurely, not lap swimming, general",6.0,MET,3.5,ml/kg/min,vigorous,False,False,False,https://pacompendium.com/water-activities
adult_18320,adult,Hoạt động dưới nước,Water Activities,"Bơi lội, sidestroke, thông thường","Swimming, sidestroke, general",7.0,MET,3.5,ml/kg/min,vigorous,False,False,False,https://pacompendium.com/water-activities
adult_18330,adult,Hoạt động dưới nước,Water Activities,"Bơi lội, synchronized","Swimming, synchronized",8.0,MET,3.5,ml/kg/min,vigorous,False,False,False,https://pacompendium.com/water-activities
adult_18340,adult,Hoạt động dưới nước,Water Activities,"Bơi lội, đứng nước, nhanh, cường độ cao","Swimming, treading water, fast, vigorous effort",9.8,MET,3.5,ml/kg/min,vigorous,False,False,False,https://pacompendium.com/water-activities
adult_18350,adult,Hoạt động dưới nước,Water Activities,"Bơi lội, đứng nước, cường độ vừa, thông thường","Swimming, treading water, moderate effort, general",3.5,MET,3.5,ml/kg/min,moderate,True,False,False,https://pacompendium.com/water-activities
adult_18352,adult,Hoạt động dưới nước,Water Activities,"Thả trôi bằng phao trên sông, thông thường","Tubing, floating on a river, general",2.3,MET,3.5,ml/kg/min,light,True,False,False,https://pacompendium.com/water-activities
adult_18355,adult,Hoạt động dưới nước,Water Activities,"Aerobic dưới nước, bài tập thể trọng dưới nước, thông thường","Water aerobics, water calisthenics, general",5.5,MET,3.5,ml/kg/min,moderate,True,False,False,https://pacompendium.com/water-activities
adult_18356,adult,Hoạt động dưới nước,Water Activities,"Aerobic dưới nước, kháng lực bài tập","Water aerobics, resistance exercises",3.8,MET,3.5,ml/kg/min,moderate,True,False,False,https://pacompendium.com/water-activities
adult_18358,adult,Hoạt động dưới nước,Water Activities,"Aerobic dưới nước, cường độ cao","Water aerobics, high intensity",7.5,MET,3.5,ml/kg/min,vigorous,False,False,False,https://pacompendium.com/water-activities
adult_18360,adult,Hoạt động dưới nước,Water Activities,Nước polo,Water polo,10.0,MET,3.5,ml/kg/min,vigorous,False,False,False,https://pacompendium.com/water-activities
adult_18365,adult,Hoạt động dưới nước,Water Activities,Nước bóng chuyền,Water volleyball,3.0,MET,3.5,ml/kg/min,moderate,True,False,False,https://pacompendium.com/water-activities
adult_18366,adult,Hoạt động dưới nước,Water Activities,"Chạy dưới nước chậm, cường độ cao","Water jogging, vigorous effort",9.8,MET,3.5,ml/kg/min,vigorous,False,False,False,https://pacompendium.com/water-activities
adult_18367,adult,Hoạt động dưới nước,Water Activities,"Đi bộ dưới nước, cường độ nhẹ, tốc độ chậm","Water walking, light effort, slow pace",2.5,MET,3.5,ml/kg/min,light,True,False,False,https://pacompendium.com/water-activities
adult_18368,adult,Hoạt động dưới nước,Water Activities,"Đi bộ dưới nước, cường độ vừa, tốc độ vừa","Water walking, moderate effort, moderate pace",4.8,MET,3.5,ml/kg/min,moderate,True,False,False,https://pacompendium.com/water-activities
adult_18369,adult,Hoạt động dưới nước,Water Activities,"Đi bộ dưới nước, cường độ cao, tốc độ nhanh","Water walking, vigorous effort, brisk pace",6.8,MET,3.5,ml/kg/min,vigorous,False,False,False,https://pacompendium.com/water-activities
adult_18370,adult,Hoạt động dưới nước,Water Activities,"Whitewater rafting, chèo kayak, hoặc chèo xuồng","Whitewater rafting, kayaking, or canoeing",5.0,MET,3.5,ml/kg/min,moderate,True,False,False,https://pacompendium.com/water-activities
adult_18374,adult,Hoạt động dưới nước,Water Activities,"Chạy dưới nước, 30 bước/phút, chậm","Water running, 30 steps/min, slow",6.5,MET,3.5,ml/kg/min,vigorous,False,False,False,https://pacompendium.com/water-activities
adult_18375,adult,Hoạt động dưới nước,Water Activities,"Chạy dưới nước, 40 bước/phút, cường độ vừa","Water running, 40 steps/min, moderate",7.5,MET,3.5,ml/kg/min,vigorous,False,False,False,https://pacompendium.com/water-activities
adult_18376,adult,Hoạt động dưới nước,Water Activities,"Chạy dưới nước, 50 bước/phút, nhanh","Water running, 50 steps/min, fast",8.5,MET,3.5,ml/kg/min,vigorous,False,False,False,https://pacompendium.com/water-activities
adult_18377,adult,Hoạt động dưới nước,Water Activities,"Chạy dưới nước, 60 bước/phút, rất nhanh","Water running, 60 steps/min, very fast",9.8,MET,3.5,ml/kg/min,vigorous,False,False,False,https://pacompendium.com/water-activities
adult_18380,adult,Hoạt động dưới nước,Water Activities,"Lướt ván buồm, không pumping cho tốc độ","Windsurfing, not pumping for speed",5.0,MET,3.5,ml/kg/min,moderate,True,False,False,https://pacompendium.com/water-activities
adult_18385,adult,Hoạt động dưới nước,Water Activities,"Lướt ván buồm hoặc kitesurfing, crossing trial","Windsurfing or kitesurfing, crossing trial",11.0,MET,3.5,ml/kg/min,vigorous,False,False,False,https://pacompendium.com/water-activities
adult_18390,adult,Hoạt động dưới nước,Water Activities,"Lướt ván buồm, thi đấu, pumping cho tốc độ","Windsurfing, competition, pumping for speed",14.0,MET,3.5,ml/kg/min,vigorous,False,False,False,https://pacompendium.com/water-activities
adult_18404,adult,Hoạt động dưới nước,Water Activities,"Đạp xe dưới nước, 25 W, 40-50 RPM","Aquatic cycling, 25 W, 40-50 RPM",2.8,MET,3.5,ml/kg/min,light,True,False,False,https://pacompendium.com/water-activities
adult_18408,adult,Hoạt động dưới nước,Water Activities,"Đạp xe dưới nước, 25 W, 60-70 RPM","Aquatic cycling, 25 W, 60-70 RPM",4.8,MET,3.5,ml/kg/min,moderate,True,False,False,https://pacompendium.com/water-activities
adult_18412,adult,Hoạt động dưới nước,Water Activities,"Đạp xe dưới nước, 50 W, 40-50 RPM","Aquatic cycling, 50 W, 40-50 RPM",3.8,MET,3.5,ml/kg/min,moderate,True,False,False,https://pacompendium.com/water-activities
adult_18416,adult,Hoạt động dưới nước,Water Activities,"Đạp xe dưới nước, 50 W, 60-70 RPM","Aquatic cycling, 50 W, 60-70 RPM",6.0,MET,3.5,ml/kg/min,vigorous,False,False,False,https://pacompendium.com/water-activities
adult_18420,adult,Hoạt động dưới nước,Water Activities,"Đạp xe dưới nước, 75 W, 40-50 RPM","Aquatic cycling, 75 W, 40-50 RPM",5.0,MET,3.5,ml/kg/min,moderate,True,False,False,https://pacompendium.com/water-activities
adult_18424,adult,Hoạt động dưới nước,Water Activities,"Đạp xe dưới nước, 75 W, 60-70 RPM","Aquatic cycling, 75 W, 60-70 RPM",6.3,MET,3.5,ml/kg/min,vigorous,False,False,False,https://pacompendium.com/water-activities
adult_18428,adult,Hoạt động dưới nước,Water Activities,"Đạp xe dưới nước, 100 W, 40-50 RPM","Aquatic cycling, 100 W, 40-50 RPM",6.3,MET,3.5,ml/kg/min,vigorous,False,False,False,https://pacompendium.com/water-activities
adult_18432,adult,Hoạt động dưới nước,Water Activities,"Đạp xe dưới nước, 100 W, 60-70 RPM","Aquatic cycling, 100 W, 60-70 RPM",7.5,MET,3.5,ml/kg/min,vigorous,False,False,False,https://pacompendium.com/water-activities
adult_18436,adult,Hoạt động dưới nước,Water Activities,"Đạp xe dưới nước, 80-89 RPM","Aquatic cycling, 80-89 RPM",8.5,MET,3.5,ml/kg/min,vigorous,False,False,False,https://pacompendium.com/water-activities
adult_18440,adult,Hoạt động dưới nước,Water Activities,"Đạp xe dưới nước, 90+ RPM","Aquatic cycling, 90+ RPM",10.3,MET,3.5,ml/kg/min,vigorous,False,False,False,https://pacompendium.com/water-activities
adult_19005,adult,Hoạt động mùa đông,Winter Activities,"Đi xe chó kéo, điều khiển xe chó kéo","Dog sledding, mushing",7.5,MET,3.5,ml/kg/min,vigorous,False,False,False,https://pacompendium.com/winter-activities
adult_19006,adult,Hoạt động mùa đông,Winter Activities,"Đi xe chó kéo, hành khách","Dog sledding, passenger",2.5,MET,3.5,ml/kg/min,light,True,False,False,https://pacompendium.com/winter-activities
adult_19010,adult,Hoạt động mùa đông,Winter Activities,"Di chuyển lều câu cá trên băng, dựng lều/khoan lỗ","Moving icehouse, set up/drill holes",6.0,MET,3.5,ml/kg/min,vigorous,False,False,False,https://pacompendium.com/winter-activities
adult_19011,adult,Hoạt động mùa đông,Winter Activities,Băng câu cá,Ice fishing,2.0,MET,3.5,ml/kg/min,light,True,False,False,https://pacompendium.com/winter-activities
adult_19018,adult,Hoạt động mùa đông,Winter Activities,"Trượt băng / patin, băng khiêu vũ","Skating, ice dancing",14.0,MET,3.5,ml/kg/min,vigorous,False,False,False,https://pacompendium.com/winter-activities
adult_19020,adult,Hoạt động mùa đông,Winter Activities,"Trượt băng / patin, băng, 9 mph hoặc ít hơn","Skating, ice, 9 mph or less",5.5,MET,3.5,ml/kg/min,moderate,True,False,False,https://pacompendium.com/winter-activities
adult_19030,adult,Hoạt động mùa đông,Winter Activities,"Trượt băng / patin, băng, thông thường (Taylor Code 360)","Skating, ice, general (Taylor Code 360)",7.0,MET,3.5,ml/kg/min,vigorous,False,False,False,https://pacompendium.com/winter-activities
adult_19040,adult,Hoạt động mùa đông,Winter Activities,"Trượt băng / patin, băng, rapidly, trên 9 mph but không thi đấu","Skating, ice, rapidly, more than 9 mph but not competitive",9.0,MET,3.5,ml/kg/min,vigorous,False,False,False,https://pacompendium.com/winter-activities
adult_19045,adult,Hoạt động mùa đông,Winter Activities,"Trượt băng / patin máy chạy bộ, 6 – 6.9 mph, 2% độ dốc","Skating Treadmill, 6 – 6.9 mph, 2% grade",9.0,MET,3.5,ml/kg/min,vigorous,False,False,False,https://pacompendium.com/winter-activities
adult_19046,adult,Hoạt động mùa đông,Winter Activities,"Trượt băng / patin máy chạy bộ, 7 – 7.9 mph, 2% độ dốc","Skating Treadmill, 7 – 7.9 mph, 2% grade",10.0,MET,3.5,ml/kg/min,vigorous,False,False,False,https://pacompendium.com/winter-activities
adult_19047,adult,Hoạt động mùa đông,Winter Activities,"Trượt băng / patin máy chạy bộ, 8 – 8.9 mph, 2% độ dốc","Skating Treadmill, 8 – 8.9 mph, 2% grade",10.5,MET,3.5,ml/kg/min,vigorous,False,False,False,https://pacompendium.com/winter-activities
adult_19048,adult,Hoạt động mùa đông,Winter Activities,"Trượt băng / patin máy chạy bộ, 9 – 9.9 mph, 2% độ dốc","Skating Treadmill, 9 – 9.9 mph, 2% grade",11.0,MET,3.5,ml/kg/min,vigorous,False,False,False,https://pacompendium.com/winter-activities
adult_19050,adult,Hoạt động mùa đông,Winter Activities,"Trượt băng / patin, tốc độ, thi đấu","Skating, speed, competitive",13.8,MET,3.5,ml/kg/min,vigorous,False,False,False,https://pacompendium.com/winter-activities
adult_19060,adult,Hoạt động mùa đông,Winter Activities,"Ski nhảy, climb lên mang vác skis","Ski jumping, climb up carrying skis",7.0,MET,3.5,ml/kg/min,vigorous,False,False,False,https://pacompendium.com/winter-activities
adult_19075,adult,Hoạt động mùa đông,Winter Activities,"Trượt tuyết, thông thường","Skiing, general",7.0,MET,3.5,ml/kg/min,vigorous,False,False,False,https://pacompendium.com/winter-activities
adult_19080,adult,Hoạt động mùa đông,Winter Activities,"Trượt tuyết, băng đồng, 2.5 mph, chậm hoặc cường độ nhẹ, ski đi bộ","Skiing, cross country, 2.5 mph, slow or light effort, ski walking",6.8,MET,3.5,ml/kg/min,vigorous,False,False,False,https://pacompendium.com/winter-activities
adult_19090,adult,Hoạt động mùa đông,Winter Activities,"Trượt tuyết, băng đồng, 4.0-4.9 mph, tốc độ vừa và nỗ lực, thông thường","Skiing, cross country, 4.0-4.9 mph, moderate speed and effort, general",8.5,MET,3.5,ml/kg/min,vigorous,False,False,False,https://pacompendium.com/winter-activities
adult_19100,adult,Hoạt động mùa đông,Winter Activities,"Trượt tuyết, băng đồng, 5.0-7.9 mph, tốc độ nhanh, cường độ cao","Skiing, cross country, 5.0-7.9 mph, brisk speed, vigorous effort",11.3,MET,3.5,ml/kg/min,vigorous,False,False,False,https://pacompendium.com/winter-activities
adult_19110,adult,Hoạt động mùa đông,Winter Activities,"Trượt tuyết, băng đồng, trình độ cao skier, >8.0-11.9 mph, đua","Skiing, cross country, elite skier, >8.0-11.9 mph, racing",14.0,MET,3.5,ml/kg/min,vigorous,False,False,False,https://pacompendium.com/winter-activities
adult_19112,adult,Hoạt động mùa đông,Winter Activities,"Trượt tuyết, băng đồng, 12-16 mph, trình độ cao skier, đua","Skiing, cross country, 12-16 mph, elite skier, racing",16.0,MET,3.5,ml/kg/min,vigorous,False,False,False,https://pacompendium.com/winter-activities
adult_19115,adult,Hoạt động mùa đông,Winter Activities,"Trượt tuyết, trượt tuyết băng đồng cao-cường độ tập luyện","Skiing, cross-country skiing high-intensity training",9.5,MET,3.5,ml/kg/min,vigorous,False,False,False,https://pacompendium.com/winter-activities
adult_19130,adult,Hoạt động mùa đông,Winter Activities,"Trượt tuyết, băng đồng, khó tuyết, lên dốc, maximum, leo núi tuyết","Skiing, cross country, hard snow, uphill, maximum, snow mountaineering",15.5,MET,3.5,ml/kg/min,vigorous,False,False,False,https://pacompendium.com/winter-activities
adult_19135,adult,Hoạt động mùa đông,Winter Activities,"Trượt tuyết, băng đồng, trượt băng / patin","Skiing, cross-country, skating",13.3,MET,3.5,ml/kg/min,vigorous,False,False,False,https://pacompendium.com/winter-activities
adult_19140,adult,Hoạt động mùa đông,Winter Activities,"Trượt tuyết, băng đồng, hai môn phối hợp trượt tuyết-bắn súng, kỹ thuật skating","Skiing, cross-country, biathlon, skating technique",13.5,MET,3.5,ml/kg/min,vigorous,False,False,False,https://pacompendium.com/winter-activities
adult_19142,adult,Hoạt động mùa đông,Winter Activities,"Hai môn phối hợp trượt tuyết-bắn súng tập luyện, độ dốc 5°, 8 km/h (5 mph), với/không có súng trường","Biathlon training, 5 degree incline, 8 km/h (5 mph), with/without rifle",12.8,MET,3.5,ml/kg/min,vigorous,False,False,False,https://pacompendium.com/winter-activities
adult_19144,adult,Hoạt động mùa đông,Winter Activities,"Hai môn phối hợp trượt tuyết-bắn súng tập luyện, độ dốc 5°, 10.7 km/h (6.6 mph), với/không có súng trường","Biathlon training, 5 degree incline, 10.7 km/h (6.6 mph), with/without rifle",15.8,MET,3.5,ml/kg/min,vigorous,False,False,False,https://pacompendium.com/winter-activities
adult_19146,adult,Hoạt động mùa đông,Winter Activities,"Trượt tuyết, slalom","Skiing, slalom",9.3,MET,3.5,ml/kg/min,vigorous,False,False,False,https://pacompendium.com/winter-activities
adult_19150,adult,Hoạt động mùa đông,Winter Activities,"Trượt tuyết, xuống dốc, trượt tuyết đổ đèo hoặc trượt ván tuyết, cường độ nhẹ, chỉ tính thời gian thực sự vận động","Skiing, downhill, alpine or snowboarding, light effort, active time only",4.3,MET,3.5,ml/kg/min,moderate,True,False,False,https://pacompendium.com/winter-activities
adult_19160,adult,Hoạt động mùa đông,Winter Activities,"Trượt tuyết, xuống dốc, trượt tuyết đổ đèo hoặc trượt ván tuyết, cường độ vừa, thông thường, chỉ tính thời gian thực sự vận động","Skiing, downhill, alpine or snowboarding, moderate effort, general, active time only",6.3,MET,3.5,ml/kg/min,vigorous,False,False,False,https://pacompendium.com/winter-activities
adult_19170,adult,Hoạt động mùa đông,Winter Activities,"Trượt tuyết, xuống dốc, trượt tuyết đổ đèo hoặc trượt ván tuyết, cường độ cao, chỉ tính thời gian thực sự vận động","Skiing, downhill, alpine or snowboarding, vigorous effort, active time only",8.0,MET,3.5,ml/kg/min,vigorous,False,False,False,https://pacompendium.com/winter-activities
adult_19174,adult,Hoạt động mùa đông,Winter Activities,"Trượt tuyết, Alpine trượt tuyết cao-cường độ tập luyện","Skiing, Alpine skiing high-intensity training",7.3,MET,3.5,ml/kg/min,vigorous,False,False,False,https://pacompendium.com/winter-activities
adult_19180,adult,Hoạt động mùa đông,Winter Activities,"Sledding, tobogganing, bobsledding, luge (Taylor Code 370)","Sledding, tobogganing, bobsledding, luge (Taylor Code 370)",7.0,MET,3.5,ml/kg/min,vigorous,False,False,False,https://pacompendium.com/winter-activities
adult_19190,adult,Hoạt động mùa đông,Winter Activities,"Tuyết shoeing, cường độ vừa","Snow shoeing, moderate effort",5.3,MET,3.5,ml/kg/min,moderate,True,False,False,https://pacompendium.com/winter-activities
adult_19192,adult,Hoạt động mùa đông,Winter Activities,"Tuyết shoeing, cường độ cao","Snow shoeing, vigorous effort",10.0,MET,3.5,ml/kg/min,vigorous,False,False,False,https://pacompendium.com/winter-activities
adult_19200,adult,Hoạt động mùa đông,Winter Activities,"Đi xe trượt tuyết, lái xe, tốc độ vừa, địa hình bằng phẳng","Snowmobiling, driving, moderate pace, flat land",3.8,MET,3.5,ml/kg/min,moderate,True,False,False,https://pacompendium.com/winter-activities
adult_19201,adult,Hoạt động mùa đông,Winter Activities,"Trượt ván tuyết, giải trí, tốc độ vừa, địa hình núi","snowboarding, recreational, moderate pace, mountain",7.5,MET,3.5,ml/kg/min,vigorous,False,False,False,https://pacompendium.com/winter-activities
adult_19202,adult,Hoạt động mùa đông,Winter Activities,"Đi xe trượt tuyết, hành khách, cường độ nhẹ","Snowmobiling, passenger, light",2.0,MET,3.5,ml/kg/min,light,True,False,False,https://pacompendium.com/winter-activities
adult_19252,adult,Hoạt động mùa đông,Winter Activities,"Xúc tuyết bằng xẻng, bằng tay, cường độ vừa","Snow shoveling, by hand, moderate effort",5.3,MET,3.5,ml/kg/min,moderate,True,False,False,https://pacompendium.com/winter-activities
adult_19254,adult,Hoạt động mùa đông,Winter Activities,"Xúc tuyết bằng xẻng, bằng tay, cường độ cao","Snow shoveling, by hand, vigorous effort",7.5,MET,3.5,ml/kg/min,vigorous,False,False,False,https://pacompendium.com/winter-activities
adult_19260,adult,Hoạt động mùa đông,Winter Activities,"Tuyết máy thổi, đi bộ và đẩy","Snow blower, walking and pushing",2.5,MET,3.5,ml/kg/min,light,True,False,False,https://pacompendium.com/winter-activities
adult_19300,adult,Hoạt động mùa đông,Winter Activities,"Trượt tuyết, con lăn, trình độ cao racers","Skiing, roller, elite racers",12.5,MET,3.5,ml/kg/min,vigorous,False,False,False,https://pacompendium.com/winter-activities
adult_19305,adult,Hoạt động mùa đông,Winter Activities,"Trượt ski con lăn, 10 – 12.9 km/h, không có độ dốc","Rollerskiing, 10 – 12.9 km/h, no incline",5.5,MET,3.5,ml/kg/min,moderate,True,False,False,https://pacompendium.com/winter-activities
adult_19310,adult,Hoạt động mùa đông,Winter Activities,"Trượt ski con lăn, 13 – 16.9 km/h, không có độ dốc","Rollerskiing, 13 – 16.9 km/h, no incline",6.8,MET,3.5,ml/kg/min,vigorous,False,False,False,https://pacompendium.com/winter-activities
adult_19315,adult,Hoạt động mùa đông,Winter Activities,"Trượt ski con lăn, 17 – 19.9 km/h, không có độ dốc","Rollerskiing, 17 – 19.9 km/h, no incline",8.3,MET,3.5,ml/kg/min,vigorous,False,False,False,https://pacompendium.com/winter-activities
adult_19320,adult,Hoạt động mùa đông,Winter Activities,"Trượt ski con lăn, 20 – 23.9 km/h, không có độ dốc","Rollerskiing, 20 – 23.9 km/h, no incline",10.5,MET,3.5,ml/kg/min,vigorous,False,False,False,https://pacompendium.com/winter-activities
adult_19325,adult,Hoạt động mùa đông,Winter Activities,"Trượt ski con lăn, 24 – 27.9 km/h, không có độ dốc","Rollerskiing, 24 – 27.9 km/h, no incline",15.0,MET,3.5,ml/kg/min,vigorous,False,False,False,https://pacompendium.com/winter-activities
adult_19330,adult,Hoạt động mùa đông,Winter Activities,"Trượt ski con lăn, 10-15 km/h, độ dốc 2-5°","Rollerskiing, 10-15 km/h, 2-5 degree incline",12.5,MET,3.5,ml/kg/min,vigorous,False,False,False,https://pacompendium.com/winter-activities
adult_19335,adult,Hoạt động mùa đông,Winter Activities,"Trượt ski con lăn, 16-22 km/h, độ dốc 2-5°","Rollerskiing, 16-22 km/h, 2-5 degree incline",14.3,MET,3.5,ml/kg/min,vigorous,False,False,False,https://pacompendium.com/winter-activities
adult_19340,adult,Hoạt động mùa đông,Winter Activities,"Trượt ski con lăn, 6-9 km/h, độ dốc 6-10°","Rollerskiing, 6-9 km/h, 6-10 degree incline",12.3,MET,3.5,ml/kg/min,vigorous,False,False,False,https://pacompendium.com/winter-activities
adult_19345,adult,Hoạt động mùa đông,Winter Activities,"Trượt ski con lăn, >10 km/h, độ dốc 6-10°","Rollerskiing, >10 km/h, 6-10 degree incline",16.0,MET,3.5,ml/kg/min,vigorous,False,False,False,https://pacompendium.com/winter-activities
adult_19400,adult,Hoạt động mùa đông,Winter Activities,"Leo núi, xuống dốc leo núi, đi bộ xuống với dây","Mountaineering, downhill climbing, walking down with rope",9.0,MET,3.5,ml/kg/min,vigorous,False,False,False,https://pacompendium.com/winter-activities
adult_19405,adult,Hoạt động mùa đông,Winter Activities,"Leo núi, xuống dốc hoặc trượt tuyết băng đồng","Mountaineering, downhill climbing/cross-country skiing",10.3,MET,3.5,ml/kg/min,vigorous,False,False,False,https://pacompendium.com/winter-activities
adult_20000,adult,Hoạt động tôn giáo,Religious Activities,"Ngồi trong buổi lễ tôn giáo, tham dự nghi lễ, ngồi yên","Sitting in church, in service, attending a ceremony, sitting quietly",1.0,MET,3.5,ml/kg/min,sedentary,True,False,False,https://pacompendium.com/religious-activities
adult_20001,adult,Hoạt động tôn giáo,Religious Activities,"Ngồi, chơi một nhạc cụ ở nhà thờ / hoạt động tôn giáo","Sitting, playing an instrument at church",2.0,MET,3.5,ml/kg/min,light,True,False,False,https://pacompendium.com/religious-activities
adult_20005,adult,Hoạt động tôn giáo,Religious Activities,"Ngồi trong nhà thờ / hoạt động tôn giáo, nói chuyện hoặc hát, tham dự nghi lễ, ngồi, vận động participation","Sitting in church, talking or singing, attending a ceremony, sitting, active participation",1.8,MET,3.5,ml/kg/min,light,True,False,False,https://pacompendium.com/religious-activities
adult_20010,adult,Hoạt động tôn giáo,Religious Activities,"Ngồi, đọc sách religious materials ở nhà","Sitting, reading religious materials at home",1.5,MET,3.5,ml/kg/min,sedentary,True,False,False,https://pacompendium.com/religious-activities
adult_20015,adult,Hoạt động tôn giáo,Religious Activities,"Đứng yên tĩnh trong nhà thờ / hoạt động tôn giáo, tham dự nghi lễ","Standing quietly in church, attending a ceremony",1.3,MET,3.5,ml/kg/min,sedentary,True,False,False,https://pacompendium.com/religious-activities
adult_20020,adult,Hoạt động tôn giáo,Religious Activities,"Đứng, hát trong nhà thờ / hoạt động tôn giáo, tham dự nghi lễ, đứng, vận động participation","Standing, singing in church, attending a ceremony, standing, active participation",2.0,MET,3.5,ml/kg/min,light,True,False,False,https://pacompendium.com/religious-activities
adult_20025,adult,Hoạt động tôn giáo,Religious Activities,"Quỳ trong nhà thờ / hoạt động tôn giáo hoặc ở nhà, praying","Kneeling in church or at home, praying",1.3,MET,3.5,ml/kg/min,sedentary,True,False,False,https://pacompendium.com/religious-activities
adult_20030,adult,Hoạt động tôn giáo,Religious Activities,"Đứng, nói chuyện trong nhà thờ / hoạt động tôn giáo","Standing, talking in church",1.3,MET,3.5,ml/kg/min,sedentary,True,False,False,https://pacompendium.com/religious-activities
adult_20035,adult,Hoạt động tôn giáo,Religious Activities,Đi bộ trong nhà thờ / hoạt động tôn giáo,Walking in church,2.0,MET,3.5,ml/kg/min,light,True,False,False,https://pacompendium.com/religious-activities
adult_20036,adult,Hoạt động tôn giáo,Religious Activities,"Đi bộ, dưới 2.0 mph, rất chậm","Walking, less than 2.0 mph, very slow",2.0,MET,3.5,ml/kg/min,light,True,False,False,https://pacompendium.com/religious-activities
adult_20039,adult,Hoạt động tôn giáo,Religious Activities,"Kết hợp đi bộ và đứng cho mục đích tôn giáo, hướng dẫn/đón tiếp trong nghi lễ","Walk/stand combination for religious purposes, usher",2.0,MET,3.5,ml/kg/min,light,True,False,False,https://pacompendium.com/religious-activities
adult_20040,adult,Hoạt động tôn giáo,Religious Activities,"Praise với nhảy / khiêu vũ hoặc chạy, spiritual khiêu vũ trong nhà thờ / hoạt động tôn giáo","Praise with dance or run, spiritual dancing in church",5.0,MET,3.5,ml/kg/min,moderate,True,False,False,https://pacompendium.com/religious-activities
adult_20045,adult,Hoạt động tôn giáo,Religious Activities,Phục vụ thực phẩm ở nhà thờ / hoạt động tôn giáo,Serving food at church,2.3,MET,3.5,ml/kg/min,light,True,False,False,https://pacompendium.com/religious-activities
adult_20046,adult,Hoạt động tôn giáo,Religious Activities,Chuẩn bị thực phẩm ở nhà thờ / hoạt động tôn giáo,Preparing food at church,2.0,MET,3.5,ml/kg/min,light,True,False,False,https://pacompendium.com/religious-activities
adult_20047,adult,Hoạt động tôn giáo,Religious Activities,"Rửa chén bát, dọn dẹp bếp ở nhà thờ / hoạt động tôn giáo","Washing dishes, cleaning kitchen at church",3.3,MET,3.5,ml/kg/min,moderate,True,False,False,https://pacompendium.com/religious-activities
adult_20050,adult,Hoạt động tôn giáo,Religious Activities,Ăn uống ở nhà thờ / hoạt động tôn giáo,Eating at church,1.5,MET,3.5,ml/kg/min,sedentary,True,False,False,https://pacompendium.com/religious-activities
adult_20055,adult,Hoạt động tôn giáo,Religious Activities,"Ăn uống/nói chuyện ở nhà thờ / hoạt động tôn giáo hoặc đứng ăn uống, Mỹ bản địa Mỹ Feast days","Eating/talking at church or standing eating, American Indian Feast days",2.0,MET,3.5,ml/kg/min,light,True,False,False,https://pacompendium.com/religious-activities
adult_20060,adult,Hoạt động tôn giáo,Religious Activities,Dọn dẹp nhà thờ / hoạt động tôn giáo,Cleaning church,3.3,MET,3.5,ml/kg/min,moderate,True,False,False,https://pacompendium.com/religious-activities
adult_20061,adult,Hoạt động tôn giáo,Religious Activities,Thông thường sân công việc ở nhà thờ / hoạt động tôn giáo,General yard work at church,4.0,MET,3.5,ml/kg/min,moderate,True,False,False,https://pacompendium.com/religious-activities
adult_20065,adult,Hoạt động tôn giáo,Religious Activities,"Đứng, cường độ vừa (ví dụ: nâng vật nặng, lắp ráp với tốc độ nhanh)","Standing , moderate effort (e.g., lifting heavy objects, assembling at fast rate)",3.8,MET,3.5,ml/kg/min,moderate,True,False,False,https://pacompendium.com/religious-activities
adult_20095,adult,Hoạt động tôn giáo,Religious Activities,"Đứng, lao động thủ công cường độ vừa đến nặng, nâng ≥ 50 lb, bảo trì nặng","Standing, moderate-to-heavy effort, manual labor, lifting ≥ 50 lbs, heavy maintenance",4.5,MET,3.5,ml/kg/min,moderate,True,False,False,https://pacompendium.com/religious-activities
adult_21000,adult,Hoạt động tình nguyện,Volunteer Activities,"Ngồi họp, cường độ nhẹ; có thể nói chuyện","sitting, meeting, general, and/or with talking involved",1.3,MET,3.5,ml/kg/min,sedentary,True,False,False,https://pacompendium.com/volunteer-activities
adult_21005,adult,Hoạt động tình nguyện,Volunteer Activities,"Ngồi, nhẹ văn phòng công việc, trong thông thường","Sitting, light office work, in general",1.5,MET,3.5,ml/kg/min,sedentary,True,False,False,https://pacompendium.com/volunteer-activities
adult_21010,adult,Hoạt động tình nguyện,Volunteer Activities,"Ngồi, vừa công việc","Sitting, moderate work",2.5,MET,3.5,ml/kg/min,light,True,False,False,https://pacompendium.com/volunteer-activities
adult_21015,adult,Hoạt động tình nguyện,Volunteer Activities,"Đứng, nhẹ công việc (sắp xếp hồ sơ, nói chuyện, lắp ráp)","Standing, light work (filing, talking, assembling)",1.8,MET,3.5,ml/kg/min,light,True,False,False,https://pacompendium.com/volunteer-activities
adult_21016,adult,Hoạt động tình nguyện,Volunteer Activities,"Ngồi, chăm sóc trẻ em, chỉ tính thời gian thực sự vận động","Sitting, child care, only active periods",2.0,MET,3.5,ml/kg/min,light,True,False,False,https://pacompendium.com/volunteer-activities
adult_21017,adult,Hoạt động tình nguyện,Volunteer Activities,"Đứng, chăm sóc trẻ em, chỉ tính thời gian thực sự vận động","Standing, child care, only active periods",3.5,MET,3.5,ml/kg/min,moderate,True,False,False,https://pacompendium.com/volunteer-activities
adult_21018,adult,Hoạt động tình nguyện,Volunteer Activities,"Đi bộ/chạy chơi với trẻ em, vừa, chỉ tính thời gian thực sự vận động","Walk/run play with children, moderate, only active periods",3.5,MET,3.5,ml/kg/min,moderate,True,False,False,https://pacompendium.com/volunteer-activities
adult_21019,adult,Hoạt động tình nguyện,Volunteer Activities,"Đi bộ/chạy chơi với trẻ em, mạnh, chỉ tính thời gian thực sự vận động","Walk/run play with children, vigorous, only active periods",5.8,MET,3.5,ml/kg/min,moderate,True,False,False,https://pacompendium.com/volunteer-activities
adult_21020,adult,Hoạt động tình nguyện,Volunteer Activities,"Đứng, nhẹ/vừa công việc (ví dụ: đóng gói thùng / hộp, assemble/sửa chữa, set lên chairs/đồ nội thất)","Standing, light/moderate work (e.g., pack boxes, assemble/repair, set up chairs/furniture)",3.3,MET,3.5,ml/kg/min,moderate,True,False,False,https://pacompendium.com/volunteer-activities
adult_21025,adult,Hoạt động tình nguyện,Volunteer Activities,"Đứng, cường độ vừa (ví dụ: nâng 50 lb, lắp ráp với tốc độ nhanh)","Standing, moderate (e.g., lifting 50 lbs., assembling at fast rate)",3.5,MET,3.5,ml/kg/min,moderate,True,False,False,https://pacompendium.com/volunteer-activities
adult_21030,adult,Hoạt động tình nguyện,Volunteer Activities,"Đứng, vừa/nặng công việc","Standing, moderate/heavy work",4.5,MET,3.5,ml/kg/min,moderate,True,False,False,https://pacompendium.com/volunteer-activities
adult_21035,adult,Hoạt động tình nguyện,Volunteer Activities,"Đánh máy, điện, thủ công, hoặc máy tính","Typing, electric, manual, or computer",1.3,MET,3.5,ml/kg/min,sedentary,True,False,False,https://pacompendium.com/volunteer-activities
adult_21040,adult,Hoạt động tình nguyện,Volunteer Activities,"Đi bộ, dưới 2.0 mph, rất chậm","Walking, less than 2.0 mph, very slow",2.3,MET,3.5,ml/kg/min,light,True,False,False,https://pacompendium.com/volunteer-activities
adult_21045,adult,Hoạt động tình nguyện,Volunteer Activities,"Đi bộ, 2.8–3.4 mph, tốc độ vừa, không mang vác bất kỳ vật gì","Walking, 2.8 to 3.4 mph, moderate speed, not carrying anything",3.8,MET,3.5,ml/kg/min,moderate,True,False,False,https://pacompendium.com/volunteer-activities
adult_21050,adult,Hoạt động tình nguyện,Volunteer Activities,"Đi bộ, 3.5–3.9 mph, tốc độ nhanh, không mang vác bất kỳ vật gì","Walking, 3.5 to 3.9 mph, brisk speed, not carrying anything",4.8,MET,3.5,ml/kg/min,moderate,True,False,False,https://pacompendium.com/volunteer-activities
adult_21055,adult,Hoạt động tình nguyện,Volunteer Activities,"Đi bộ, 2.5 mph chậm và mang đồ vật dưới 25 lb","Walking, 2.5 mph slowly and carrying objects less than 25 pounds",3.5,MET,3.5,ml/kg/min,moderate,True,False,False,https://pacompendium.com/volunteer-activities
adult_21060,adult,Hoạt động tình nguyện,Volunteer Activities,"Đi bộ, 3.0 mph ở mức vừa và mang đồ vật dưới 25 lb, đẩy vật gì đó","Walking, 3.0 mph moderately and carrying objects less than 25 pounds, pushing something",4.5,MET,3.5,ml/kg/min,moderate,True,False,False,https://pacompendium.com/volunteer-activities
adult_21065,adult,Hoạt động tình nguyện,Volunteer Activities,"Đi bộ, 3.5 mph, briskly và mang đồ vật dưới 25 lb","Walking, 3.5 mph, briskly and carrying objects less than 25 pounds",4.5,MET,3.5,ml/kg/min,moderate,True,False,False,https://pacompendium.com/volunteer-activities
adult_21070,adult,Hoạt động tình nguyện,Volunteer Activities,"Kết hợp đi bộ và đứng, cho mục đích tình nguyện","Walk/stand combination, for volunteer purposes",3.0,MET,3.5,ml/kg/min,moderate,True,False,False,https://pacompendium.com/volunteer-activities
adult_22040,adult,Trò chơi điện tử,Video Games,"Ở tư thế ngồi, trò chơi điện tử, tay cầm chơi trò chơi (ít vận động)","Seated, video game, handheld controller (inactive)",1.3,MET,3.5,ml/kg/min,sedentary,True,False,False,https://pacompendium.com/video-games
adult_22120,adult,Trò chơi điện tử,Video Games,"Trò chơi điện tử, tay cầm chơi trò chơi cường độ nhẹ","Video game, handheld controller (light effort)",1.5,MET,3.5,ml/kg/min,sedentary,True,False,False,https://pacompendium.com/video-games
adult_22160,adult,Trò chơi điện tử,Video Games,"Trò chơi điện tử, cường độ nhẹ (Wii Fit, yoga, bowling, v.v.)","Video game, light effort (Wii Fit, yoga, bowling, etc.)",2.3,MET,3.5,ml/kg/min,light,True,False,False,https://pacompendium.com/video-games
adult_22200,adult,Trò chơi điện tử,Video Games,"Vận động trò chơi điện tử, trò chơi cảm biến chuyển động/sử dụng thân trên cường độ nhẹ đến vừa","Active video game, motion sensing game/using upper body (light to moderate effort)",3.0,MET,3.5,ml/kg/min,moderate,True,False,False,https://pacompendium.com/video-games
adult_22240,adult,Trò chơi điện tử,Video Games,"Vận động trò chơi điện tử, trò chơi cảm biến chuyển động, sử dụng toàn thân cường độ vừa","Active video game, motion sensing game/using total body (moderate effort)",4.0,MET,3.5,ml/kg/min,moderate,True,False,False,https://pacompendium.com/video-games
adult_22280,adult,Trò chơi điện tử,Video Games,"Vận động trò chơi điện tử, trò chơi cảm biến chuyển động, sử dụng toàn thân (cường độ vừa đến cao)","Active video game, motion sensing game/using total body (moderate-to-vigorous effort)",5.0,MET,3.5,ml/kg/min,moderate,True,False,False,https://pacompendium.com/video-games
adult_22320,adult,Trò chơi điện tử,Video Games,"Vận động trò chơi điện tử, trò chơi cảm biến chuyển động, sử dụng toàn thân, exergames, bài tập, khiêu vũ cường độ cao","Active video game, motion sensing game/using total body, exergames, workouts, dancing (vigorous effort)",7.5,MET,3.5,ml/kg/min,vigorous,False,False,False,https://pacompendium.com/video-games
adult_22360,adult,Trò chơi điện tử,Video Games,"Tập thể lực thực tế ảo, cường độ cao","Conditioning/exercise virtual reality fitness, vigorous intensity",9.8,MET,3.5,ml/kg/min,vigorous,False,False,False,https://pacompendium.com/video-games
older_0101060,older_adult,Đạp xe,Bicycling,"Đạp xe, tại chỗ, thông thường, cường độ vừa","Bicycling, stationary, general, moderate effort",5.3,MET_60_PLUS,2.7,ml/kg/min,moderate,True,True,False,https://pacompendium.com/older-adult-compendium/
older_0101160,older_adult,Đạp xe,Bicycling,"Đạp xe, tại chỗ, 30-50 W, cường độ vừa","Bicycling, stationary, 30-50 watts, moderate effort",4.3,MET_60_PLUS,2.7,ml/kg/min,moderate,True,True,False,https://pacompendium.com/older-adult-compendium/
older_0101260,older_adult,Đạp xe,Bicycling,"Đạp xe, tại chỗ, 90-100 W, cường độ cao","Bicycling, stationary, 90-100 watts, vigorous effort",6.3,MET_60_PLUS,2.7,ml/kg/min,vigorous,False,True,False,https://pacompendium.com/older-adult-compendium/
older_0101360,older_adult,Đạp xe,Bicycling,"Đạp xe, tại chỗ, 101-160 W, cường độ cao","Bicycling, stationary, 101-160 watts, vigorous effort",7.8,MET_60_PLUS,2.7,ml/kg/min,vigorous,False,True,False,https://pacompendium.com/older-adult-compendium/
older_0101760,older_adult,Đạp xe,Bicycling,"Đạp xe, tại chỗ, 51-89 W, cường độ vừa đến cao","Bicycling, stationary, 51-89 watts, moderate-to-vigorous effort",4.5,MET_60_PLUS,2.7,ml/kg/min,moderate,True,True,False,https://pacompendium.com/older-adult-compendium/
older_0202260,older_adult,Rèn luyện thể lực,Conditioning,"Bài tập thể trọng (ví dụ: chống đẩy, gập bụng, kéo xà, lunge), cường độ vừa","Calisthenics (e.g., push-ups, sit-ups, pull-ups, lunges), moderate effort",3.5,MET_60_PLUS,2.7,ml/kg/min,moderate,True,True,False,https://pacompendium.com/older-adult-compendium/
older_0203560,older_adult,Rèn luyện thể lực,Conditioning,"Tập luyện theo vòng, Parcour-loại, cường độ vừa","Circuit training, Parcour-type, moderate effort",4.5,MET_60_PLUS,2.7,ml/kg/min,moderate,True,True,False,https://pacompendium.com/older-adult-compendium/
older_0204760,older_adult,Rèn luyện thể lực,Conditioning,"Máy tập elliptical, cường độ nhẹ","Elliptical trainer, light effort",3.0,MET_60_PLUS,2.7,ml/kg/min,moderate,True,True,False,https://pacompendium.com/older-adult-compendium/
older_0205160,older_adult,Rèn luyện thể lực,Conditioning,"Kháng lực (trọng lượng) tập luyện, squat, cường độ nhẹ","Resistance (weight) training, squats, light effort",3.0,MET_60_PLUS,2.7,ml/kg/min,moderate,True,True,False,https://pacompendium.com/older-adult-compendium/
older_0205360,older_adult,Rèn luyện thể lực,Conditioning,"Kháng lực tập luyện, thông thường, cường độ nhẹ","Resistance Training, general, light effort",2.3,MET_60_PLUS,2.7,ml/kg/min,light,True,True,False,https://pacompendium.com/older-adult-compendium/
older_0205460,older_adult,Rèn luyện thể lực,Conditioning,"Kháng lực (trọng lượng) tập luyện, nhiều bài tập, 8-15 repetitions ở mức kháng lực thay đổi","Resistance (weight) training, multiple exercises, 8-15 repetitions at varied resistance",4.3,MET_60_PLUS,2.7,ml/kg/min,moderate,True,True,False,https://pacompendium.com/older-adult-compendium/
older_0206260,older_adult,Rèn luyện thể lực,Conditioning,"Tập luyện tại phòng gym, các lớp rèn luyện thể lực","Health club exercise, conditioning classes",5.0,MET_60_PLUS,2.7,ml/kg/min,moderate,True,True,False,https://pacompendium.com/older-adult-compendium/
older_0206360,older_adult,Rèn luyện thể lực,Conditioning,"Tập luyện tại phòng gym, các lớp rèn luyện thể lực, dựa trên ghế","Health club exercise, conditioning classes, chair-based",3.8,MET_60_PLUS,2.7,ml/kg/min,moderate,True,True,False,https://pacompendium.com/older-adult-compendium/
older_0207260,older_adult,Rèn luyện thể lực,Conditioning,"Chèo thuyền, tại chỗ, 50–99 W, cường độ vừa đến cao","Rowing, stationary, 50 to 99 watts, moderate-to-vigorous effort",6.5,MET_60_PLUS,2.7,ml/kg/min,vigorous,False,True,False,https://pacompendium.com/older-adult-compendium/
older_0207360,older_adult,Rèn luyện thể lực,Conditioning,"Chèo thuyền, tại chỗ, 100–149 W, cường độ cao","Rowing, stationary, 100 to 149 watts, vigorous effort",9.0,MET_60_PLUS,2.7,ml/kg/min,vigorous,False,True,False,https://pacompendium.com/older-adult-compendium/
older_0211360,older_adult,Rèn luyện thể lực,Conditioning,"Bóng tập trị liệu, bài tập với bóng thể lực, ghế tập luyện","Therapeutic exercise ball, Fitball exercise, chair exercise",3.5,MET_60_PLUS,2.7,ml/kg/min,moderate,True,True,False,https://pacompendium.com/older-adult-compendium/
older_0219060,older_adult,Rèn luyện thể lực,Conditioning,"Yoga, thông thường","Yoga, general",2.5,MET_60_PLUS,2.7,ml/kg/min,light,True,True,False,https://pacompendium.com/older-adult-compendium/
older_0219160,older_adult,Rèn luyện thể lực,Conditioning,"Yoga, ghế, thông thường","Yoga, chair, general",2.8,MET_60_PLUS,2.7,ml/kg/min,light,True,True,False,https://pacompendium.com/older-adult-compendium/
older_0221060,older_adult,Rèn luyện thể lực,Conditioning,"Thái cực quyền, thông thường","Tai Chi, general",3.8,MET_60_PLUS,2.7,ml/kg/min,moderate,True,True,False,https://pacompendium.com/older-adult-compendium/
older_0221160,older_adult,Rèn luyện thể lực,Conditioning,"Thái cực quyền, ghế, thông thường","Tai Chi, chair, general",2.8,MET_60_PLUS,2.7,ml/kg/min,light,True,True,False,https://pacompendium.com/older-adult-compendium/
older_0303060,older_adult,Khiêu vũ / nhảy,Dancing,"Khiêu vũ Ballroom (tango, chậm waltz, foxtrot)","Ballroom Dance (tango, slow waltz, foxtrot)",6.0,MET_60_PLUS,2.7,ml/kg/min,vigorous,False,True,False,https://pacompendium.com/older-adult-compendium/
older_0303160,older_adult,Khiêu vũ / nhảy,Dancing,"Nhảy / khiêu vũ lớp học, thông thường","Dance class, General",6.3,MET_60_PLUS,2.7,ml/kg/min,vigorous,False,True,False,https://pacompendium.com/older-adult-compendium/
older_0303260,older_adult,Khiêu vũ / nhảy,Dancing,"Khiêu vũ Smooth (Mazurka, Viennese Waltz, Polka)","Smooth Dance (Mazurka, Viennese Walk, Polka)",7.3,MET_60_PLUS,2.7,ml/kg/min,vigorous,False,True,False,https://pacompendium.com/older-adult-compendium/
older_0501060,older_adult,Hoạt động tại nhà,Home Activities,"Dọn dẹp, quét dọn thảm hoặc sàn, thông thường","Cleaning, sweeping carpet or floors, general",4.3,MET_60_PLUS,2.7,ml/kg/min,moderate,True,True,False,https://pacompendium.com/older-adult-compendium/
older_0502160,older_adult,Hoạt động tại nhà,Home Activities,"Dọn dẹp, lau sàn, đứng, cường độ vừa","Cleaning, mopping, standing, Moderate effort",4.3,MET_60_PLUS,2.7,ml/kg/min,moderate,True,True,False,https://pacompendium.com/older-adult-compendium/
older_0502260,older_adult,Hoạt động tại nhà,Home Activities,"Lau cửa sổ, rửa cửa sổ, thông thường","Cleaning windows, washing windows, general",3.5,MET_60_PLUS,2.7,ml/kg/min,moderate,True,True,False,https://pacompendium.com/older-adult-compendium/
older_0502360,older_adult,Hoạt động tại nhà,Home Activities,"Dọn dẹp, lau sàn, đứng, cường độ nhẹ","Cleaning, mopping, standing, light effort",3.0,MET_60_PLUS,2.7,ml/kg/min,moderate,True,True,False,https://pacompendium.com/older-adult-compendium/
older_0503260,older_adult,Hoạt động tại nhà,Home Activities,"Lau bụi hoặc đánh bóng đồ nội thất, thông thường","Dusting or polishing furniture, general",4.0,MET_60_PLUS,2.7,ml/kg/min,moderate,True,True,False,https://pacompendium.com/older-adult-compendium/
older_0504060,older_adult,Hoạt động tại nhà,Home Activities,"Dọn dẹp, mang rác ra ngoài","Cleaning, carrying out trash",4.5,MET_60_PLUS,2.7,ml/kg/min,moderate,True,True,False,https://pacompendium.com/older-adult-compendium/
older_0504160,older_adult,Hoạt động tại nhà,Home Activities,"Rửa chén bát, đứng hoặc trong thông thường (không tách riêng phần đứng/đi bộ)","Wash dishes, standing or in general (not broken into stand/walk components)",2.5,MET_60_PLUS,2.7,ml/kg/min,light,True,True,False,https://pacompendium.com/older-adult-compendium/
older_0504360,older_adult,Hoạt động tại nhà,Home Activities,"Dọn dẹp, hút bụi, thông thường, cường độ vừa","Cleaning, vacuuming, general, moderate effort",4.3,MET_60_PLUS,2.7,ml/kg/min,moderate,True,True,False,https://pacompendium.com/older-adult-compendium/
older_0505160,older_adult,Hoạt động tại nhà,Home Activities,"Nấu ăn, phục vụ thực phẩm, thiết lập/đặt table, ước tính đi bộ hoặc đứng","Cooking, serving food, setting table, implied walking or standing",2.8,MET_60_PLUS,2.7,ml/kg/min,light,True,True,False,https://pacompendium.com/older-adult-compendium/
older_0505560,older_adult,Hoạt động tại nhà,Home Activities,"Cất đồ tạp hóa/chén bát (ví dụ: mang đồ tạp hóa, storing chén bát trong cabinet)","Putting away groceries/dishes (e.g. carrying groceries, storing dishes in cabinet),",3.0,MET_60_PLUS,2.7,ml/kg/min,moderate,True,True,False,https://pacompendium.com/older-adult-compendium/
older_0506060,older_adult,Hoạt động tại nhà,Home Activities,"Thực phẩm mua sắm với hoặc không có một tạp hóa xe đẩy, đứng hoặc đi bộ","Food shopping with or without a grocery cart, standing or walking",3.8,MET_60_PLUS,2.7,ml/kg/min,moderate,True,True,False,https://pacompendium.com/older-adult-compendium/
older_0507060,older_adult,Hoạt động tại nhà,Home Activities,Ủi quần áo,Ironing,2.8,MET_60_PLUS,2.7,ml/kg/min,light,True,True,False,https://pacompendium.com/older-adult-compendium/
older_0509060,older_adult,Hoạt động tại nhà,Home Activities,"Giặt giũ, gấp hoặc treo quần áo, cho quần áo vào máy giặt hoặc máy sấy, đóng gói vali, giặt quần áo bằng tay, ước tính đứng, cường độ nhẹ","Laundry, fold or hang clothes, put clothes in washer or dryer, packing suitcase, washing clothes by hand, implied standing, light effort",2.0,MET_60_PLUS,2.7,ml/kg/min,light,True,True,False,https://pacompendium.com/older-adult-compendium/
older_0509260,older_adult,Hoạt động tại nhà,Home Activities,"Giặt giũ, treo rửa, giặt quần áo bằng tay, cường độ vừa","Laundry, hanging wash, washing clothes by hand, moderate effort",3.5,MET_60_PLUS,2.7,ml/kg/min,moderate,True,True,False,https://pacompendium.com/older-adult-compendium/
older_0510060,older_adult,Hoạt động tại nhà,Home Activities,"Dọn giường, thay ga/vải trải","Making bed, changing linens",4.0,MET_60_PLUS,2.7,ml/kg/min,moderate,True,True,False,https://pacompendium.com/older-adult-compendium/
older_0512060,older_adult,Hoạt động tại nhà,Home Activities,"Di chuyển đồ nội thất, đồ dùng trong nhà, mang vác thùng / hộp","Moving furniture, household items, carrying boxes",5.0,MET_60_PLUS,2.7,ml/kg/min,moderate,True,True,False,https://pacompendium.com/older-adult-compendium/
older_0612760,older_adult,Hoạt động tại nhà,Home Activities,"Sửa chữa nhà cửa, thông thường, cường độ vừa","Home repair, general, moderate effort",4.0,MET_60_PLUS,2.7,ml/kg/min,moderate,True,True,False,https://pacompendium.com/older-adult-compendium/
older_0701060,older_adult,Hoạt động tại nhà,Home Activities,Nằm yên tĩnh và xem tivi,Lying quietly and watching television,1.3,MET_60_PLUS,2.7,ml/kg/min,sedentary,True,True,False,https://pacompendium.com/older-adult-compendium/
older_0701160,older_adult,Hoạt động tại nhà,Home Activities,"Nằm yên tĩnh, không làm gì, nằm trên giường khi còn thức","Lying quietly, doing nothing, lying in bed awake,",1.3,MET_60_PLUS,2.7,ml/kg/min,sedentary,True,True,False,https://pacompendium.com/older-adult-compendium/
older_0702060,older_adult,Hoạt động tại nhà,Home Activities,Ngồi yên và xem tivi,Sitting quietly and watching television,1.3,MET_60_PLUS,2.7,ml/kg/min,sedentary,True,True,False,https://pacompendium.com/older-adult-compendium/
older_0702160,older_adult,Hoạt động tại nhà,Home Activities,"Ngồi yên, thông thường","Sitting quietly, general",1.3,MET_60_PLUS,2.7,ml/kg/min,sedentary,True,True,False,https://pacompendium.com/older-adult-compendium/
older_0704060,older_adult,Hoạt động tại nhà,Home Activities,"Đứng yên tĩnh, đứng trong một hàng","Standing quietly, standing in a line",1.5,MET_60_PLUS,2.7,ml/kg/min,sedentary,True,True,False,https://pacompendium.com/older-adult-compendium/
older_0805060,older_adult,Hoạt động tại nhà,Home Activities,"Đào đất, xới đất, lấp/đổ đất trong vườn, compositing, cường độ vừa","Digging, spading, filling garden, compositing, moderate effort",4.8,MET_60_PLUS,2.7,ml/kg/min,moderate,True,True,False,https://pacompendium.com/older-adult-compendium/
older_0805260,older_adult,Hoạt động tại nhà,Home Activities,"Đào đất, xới đất, lấp/đổ đất trong vườn, ủ phân hữu cơ, cường độ cao","Digging, spading, filling garden, composting, vigorous effort",7.3,MET_60_PLUS,2.7,ml/kg/min,vigorous,False,True,False,https://pacompendium.com/older-adult-compendium/
older_0806160,older_adult,Hoạt động tại nhà,Home Activities,"Làm vườn, tạo luống trồng","Gardening, building garden bed",4.8,MET_60_PLUS,2.7,ml/kg/min,moderate,True,True,False,https://pacompendium.com/older-adult-compendium/
older_0806560,older_adult,Hoạt động tại nhà,Home Activities,"Làm vườn, mixing soil","Gardening, mixing soil",3.0,MET_60_PLUS,2.7,ml/kg/min,moderate,True,True,False,https://pacompendium.com/older-adult-compendium/
older_0809160,older_adult,Hoạt động tại nhà,Home Activities,Lắp/đặt mulch,Laying mulch,3.5,MET_60_PLUS,2.7,ml/kg/min,moderate,True,True,False,https://pacompendium.com/older-adult-compendium/
older_0809560,older_adult,Hoạt động tại nhà,Home Activities,"Cắt cỏ vườn, thông thường","Mowing lawn, general",6.8,MET_60_PLUS,2.7,ml/kg/min,vigorous,False,True,False,https://pacompendium.com/older-adult-compendium/
older_0813560,older_adult,Hoạt động tại nhà,Home Activities,"Trồng cây, trồng cây vào chậu, cấy/chuyển cây con hoặc cây, nhẹ-vừa nỗ lực","Planting, potting, transplanting seedlings or plants, light-moderate effort",3.3,MET_60_PLUS,2.7,ml/kg/min,moderate,True,True,False,https://pacompendium.com/older-adult-compendium/
older_0816060,older_adult,Hoạt động tại nhà,Home Activities,"Cào vườn hoặc lá, cường độ vừa","Raking lawn or leaves, moderate effort",4.0,MET_60_PLUS,2.7,ml/kg/min,moderate,True,True,False,https://pacompendium.com/older-adult-compendium/
older_0821060,older_adult,Hoạt động tại nhà,Home Activities,"Cắt tỉa bụi cây hoặc cây, dụng cụ cắt thủ công","Trimming shrubs or trees, manual cutter",3.3,MET_60_PLUS,2.7,ml/kg/min,moderate,True,True,False,https://pacompendium.com/older-adult-compendium/
older_0821560,older_adult,Hoạt động tại nhà,Home Activities,"Cắt tỉa bụi cây hoặc cây, công suất máy cắt, sử dụng lá máy thổi, edge, cường độ vừa","Trimming shrubs or trees, power cutter, using leaf blower, edge, moderate effort",3.8,MET_60_PLUS,2.7,ml/kg/min,moderate,True,True,False,https://pacompendium.com/older-adult-compendium/
older_0822060,older_adult,Hoạt động tại nhà,Home Activities,"Đi bộ, bón phân","Walking, applying fertilizer",5.3,MET_60_PLUS,2.7,ml/kg/min,moderate,True,True,False,https://pacompendium.com/older-adult-compendium/
older_0823060,older_adult,Hoạt động tại nhà,Home Activities,"Tưới nước vườn hoặc vườn, đứng hoặc đi bộ","Watering lawn or garden, standing or walking",3.3,MET_60_PLUS,2.7,ml/kg/min,moderate,True,True,False,https://pacompendium.com/older-adult-compendium/
older_0823960,older_adult,Hoạt động tại nhà,Home Activities,"Nhổ cỏ, chăm sóc đất/vườn vườn, cường độ nhẹ đến vừa","Weeding, cultivating garden, light-to-moderate effort",4.8,MET_60_PLUS,2.7,ml/kg/min,moderate,True,True,False,https://pacompendium.com/older-adult-compendium/
older_0824660,older_adult,Hoạt động tại nhà,Home Activities,"Hái trái cây trên cây, nhặt/hái fruits/rau, cường độ vừa","Picking fruit off trees, picking fruits/vegetables, moderate effort",3.5,MET_60_PLUS,2.7,ml/kg/min,moderate,True,True,False,https://pacompendium.com/older-adult-compendium/
older_0826160,older_adult,Hoạt động tại nhà,Home Activities,"Sân công việc, thông thường, cường độ vừa","Yard work, general, moderate effort",5.0,MET_60_PLUS,2.7,ml/kg/min,moderate,True,True,False,https://pacompendium.com/older-adult-compendium/
older_0826560,older_adult,Hoạt động tại nhà,Home Activities,"Làm vườn, thông thường, cường độ vừa","Gardening, general, moderate effort",3.8,MET_60_PLUS,2.7,ml/kg/min,moderate,True,True,False,https://pacompendium.com/older-adult-compendium/
older_0901060,older_adult,Hoạt động tại nhà,Home Activities,"Chơi bài, ngồi","Card playing, sitting",1.5,MET_60_PLUS,2.7,ml/kg/min,sedentary,True,True,False,https://pacompendium.com/older-adult-compendium/
older_1101060,older_adult,Hoạt động tại nhà,Home Activities,"Đánh máy, điện, thủ công hoặc bằng máy tính","Typing, electric, manual or computer",1.5,MET_60_PLUS,2.7,ml/kg/min,sedentary,True,True,False,https://pacompendium.com/older-adult-compendium/
older_1202860,older_adult,Hoạt động tại nhà,Home Activities,"Chạy bộ, 3.6 mph (17 phút/dặm)","Running, 3.6 mph (17 min/mile)",8.5,MET_60_PLUS,2.7,ml/kg/min,vigorous,False,True,False,https://pacompendium.com/older-adult-compendium/
older_1207060,older_adult,Hoạt động tại nhà,Home Activities,"Chạy bộ, 7 mph (8.5 phút/dặm)","Running, 7 mph (8.5 min/mile)",15.8,MET_60_PLUS,2.7,ml/kg/min,vigorous,False,True,False,https://pacompendium.com/older-adult-compendium/
older_1302060,older_adult,Hoạt động tại nhà,Home Activities,"Mặc/cởi quần áo, đứng hoặc ngồi","Dressing, undressing, standing or sitting",3.0,MET_60_PLUS,2.7,ml/kg/min,moderate,True,True,False,https://pacompendium.com/older-adult-compendium/
older_1304060,older_adult,Hoạt động tại nhà,Home Activities,"Vệ sinh cá nhân, rửa tay, cạo râu, chải răng, đặt/cất trên make-lên, ngồi hoặc đứng","Grooming, washing hands, shaving, brushing teeth, putting on make-up, sitting or standing",2.8,MET_60_PLUS,2.7,ml/kg/min,light,True,True,False,https://pacompendium.com/older-adult-compendium/
older_1528560,older_adult,Hoạt động tại nhà,Home Activities,"Golf, đi bộ, kéo clubs","Golf, walking, pulling clubs",4.3,MET_60_PLUS,2.7,ml/kg/min,moderate,True,True,False,https://pacompendium.com/older-adult-compendium/
older_1540060,older_adult,Hoạt động tại nhà,Home Activities,"Cưỡi ngựa, mô phỏng","Horseback riding, simulated",2.8,MET_60_PLUS,2.7,ml/kg/min,light,True,True,False,https://pacompendium.com/older-adult-compendium/
older_1552560,older_adult,Hoạt động tại nhà,Home Activities,"Pickleball, thi đấu","Pickleball, competitive",5.3,MET_60_PLUS,2.7,ml/kg/min,moderate,True,True,False,https://pacompendium.com/older-adult-compendium/
older_1606060,older_adult,Hoạt động tại nhà,Home Activities,"Đi bộ để di chuyển, 2.8-3.2 mph, đường bằng, tốc độ vừa, bề mặt chắc chắn","Walking for transportation, 2.8-3.2 mph, level, moderate pace, firm surface",4.3,MET_60_PLUS,2.7,ml/kg/min,moderate,True,True,False,https://pacompendium.com/older-adult-compendium/
older_1713360,older_adult,Hoạt động tại nhà,Home Activities,"Cầu thang leo núi, tốc độ chậm","Stair climbing, slow pace",4.0,MET_60_PLUS,2.7,ml/kg/min,moderate,True,True,False,https://pacompendium.com/older-adult-compendium/
older_1713460,older_adult,Hoạt động tại nhà,Home Activities,"Cầu thang leo núi, tốc độ nhanh","Stair climbing, fast pace",6.5,MET_60_PLUS,2.7,ml/kg/min,vigorous,False,True,False,https://pacompendium.com/older-adult-compendium/
older_1713560,older_adult,Hoạt động tại nhà,Home Activities,"Đi lên cầu thang, sử dụng cane","Ascending stairs, using cane",2.0,MET_60_PLUS,2.7,ml/kg/min,light,True,True,False,https://pacompendium.com/older-adult-compendium/
older_1713660,older_adult,Hoạt động tại nhà,Home Activities,"Đi lên cầu thang, sử dụng standard khung tập đi","Ascending stairs, using standard walker",3.0,MET_60_PLUS,2.7,ml/kg/min,moderate,True,True,False,https://pacompendium.com/older-adult-compendium/
older_1713760,older_adult,Hoạt động tại nhà,Home Activities,"Đi lên cầu thang, sử dụng wheeled khung tập đi","Ascending stairs, using wheeled walker",3.3,MET_60_PLUS,2.7,ml/kg/min,moderate,True,True,False,https://pacompendium.com/older-adult-compendium/
older_1715160,older_adult,Hoạt động tại nhà,Home Activities,"Đi bộ, dưới 1.0 mph, đường bằng, strolling, rất chậm","Walking, less than 1.0 mph, level, strolling, very slow",3.0,MET_60_PLUS,2.7,ml/kg/min,moderate,True,True,False,https://pacompendium.com/older-adult-compendium/
older_1715260,older_adult,Hoạt động tại nhà,Home Activities,"Đi bộ, 1.0–1.9 mph, đường bằng, tốc độ chậm, bề mặt chắc chắn","Walking, 1.0 to 1.9 mph, level, slow pace, firm surface",4.0,MET_60_PLUS,2.7,ml/kg/min,moderate,True,True,False,https://pacompendium.com/older-adult-compendium/
older_1715360,older_adult,Hoạt động tại nhà,Home Activities,"Đi bộ, 2.0 mph, đường bằng, tốc độ chậm, bề mặt chắc chắn","Walking, 2.0 mph, level, slow pace, firm surface",3.8,MET_60_PLUS,2.7,ml/kg/min,moderate,True,True,False,https://pacompendium.com/older-adult-compendium/
older_1717060,older_adult,Hoạt động tại nhà,Home Activities,"Đi bộ, 2.2–2.7 mph, đường bằng, bề mặt chắc chắn","Walking, 2.2 to 2.7 mph, level, firm surface",4.5,MET_60_PLUS,2.7,ml/kg/min,moderate,True,True,False,https://pacompendium.com/older-adult-compendium/
older_1719060,older_adult,Hoạt động tại nhà,Home Activities,"Đi bộ, 2.8–3.2 mph, đường bằng, tốc độ vừa, bề mặt chắc chắn","Walking, 2.8 to 3.2 mph, level, moderate pace, firm surface",5.3,MET_60_PLUS,2.7,ml/kg/min,moderate,True,True,False,https://pacompendium.com/older-adult-compendium/
older_1720060,older_adult,Hoạt động tại nhà,Home Activities,"Đi bộ, 3.3–3.7 mph, đường bằng, nhanh, bề mặt chắc chắn, đi bộ cho tập luyện","Walking, 3.3 to 3.7 mph, level, brisk, firm surface, walking for exercise",6.0,MET_60_PLUS,2.7,ml/kg/min,vigorous,False,True,False,https://pacompendium.com/older-adult-compendium/
older_1720160,older_adult,Hoạt động tại nhà,Home Activities,"Đi bộ, tốc độ nhanh, thông thường","Walking, brisk pace, general",5.5,MET_60_PLUS,2.7,ml/kg/min,moderate,True,True,False,https://pacompendium.com/older-adult-compendium/
older_1720960,older_adult,Hoạt động tại nhà,Home Activities,"Đi bộ, 1.5–2.0 mph, 2.5–5% độ dốc","Walking, 1.5 to 2.0 mph, 2.5 to 5% grade",5.0,MET_60_PLUS,2.7,ml/kg/min,moderate,True,True,False,https://pacompendium.com/older-adult-compendium/
older_1722060,older_adult,Hoạt động tại nhà,Home Activities,"Đi bộ, 4.0–4.2 mph, đường bằng, bề mặt chắc chắn, rất tốc độ nhanh","Walking, 4.0 to 4.2 mph, level, firm surface, very brisk pace",7.3,MET_60_PLUS,2.7,ml/kg/min,vigorous,False,True,False,https://pacompendium.com/older-adult-compendium/
older_1723060,older_adult,Hoạt động tại nhà,Home Activities,"Đi bộ, 4.5 mph, đường bằng, bề mặt chắc chắn, rất, rất nhanh","Walking, 4.5 mph, level, firm surface, very, very brisk",9.0,MET_60_PLUS,2.7,ml/kg/min,vigorous,False,True,False,https://pacompendium.com/older-adult-compendium/
older_1726260,older_adult,Hoạt động tại nhà,Home Activities,"Đi bộ, leasurly, tự chọn tốc độ, thông thường","Walking, leasurly, self-selected pace, general",4.0,MET_60_PLUS,2.7,ml/kg/min,moderate,True,True,False,https://pacompendium.com/older-adult-compendium/
older_1731060,older_adult,Hoạt động tại nhà,Home Activities,"Đi bộ, cho tập luyện, với ski gậy, Nordic đi bộ","Walking, for exercise, with ski poles, Nordic walking,",7.0,MET_60_PLUS,2.7,ml/kg/min,vigorous,False,True,False,https://pacompendium.com/older-adult-compendium/
older_1733060,older_adult,Hoạt động tại nhà,Home Activities,"Đi bộ, với một cane","Walking, with a cane",3.5,MET_60_PLUS,2.7,ml/kg/min,moderate,True,True,False,https://pacompendium.com/older-adult-compendium/
older_1734060,older_adult,Hoạt động tại nhà,Home Activities,"Đi bộ, với standard khung tập đi","Walking, with standard walker",3.5,MET_60_PLUS,2.7,ml/kg/min,moderate,True,True,False,https://pacompendium.com/older-adult-compendium/
older_1735060,older_adult,Hoạt động tại nhà,Home Activities,"Đi bộ, với wheeled khung tập đi","Walking, with wheeled Walker",3.5,MET_60_PLUS,2.7,ml/kg/min,moderate,True,True,False,https://pacompendium.com/older-adult-compendium/
older_1916060,older_adult,Hoạt động tại nhà,Home Activities,"Trượt tuyết, xuống dốc, trượt tuyết đổ đèo hoặc trượt ván tuyết, cường độ vừa, thông thường, chỉ tính thời gian thực sự vận động","Skiing, downhill, alpine or snowboarding, moderate effort, general, active time only",5.3,MET_60_PLUS,2.7,ml/kg/min,moderate,True,True,False,https://pacompendium.com/older-adult-compendium/
older_1917060,older_adult,Hoạt động tại nhà,Home Activities,"Trượt tuyết, xuống dốc, trượt tuyết đổ đèo hoặc trượt ván tuyết, cường độ cao, thông thường, chỉ tính thời gian thực sự vận động","Skiing, downhill, alpine or snowboarding, vigorous effort, general, active time only",6.8,MET_60_PLUS,2.7,ml/kg/min,vigorous,False,True,False,https://pacompendium.com/older-adult-compendium/
older_1925460,older_adult,Hoạt động tại nhà,Home Activities,"Xúc tuyết bằng xẻng, bằng tay, cường độ cao","Snow shoveling, by hand, vigorous effort",8.0,MET_60_PLUS,2.7,ml/kg/min,vigorous,False,True,False,https://pacompendium.com/older-adult-compendium/
older_2210060,older_adult,Hoạt động tại nhà,Home Activities,"Ở tư thế ngồi, trò chơi điện tử, tay cầm chơi trò chơi (ít vận động)","Seated, video game, handheld controller (inactive)",1.8,MET_60_PLUS,2.7,ml/kg/min,light,True,True,False,https://pacompendium.com/older-adult-compendium/
older_2220060,older_adult,Hoạt động tại nhà,Home Activities,"Trò chơi điện tử, cường độ nhẹ (Wii Fit, yoga, bowling, etc)","Video game, light effort (Wii Fit, yoga, bowling, etc)",2.8,MET_60_PLUS,2.7,ml/kg/min,light,True,True,False,https://pacompendium.com/older-adult-compendium/
older_2230060,older_adult,Hoạt động tại nhà,Home Activities,"Vận động trò chơi điện tử, trò chơi cảm biến chuyển động/sử dụng thân trên cường độ nhẹ đến vừa","Active video game, motion sensing game/using upper body (light to moderate effort)",3.5,MET_60_PLUS,2.7,ml/kg/min,moderate,True,True,False,https://pacompendium.com/older-adult-compendium/
older_2240060,older_adult,Hoạt động tại nhà,Home Activities,"Vận động trò chơi điện tử, trò chơi cảm biến chuyển động, sử dụng toàn thân cường độ vừa","Active video game, motion sensing game/using total body (moderate effort)",5.5,MET_60_PLUS,2.7,ml/kg/min,moderate,True,True,False,https://pacompendium.com/older-adult-compendium/
older_2250060,older_adult,Hoạt động tại nhà,Home Activities,"Vận động trò chơi điện tử, trò chơi cảm biến chuyển động, sử dụng toàn thân vừa đến cường độ cao","Active video game, motion sensing game/using total body (moderate to vigorous effort)",7.8,MET_60_PLUS,2.7,ml/kg/min,vigorous,False,True,False,https://pacompendium.com/older-adult-compendium/
wheelchair_90101,wheelchair,Hoạt động với xe lăn,Wheelchair Activities,Thể dục nhịp điệu,Aerobics,1.7,MET_WC,0.992,kcal/kg/hour,light,True,False,True,https://pacompendium.com/adult-wheelchair-users-compendium/
wheelchair_90102,wheelchair,Hoạt động với xe lăn,Wheelchair Activities,Cánh tay đo công suất vận động 16W,Arm Ergometry 16W,2.2,MET_WC,0.992,kcal/kg/hour,light,True,False,True,https://pacompendium.com/adult-wheelchair-users-compendium/
wheelchair_90103,wheelchair,Hoạt động với xe lăn,Wheelchair Activities,Cánh tay đo công suất vận động 20W,Arm Ergometry 20W,2.3,MET_WC,0.992,kcal/kg/hour,light,True,False,True,https://pacompendium.com/adult-wheelchair-users-compendium/
wheelchair_90104,wheelchair,Hoạt động với xe lăn,Wheelchair Activities,Cánh tay đo công suất vận động 30-32W,Arm Ergometry 30-32W,2.7,MET_WC,0.992,kcal/kg/hour,light,True,False,True,https://pacompendium.com/adult-wheelchair-users-compendium/
wheelchair_90105,wheelchair,Hoạt động với xe lăn,Wheelchair Activities,Cánh tay đo công suất vận động 40-48W,Arm Ergometry 40-48W,3.5,MET_WC,0.992,kcal/kg/hour,moderate,True,False,True,https://pacompendium.com/adult-wheelchair-users-compendium/
wheelchair_90106,wheelchair,Hoạt động với xe lăn,Wheelchair Activities,Cánh tay đo công suất vận động 60-64W,Arm Ergometry 60-64W,4.6,MET_WC,0.992,kcal/kg/hour,moderate,True,False,True,https://pacompendium.com/adult-wheelchair-users-compendium/
wheelchair_90107,wheelchair,Hoạt động với xe lăn,Wheelchair Activities,Cánh tay đo công suất vận động 80W,Arm Ergometry 80W,4.4,MET_WC,0.992,kcal/kg/hour,moderate,True,False,True,https://pacompendium.com/adult-wheelchair-users-compendium/
wheelchair_90108,wheelchair,Hoạt động với xe lăn,Wheelchair Activities,Cánh tay đo công suất vận động 96W,Arm Ergometry 96W,5.4,MET_WC,0.992,kcal/kg/hour,moderate,True,False,True,https://pacompendium.com/adult-wheelchair-users-compendium/
wheelchair_90109,wheelchair,Hoạt động với xe lăn,Wheelchair Activities,"Cánh tay đo công suất vận động (tự chọn cường độ, cường độ vừa)","Arm Ergometry (self-selected intensity, moderate)",2.3,MET_WC,0.992,kcal/kg/hour,light,True,False,True,https://pacompendium.com/adult-wheelchair-users-compendium/
wheelchair_90110,wheelchair,Hoạt động với xe lăn,Wheelchair Activities,"Cánh tay đo công suất vận động tập luyện (tự chọn cường độ, cường độ cao)","Arm Ergometry exercise (self-selected intensity, vigorous)",4.3,MET_WC,0.992,kcal/kg/hour,moderate,True,False,True,https://pacompendium.com/adult-wheelchair-users-compendium/
wheelchair_90111,wheelchair,Hoạt động với xe lăn,Wheelchair Activities,Lệch tâm cánh tay đo công suất vận động,Eccentric Arm Ergometry,2.2,MET_WC,0.992,kcal/kg/hour,light,True,False,True,https://pacompendium.com/adult-wheelchair-users-compendium/
wheelchair_90120,wheelchair,Hoạt động với xe lăn,Wheelchair Activities,Xe đạp tay – 8 km/h,Handcycle – 8 km/h,3.0,MET_WC,0.992,kcal/kg/hour,moderate,True,False,True,https://pacompendium.com/adult-wheelchair-users-compendium/
wheelchair_90121,wheelchair,Hoạt động với xe lăn,Wheelchair Activities,Xe đạp tay – 16 km/h,Handcycle – 16 km/h,7.5,MET_WC,0.992,kcal/kg/hour,vigorous,False,False,True,https://pacompendium.com/adult-wheelchair-users-compendium/
wheelchair_90122,wheelchair,Hoạt động với xe lăn,Wheelchair Activities,Xe đạp tay máy đo công suất vận động thông thường,Handcycle ergometer (general),3.6,MET_WC,0.992,kcal/kg/hour,moderate,True,False,True,https://pacompendium.com/adult-wheelchair-users-compendium/
wheelchair_90123,wheelchair,Hoạt động với xe lăn,Wheelchair Activities,Xe đạp tay đua,Handcycle racing,4.5,MET_WC,0.992,kcal/kg/hour,moderate,True,False,True,https://pacompendium.com/adult-wheelchair-users-compendium/
wheelchair_90125,wheelchair,Hoạt động với xe lăn,Wheelchair Activities,Kháng lực (trọng lượng) tập luyện,Resistance (weight) Training,2.1,MET_WC,0.992,kcal/kg/hour,light,True,False,True,https://pacompendium.com/adult-wheelchair-users-compendium/
wheelchair_90126,wheelchair,Hoạt động với xe lăn,Wheelchair Activities,Tập luyện theo vòng,Circuit Training,2.3,MET_WC,0.992,kcal/kg/hour,light,True,False,True,https://pacompendium.com/adult-wheelchair-users-compendium/
wheelchair_90127,wheelchair,Hoạt động với xe lăn,Wheelchair Activities,Kháng lực band,Resistance band,1.5,MET_WC,0.992,kcal/kg/hour,sedentary,True,False,True,https://pacompendium.com/adult-wheelchair-users-compendium/
wheelchair_90128,wheelchair,Hoạt động với xe lăn,Wheelchair Activities,Xe lăn chống đẩy,Wheelchair pushups,2.0,MET_WC,0.992,kcal/kg/hour,light,True,False,True,https://pacompendium.com/adult-wheelchair-users-compendium/
wheelchair_90132,wheelchair,Hoạt động với xe lăn,Wheelchair Activities,Skill Parcour,Skill Parcour,3.4,MET_WC,0.992,kcal/kg/hour,moderate,True,False,True,https://pacompendium.com/adult-wheelchair-users-compendium/
wheelchair_90133,wheelchair,Hoạt động với xe lăn,Wheelchair Activities,Nặng-bag quyền Anh,Heavy-bag boxing,4.4,MET_WC,0.992,kcal/kg/hour,moderate,True,False,True,https://pacompendium.com/adult-wheelchair-users-compendium/
wheelchair_90136,wheelchair,Hoạt động với xe lăn,Wheelchair Activities,Di chuyển bằng xe lăn 10-18W,Wheeling 10-18W,2.7,MET_WC,0.992,kcal/kg/hour,light,True,False,True,https://pacompendium.com/adult-wheelchair-users-compendium/
wheelchair_90137,wheelchair,Hoạt động với xe lăn,Wheelchair Activities,Di chuyển bằng xe lăn 20-26W,Wheeling 20-26W,3.3,MET_WC,0.992,kcal/kg/hour,moderate,True,False,True,https://pacompendium.com/adult-wheelchair-users-compendium/
wheelchair_90138,wheelchair,Hoạt động với xe lăn,Wheelchair Activities,Di chuyển bằng xe lăn – 30-35W,Wheeling – 30-35W,4.1,MET_WC,0.992,kcal/kg/hour,moderate,True,False,True,https://pacompendium.com/adult-wheelchair-users-compendium/
wheelchair_90139,wheelchair,Hoạt động với xe lăn,Wheelchair Activities,Di chuyển bằng xe lăn – 50W,Wheeling – 50W,3.9,MET_WC,0.992,kcal/kg/hour,moderate,True,False,True,https://pacompendium.com/adult-wheelchair-users-compendium/
wheelchair_90145,wheelchair,Hoạt động với xe lăn,Wheelchair Activities,Xe lăn máy đo lực – 3.2 km/h,Wheelchair dynamometer – 3.2 km/h,2.8,MET_WC,0.992,kcal/kg/hour,light,True,False,True,https://pacompendium.com/adult-wheelchair-users-compendium/
wheelchair_90146,wheelchair,Hoạt động với xe lăn,Wheelchair Activities,Xe lăn máy đo lực – 4.8 km/h,Wheelchair dynamometer – 4.8 km/h,3.6,MET_WC,0.992,kcal/kg/hour,moderate,True,False,True,https://pacompendium.com/adult-wheelchair-users-compendium/
wheelchair_90147,wheelchair,Hoạt động với xe lăn,Wheelchair Activities,Xe lăn – slalom đường chạy / sân tập,Wheelchair – slalom course,3.1,MET_WC,0.992,kcal/kg/hour,moderate,True,False,True,https://pacompendium.com/adult-wheelchair-users-compendium/
wheelchair_90148,wheelchair,Hoạt động với xe lăn,Wheelchair Activities,Di chuyển bằng xe lăn trong nhà đường chạy / sân tập 2.57 km/h,Wheeling indoor course 2.57 km/h,1.8,MET_WC,0.992,kcal/kg/hour,light,True,False,True,https://pacompendium.com/adult-wheelchair-users-compendium/
wheelchair_90149,wheelchair,Hoạt động với xe lăn,Wheelchair Activities,Di chuyển bằng xe lăn trong nhà đường chạy / sân tập 3.4-3.9 km/h,Wheeling indoor course 3.4-3.9 km/h,2.3,MET_WC,0.992,kcal/kg/hour,light,True,False,True,https://pacompendium.com/adult-wheelchair-users-compendium/
wheelchair_90150,wheelchair,Hoạt động với xe lăn,Wheelchair Activities,Di chuyển bằng xe lăn trong nhà đường chạy / sân tập 4.5-4.8 km/h,Wheeling indoor course 4.5-4.8 km/h,2.2,MET_WC,0.992,kcal/kg/hour,light,True,False,True,https://pacompendium.com/adult-wheelchair-users-compendium/
wheelchair_90151,wheelchair,Hoạt động với xe lăn,Wheelchair Activities,Di chuyển bằng xe lăn trong nhà đường chạy / sân tập 5.0-5.5 km/h,Wheeling indoor course 5.0-5.5 km/h,2.9,MET_WC,0.992,kcal/kg/hour,light,True,False,True,https://pacompendium.com/adult-wheelchair-users-compendium/
wheelchair_90152,wheelchair,Hoạt động với xe lăn,Wheelchair Activities,Di chuyển bằng xe lăn trong nhà đường chạy / sân tập 6.5 km/h,Wheeling indoor course 6.5 km/h,4.8,MET_WC,0.992,kcal/kg/hour,moderate,True,False,True,https://pacompendium.com/adult-wheelchair-users-compendium/
wheelchair_90153,wheelchair,Hoạt động với xe lăn,Wheelchair Activities,Di chuyển bằng xe lăn ngoài trời đường chạy 1.5 km/h,Wheeling outdoor track 1.5 km/h,2.7,MET_WC,0.992,kcal/kg/hour,light,True,False,True,https://pacompendium.com/adult-wheelchair-users-compendium/
wheelchair_90154,wheelchair,Hoạt động với xe lăn,Wheelchair Activities,Di chuyển bằng xe lăn ngoài trời đường chạy 2.0 km/h,Wheeling outdoor track 2.0 km/h,1.9,MET_WC,0.992,kcal/kg/hour,light,True,False,True,https://pacompendium.com/adult-wheelchair-users-compendium/
wheelchair_90155,wheelchair,Hoạt động với xe lăn,Wheelchair Activities,Di chuyển bằng xe lăn ngoài trời đường chạy 3.4 km/h,Wheeling outdoor track 3.4 km/h,4.0,MET_WC,0.992,kcal/kg/hour,moderate,True,False,True,https://pacompendium.com/adult-wheelchair-users-compendium/
wheelchair_90156,wheelchair,Hoạt động với xe lăn,Wheelchair Activities,Di chuyển bằng xe lăn ngoài trời đường chạy 4.0-4.3 km/h,Wheeling outdoor track 4.0-4.3 km/h,3.8,MET_WC,0.992,kcal/kg/hour,moderate,True,False,True,https://pacompendium.com/adult-wheelchair-users-compendium/
wheelchair_90157,wheelchair,Hoạt động với xe lăn,Wheelchair Activities,Di chuyển bằng xe lăn ngoài trời đường chạy 5.5 km/h,Wheeling outdoor track 5.5 km/h,4.3,MET_WC,0.992,kcal/kg/hour,moderate,True,False,True,https://pacompendium.com/adult-wheelchair-users-compendium/
wheelchair_90158,wheelchair,Hoạt động với xe lăn,Wheelchair Activities,Di chuyển bằng xe lăn ngoài trời đường chạy 6.0 km/h,Wheeling outdoor track 6.0 km/h,4.0,MET_WC,0.992,kcal/kg/hour,moderate,True,False,True,https://pacompendium.com/adult-wheelchair-users-compendium/
wheelchair_90159,wheelchair,Hoạt động với xe lăn,Wheelchair Activities,Di chuyển bằng xe lăn ngoài trời đường chạy 8.0 km/h,Wheeling outdoor track 8.0 km/h,5.9,MET_WC,0.992,kcal/kg/hour,moderate,True,False,True,https://pacompendium.com/adult-wheelchair-users-compendium/
wheelchair_90160,wheelchair,Hoạt động với xe lăn,Wheelchair Activities,Di chuyển bằng xe lăn – đua,Wheeling – racing,7.9,MET_WC,0.992,kcal/kg/hour,vigorous,False,False,True,https://pacompendium.com/adult-wheelchair-users-compendium/
wheelchair_90161,wheelchair,Hoạt động với xe lăn,Wheelchair Activities,Di chuyển bằng xe lăn – máy đo công suất vận động,Wheeling – Ergometer,3.2,MET_WC,0.992,kcal/kg/hour,moderate,True,False,True,https://pacompendium.com/adult-wheelchair-users-compendium/
wheelchair_90165,wheelchair,Hoạt động với xe lăn,Wheelchair Activities,Di chuyển xe lăn trên máy chạy bộ 2.2-2.9 km/h,Treadmill Wheeling 2.2-2.9 km/h,2.4,MET_WC,0.992,kcal/kg/hour,light,True,False,True,https://pacompendium.com/adult-wheelchair-users-compendium/
wheelchair_90166,wheelchair,Hoạt động với xe lăn,Wheelchair Activities,Di chuyển xe lăn trên máy chạy bộ – 3.0-3.9 km/h,Treadmill Wheeling – 3.0-3.9 km/h,2.8,MET_WC,0.992,kcal/kg/hour,light,True,False,True,https://pacompendium.com/adult-wheelchair-users-compendium/
wheelchair_90167,wheelchair,Hoạt động với xe lăn,Wheelchair Activities,Di chuyển xe lăn trên máy chạy bộ – 4.0-4.9 km/h,Treadmill Wheeling – 4.0-4.9 km/h,3.4,MET_WC,0.992,kcal/kg/hour,moderate,True,False,True,https://pacompendium.com/adult-wheelchair-users-compendium/
wheelchair_90168,wheelchair,Hoạt động với xe lăn,Wheelchair Activities,Di chuyển xe lăn trên máy chạy bộ – 5.8 km/h,Treadmill Wheeling – 5.8 km/h,3.4,MET_WC,0.992,kcal/kg/hour,moderate,True,False,True,https://pacompendium.com/adult-wheelchair-users-compendium/
wheelchair_90169,wheelchair,Hoạt động với xe lăn,Wheelchair Activities,Di chuyển xe lăn trên máy chạy bộ – 6.0 km/h,Treadmill Wheeling – 6.0 km/h,3.5,MET_WC,0.992,kcal/kg/hour,moderate,True,False,True,https://pacompendium.com/adult-wheelchair-users-compendium/
wheelchair_90170,wheelchair,Hoạt động với xe lăn,Wheelchair Activities,Di chuyển xe lăn trên máy chạy bộ – 7.0-7.9 km/h,Treadmill Wheeling – 7.0-7.9 km/h,4.2,MET_WC,0.992,kcal/kg/hour,moderate,True,False,True,https://pacompendium.com/adult-wheelchair-users-compendium/
wheelchair_90171,wheelchair,Hoạt động với xe lăn,Wheelchair Activities,"Di chuyển xe lăn trên máy chạy bộ – 2.2-2.9 km/h, 4.7% độ dốc","Treadmill Wheeling – 2.2-2.9 km/h , 4.7% grade",3.8,MET_WC,0.992,kcal/kg/hour,moderate,True,False,True,https://pacompendium.com/adult-wheelchair-users-compendium/
wheelchair_90172,wheelchair,Hoạt động với xe lăn,Wheelchair Activities,"Di chuyển xe lăn trên máy chạy bộ – 3.6 km/h, 4.7% độ dốc","Treadmill Wheeling – 3.6 km/h , 4.7% grade",4.4,MET_WC,0.992,kcal/kg/hour,moderate,True,False,True,https://pacompendium.com/adult-wheelchair-users-compendium/
wheelchair_90173,wheelchair,Hoạt động với xe lăn,Wheelchair Activities,"Di chuyển xe lăn trên máy chạy bộ – 2.2-2.9 km/h, 6.3% độ dốc","Treadmill Wheeling – 2.2-2.9 km/h , 6.3% grade",4.2,MET_WC,0.992,kcal/kg/hour,moderate,True,False,True,https://pacompendium.com/adult-wheelchair-users-compendium/
wheelchair_90174,wheelchair,Hoạt động với xe lăn,Wheelchair Activities,"Di chuyển xe lăn trên máy chạy bộ – 3.6 km/h, 6.3% độ dốc","Treadmill Wheeling – 3.6 km/h , 6.3% grade",5.2,MET_WC,0.992,kcal/kg/hour,moderate,True,False,True,https://pacompendium.com/adult-wheelchair-users-compendium/
wheelchair_90175,wheelchair,Hoạt động với xe lăn,Wheelchair Activities,"Di chuyển xe lăn trên máy chạy bộ – 2.2-2.9 km/h, 8.4% độ dốc","Treadmill Wheeling – 2.2-2.9 km/h , 8.4% grade",4.8,MET_WC,0.992,kcal/kg/hour,moderate,True,False,True,https://pacompendium.com/adult-wheelchair-users-compendium/
wheelchair_90176,wheelchair,Hoạt động với xe lăn,Wheelchair Activities,"Di chuyển xe lăn trên máy chạy bộ – 3.6 km/h, 8.4% độ dốc","Treadmill Wheeling – 3.6 km/h , 8.4% grade",5.2,MET_WC,0.992,kcal/kg/hour,moderate,True,False,True,https://pacompendium.com/adult-wheelchair-users-compendium/
wheelchair_90177,wheelchair,Hoạt động với xe lăn,Wheelchair Activities,Di chuyển xe lăn trên máy chạy bộ – 4.0 km/h w/ extra trọng lượng,Treadmill Wheeling – 4.0 km/h w/ extra weight,2.1,MET_WC,0.992,kcal/kg/hour,light,True,False,True,https://pacompendium.com/adult-wheelchair-users-compendium/
wheelchair_90178,wheelchair,Hoạt động với xe lăn,Wheelchair Activities,"Di chuyển xe lăn trên máy chạy bộ – 4.0 km/h, 2% độ dốc","Treadmill Wheeling – 4.0 km/h, 2% grade",2.7,MET_WC,0.992,kcal/kg/hour,light,True,False,True,https://pacompendium.com/adult-wheelchair-users-compendium/
wheelchair_90179,wheelchair,Hoạt động với xe lăn,Wheelchair Activities,"Di chuyển xe lăn trên máy chạy bộ – 4.0 km/h, 3% độ dốc","Treadmill Wheeling – 4.0 km/h, 3% grade",3.4,MET_WC,0.992,kcal/kg/hour,moderate,True,False,True,https://pacompendium.com/adult-wheelchair-users-compendium/
wheelchair_90185,wheelchair,Hoạt động với xe lăn,Wheelchair Activities,Di chuyển xe lăn bằng tay cầm – 15W,Wheeling using Handle-based Propulsion – 15W,2.6,MET_WC,0.992,kcal/kg/hour,light,True,False,True,https://pacompendium.com/adult-wheelchair-users-compendium/
wheelchair_90186,wheelchair,Hoạt động với xe lăn,Wheelchair Activities,Di chuyển xe lăn bằng tay cầm – 20W,Wheeling using Handle-based Propulsion – 20W,3.6,MET_WC,0.992,kcal/kg/hour,moderate,True,False,True,https://pacompendium.com/adult-wheelchair-users-compendium/
wheelchair_90187,wheelchair,Hoạt động với xe lăn,Wheelchair Activities,Di chuyển xe lăn bằng tay cầm – 25W,Wheeling using Handle-based Propulsion – 25W,4.4,MET_WC,0.992,kcal/kg/hour,moderate,True,False,True,https://pacompendium.com/adult-wheelchair-users-compendium/
wheelchair_90188,wheelchair,Hoạt động với xe lăn,Wheelchair Activities,Di chuyển xe lăn bằng tay cầm – 30W,Wheeling using Handle-based Propulsion – 30W,5.0,MET_WC,0.992,kcal/kg/hour,moderate,True,False,True,https://pacompendium.com/adult-wheelchair-users-compendium/
wheelchair_90189,wheelchair,Hoạt động với xe lăn,Wheelchair Activities,Di chuyển xe lăn bằng tay cầm – 35W,Wheeling using Handle-based Propulsion – 35W,5.3,MET_WC,0.992,kcal/kg/hour,moderate,True,False,True,https://pacompendium.com/adult-wheelchair-users-compendium/
wheelchair_90190,wheelchair,Hoạt động với xe lăn,Wheelchair Activities,Di chuyển xe lăn bằng tay cầm – 2.5–2.9 km/h,Wheeling using Handle-based Propulsion – 2.5 to 2.9 km/h,1.8,MET_WC,0.992,kcal/kg/hour,light,True,False,True,https://pacompendium.com/adult-wheelchair-users-compendium/
wheelchair_90195,wheelchair,Hoạt động với xe lăn,Wheelchair Activities,Di chuyển bằng xe lăn máy đo lực w/ PAPAW – 15W,Wheeling dynamometer w/ PAPAW – 15W,2.3,MET_WC,0.992,kcal/kg/hour,light,True,False,True,https://pacompendium.com/adult-wheelchair-users-compendium/
wheelchair_90196,wheelchair,Hoạt động với xe lăn,Wheelchair Activities,Di chuyển bằng xe lăn máy đo lực w/ PAPAW – 30W,Wheeling dynamometer w/ PAPAW – 30W,3.5,MET_WC,0.992,kcal/kg/hour,moderate,True,False,True,https://pacompendium.com/adult-wheelchair-users-compendium/
wheelchair_90197,wheelchair,Hoạt động với xe lăn,Wheelchair Activities,Di chuyển bằng xe lăn trên ngoài trời đường chạy / sân tập w/PAPAW – 5.4 km/h,Wheeling on outdoor course w/PAPAW – 5.4 km/h,3.4,MET_WC,0.992,kcal/kg/hour,moderate,True,False,True,https://pacompendium.com/adult-wheelchair-users-compendium/
wheelchair_90201,wheelchair,Hoạt động với xe lăn,Wheelchair Activities,Dọn giường,Making Bed,2.2,MET_WC,0.992,kcal/kg/hour,light,True,False,True,https://pacompendium.com/adult-wheelchair-users-compendium/
wheelchair_90205,wheelchair,Hoạt động với xe lăn,Wheelchair Activities,Mặc quần áo/undressing,Dressing/undressing,3.1,MET_WC,0.992,kcal/kg/hour,moderate,True,False,True,https://pacompendium.com/adult-wheelchair-users-compendium/
wheelchair_90210,wheelchair,Hoạt động với xe lăn,Wheelchair Activities,Lau bụi,Dusting,1.8,MET_WC,0.992,kcal/kg/hour,light,True,False,True,https://pacompendium.com/adult-wheelchair-users-compendium/
wheelchair_90215,wheelchair,Hoạt động với xe lăn,Wheelchair Activities,Giặt giũ,Laundry,1.8,MET_WC,0.992,kcal/kg/hour,light,True,False,True,https://pacompendium.com/adult-wheelchair-users-compendium/
wheelchair_90220,wheelchair,Hoạt động với xe lăn,Wheelchair Activities,Lau sàn,Mopping,3.0,MET_WC,0.992,kcal/kg/hour,moderate,True,False,True,https://pacompendium.com/adult-wheelchair-users-compendium/
wheelchair_90225,wheelchair,Hoạt động với xe lăn,Wheelchair Activities,"Di chuyển đồ nội thất, đồ dùng trong nhà, hoặc thùng / hộp","Moving furniture, household items, or boxes",3.7,MET_WC,0.992,kcal/kg/hour,moderate,True,False,True,https://pacompendium.com/adult-wheelchair-users-compendium/
wheelchair_90230,wheelchair,Hoạt động với xe lăn,Wheelchair Activities,Di chuyển đồ vật,Moving items,2.5,MET_WC,0.992,kcal/kg/hour,light,True,False,True,https://pacompendium.com/adult-wheelchair-users-compendium/
wheelchair_90235,wheelchair,Hoạt động với xe lăn,Wheelchair Activities,Tắm vòi sen,Showering,1.9,MET_WC,0.992,kcal/kg/hour,light,True,False,True,https://pacompendium.com/adult-wheelchair-users-compendium/
wheelchair_90240,wheelchair,Hoạt động với xe lăn,Wheelchair Activities,Hút bụi,Vacuuming,2.7,MET_WC,0.992,kcal/kg/hour,light,True,False,True,https://pacompendium.com/adult-wheelchair-users-compendium/
wheelchair_90245,wheelchair,Hoạt động với xe lăn,Wheelchair Activities,Rửa chén bát,Washing Dishes,1.9,MET_WC,0.992,kcal/kg/hour,light,True,False,True,https://pacompendium.com/adult-wheelchair-users-compendium/
wheelchair_90250,wheelchair,Hoạt động với xe lăn,Wheelchair Activities,Ăn uống,Eating,1.5,MET_WC,0.992,kcal/kg/hour,sedentary,True,False,True,https://pacompendium.com/adult-wheelchair-users-compendium/
wheelchair_90255,wheelchair,Hoạt động với xe lăn,Wheelchair Activities,Chuẩn bị thực phẩm,Preparing food,1.8,MET_WC,0.992,kcal/kg/hour,light,True,False,True,https://pacompendium.com/adult-wheelchair-users-compendium/
wheelchair_90260,wheelchair,Hoạt động với xe lăn,Wheelchair Activities,Tạp hóa mua sắm,Grocery shopping,1.9,MET_WC,0.992,kcal/kg/hour,light,True,False,True,https://pacompendium.com/adult-wheelchair-users-compendium/
wheelchair_90265,wheelchair,Hoạt động với xe lăn,Wheelchair Activities,Quét dọn sàn,Sweeping floor,2.3,MET_WC,0.992,kcal/kg/hour,light,True,False,True,https://pacompendium.com/adult-wheelchair-users-compendium/
wheelchair_90270,wheelchair,Hoạt động với xe lăn,Wheelchair Activities,Dọn dẹp phòng,Cleaning Room,1.8,MET_WC,0.992,kcal/kg/hour,light,True,False,True,https://pacompendium.com/adult-wheelchair-users-compendium/
wheelchair_90275,wheelchair,Hoạt động với xe lăn,Wheelchair Activities,Checking thư,Checking Mail,1.8,MET_WC,0.992,kcal/kg/hour,light,True,False,True,https://pacompendium.com/adult-wheelchair-users-compendium/
wheelchair_90280,wheelchair,Hoạt động với xe lăn,Wheelchair Activities,Dọn dẹp ô tô,Cleaning Car,2.1,MET_WC,0.992,kcal/kg/hour,light,True,False,True,https://pacompendium.com/adult-wheelchair-users-compendium/
wheelchair_90285,wheelchair,Hoạt động với xe lăn,Wheelchair Activities,Chuyển vị trí vào/ra xe lăn,Transfer to/from wheelchair,3.1,MET_WC,0.992,kcal/kg/hour,moderate,True,False,True,https://pacompendium.com/adult-wheelchair-users-compendium/
wheelchair_90301,wheelchair,Hoạt động với xe lăn,Wheelchair Activities,"Deskwork, cường độ nhẹ","Deskwork, light effort",1.1,MET_WC,0.992,kcal/kg/hour,sedentary,True,False,True,https://pacompendium.com/adult-wheelchair-users-compendium/
wheelchair_90305,wheelchair,Hoạt động với xe lăn,Wheelchair Activities,Đọc sách,Reading,1.2,MET_WC,0.992,kcal/kg/hour,sedentary,True,False,True,https://pacompendium.com/adult-wheelchair-users-compendium/
wheelchair_90310,wheelchair,Hoạt động với xe lăn,Wheelchair Activities,Xem tivi,Watching TV,1.2,MET_WC,0.992,kcal/kg/hour,sedentary,True,False,True,https://pacompendium.com/adult-wheelchair-users-compendium/
wheelchair_90315,wheelchair,Hoạt động với xe lăn,Wheelchair Activities,Thụ động di chuyển bằng xe lăn (pushed bằng another person),Passive Wheeling (pushed by another person),1.1,MET_WC,0.992,kcal/kg/hour,sedentary,True,False,True,https://pacompendium.com/adult-wheelchair-users-compendium/
wheelchair_90320,wheelchair,Hoạt động với xe lăn,Wheelchair Activities,Viết/crossword puzzles,Writing/crossword puzzles,1.3,MET_WC,0.992,kcal/kg/hour,sedentary,True,False,True,https://pacompendium.com/adult-wheelchair-users-compendium/
wheelchair_90325,wheelchair,Hoạt động với xe lăn,Wheelchair Activities,Cưỡi/đi một elevator,riding an elevator,1.5,MET_WC,0.992,kcal/kg/hour,sedentary,True,False,True,https://pacompendium.com/adult-wheelchair-users-compendium/
wheelchair_90330,wheelchair,Hoạt động với xe lăn,Wheelchair Activities,Chơi với iPad,playing with iPad,1.4,MET_WC,0.992,kcal/kg/hour,sedentary,True,False,True,https://pacompendium.com/adult-wheelchair-users-compendium/
wheelchair_90335,wheelchair,Hoạt động với xe lăn,Wheelchair Activities,"Sắp xếp hồ sơ papers, cường độ nhẹ","Filing papers, light effort",0.8,MET_WC,0.992,kcal/kg/hour,sedentary,True,False,True,https://pacompendium.com/adult-wheelchair-users-compendium/
wheelchair_90340,wheelchair,Hoạt động với xe lăn,Wheelchair Activities,"Làm việc trên máy tính (soạn thảo văn bản, sử dụng Internet)","Computer work (word processing, internet use)",1.2,MET_WC,0.992,kcal/kg/hour,sedentary,True,False,True,https://pacompendium.com/adult-wheelchair-users-compendium/
wheelchair_90501,wheelchair,Thể thao xe lăn,Wheelchair Sports,Bóng rổ,Basketball,5.1,MET_WC,0.992,kcal/kg/hour,moderate,True,False,True,https://pacompendium.com/adult-wheelchair-users-compendium/
wheelchair_90505,wheelchair,Thể thao xe lăn,Wheelchair Sports,Bóng rổ – giải trí,Basketball – casual,3.2,MET_WC,0.992,kcal/kg/hour,moderate,True,False,True,https://pacompendium.com/adult-wheelchair-users-compendium/
wheelchair_90510,wheelchair,Thể thao xe lăn,Wheelchair Sports,Billiards,Billiards,1.8,MET_WC,0.992,kcal/kg/hour,light,True,False,True,https://pacompendium.com/adult-wheelchair-users-compendium/
wheelchair_90515,wheelchair,Thể thao xe lăn,Wheelchair Sports,Bowling,Bowling,1.8,MET_WC,0.992,kcal/kg/hour,light,True,False,True,https://pacompendium.com/adult-wheelchair-users-compendium/
wheelchair_90520,wheelchair,Thể thao xe lăn,Wheelchair Sports,Darts,Darts,2.0,MET_WC,0.992,kcal/kg/hour,light,True,False,True,https://pacompendium.com/adult-wheelchair-users-compendium/
wheelchair_90525,wheelchair,Thể thao xe lăn,Wheelchair Sports,Đấu kiếm,Fencing,7.1,MET_WC,0.992,kcal/kg/hour,vigorous,False,False,True,https://pacompendium.com/adult-wheelchair-users-compendium/
wheelchair_90530,wheelchair,Thể thao xe lăn,Wheelchair Sports,Câu cá/casting,Fishing/casting,1.1,MET_WC,0.992,kcal/kg/hour,sedentary,True,False,True,https://pacompendium.com/adult-wheelchair-users-compendium/
wheelchair_90535,wheelchair,Thể thao xe lăn,Wheelchair Sports,Nordic sit trượt tuyết,Nordic sit skiing,11.8,MET_WC,0.992,kcal/kg/hour,vigorous,False,False,True,https://pacompendium.com/adult-wheelchair-users-compendium/
wheelchair_90540,wheelchair,Thể thao xe lăn,Wheelchair Sports,Rugby,Rugby,2.7,MET_WC,0.992,kcal/kg/hour,light,True,False,True,https://pacompendium.com/adult-wheelchair-users-compendium/
wheelchair_90545,wheelchair,Thể thao xe lăn,Wheelchair Sports,Bóng bàn,Table tennis,2.7,MET_WC,0.992,kcal/kg/hour,light,True,False,True,https://pacompendium.com/adult-wheelchair-users-compendium/
wheelchair_90550,wheelchair,Thể thao xe lăn,Wheelchair Sports,Quần vợt,Tennis,4.1,MET_WC,0.992,kcal/kg/hour,moderate,True,False,True,https://pacompendium.com/adult-wheelchair-users-compendium/
wheelchair_90555,wheelchair,Thể thao xe lăn,Wheelchair Sports,Công suất xe lăn bóng đá – thi đấu,Power Wheelchair Soccer – competitive,1.8,MET_WC,0.992,kcal/kg/hour,light,True,False,True,https://pacompendium.com/adult-wheelchair-users-compendium/
wheelchair_90560,wheelchair,Thể thao xe lăn,Wheelchair Sports,Chơi trò chơi điện tử,Video gaming,1.5,MET_WC,0.992,kcal/kg/hour,sedentary,True,False,True,https://pacompendium.com/adult-wheelchair-users-compendium/
wheelchair_90565,wheelchair,Thể thao xe lăn,Wheelchair Sports,Chơi cards,Playing cards,1.5,MET_WC,0.992,kcal/kg/hour,sedentary,True,False,True,https://pacompendium.com/adult-wheelchair-users-compendium/
wheelchair_90570,wheelchair,Thể thao xe lăn,Wheelchair Sports,"Nhảy / khiêu vũ – hiện đại, torso controlled xe lăn","Dance – Modern, torso controlled wheelchair",2.0,MET_WC,0.992,kcal/kg/hour,light,True,False,True,https://pacompendium.com/adult-wheelchair-users-compendium/
wheelchair_90575,wheelchair,Thể thao xe lăn,Wheelchair Sports,Nhảy/khiêu vũ – tốc độ chậm,Dance – slow paced,2.0,MET_WC,0.992,kcal/kg/hour,light,True,False,True,https://pacompendium.com/adult-wheelchair-users-compendium/
wheelchair_90580,wheelchair,Thể thao xe lăn,Wheelchair Sports,Nhảy / khiêu vũ – nhanh tốc độ,Dance – fast paced,3.1,MET_WC,0.992,kcal/kg/hour,moderate,True,False,True,https://pacompendium.com/adult-wheelchair-users-compendium/
wheelchair_90585,wheelchair,Thể thao xe lăn,Wheelchair Sports,Nhảy / khiêu vũ – điện công suất ghế,Dance – Electric power chair,1.7,MET_WC,0.992,kcal/kg/hour,light,True,False,True,https://pacompendium.com/adult-wheelchair-users-compendium/
wheelchair_90590,wheelchair,Thể thao xe lăn,Wheelchair Sports,Exergaming,Exergaming,2.6,MET_WC,0.992,kcal/kg/hour,light,True,False,True,https://pacompendium.com/adult-wheelchair-users-compendium/
wheelchair_90601,wheelchair,Thể thao xe lăn,Wheelchair Sports,Di chuyển bằng xe lăn – trên thảm,Wheeling – On Carpet,2.5,MET_WC,0.992,kcal/kg/hour,light,True,False,True,https://pacompendium.com/adult-wheelchair-users-compendium/
wheelchair_90605,wheelchair,Thể thao xe lăn,Wheelchair Sports,Di chuyển bằng xe lăn – trên cỏ,Wheeling – on Grass,4.0,MET_WC,0.992,kcal/kg/hour,moderate,True,False,True,https://pacompendium.com/adult-wheelchair-users-compendium/
wheelchair_90610,wheelchair,Thể thao xe lăn,Wheelchair Sports,Di chuyển bằng xe lăn – ngoài trời,Wheeling – Outside,2.6,MET_WC,0.992,kcal/kg/hour,light,True,False,True,https://pacompendium.com/adult-wheelchair-users-compendium/
wheelchair_90615,wheelchair,Thể thao xe lăn,Wheelchair Sports,Di chuyển bằng xe lăn – có chó hỗ trợ,Wheeling – w/service dog assistance,1.5,MET_WC,0.992,kcal/kg/hour,sedentary,True,False,True,https://pacompendium.com/adult-wheelchair-users-compendium/
wheelchair_90620,wheelchair,Thể thao xe lăn,Wheelchair Sports,"Di chuyển bằng xe lăn ngoài trời, 8% cross slope","Wheeling outdoor, 8% cross slope",3.5,MET_WC,0.992,kcal/kg/hour,moderate,True,False,True,https://pacompendium.com/adult-wheelchair-users-compendium/
wheelchair_90625,wheelchair,Thể thao xe lăn,Wheelchair Sports,"Di chuyển bằng xe lăn ngoài trời, 12% cross slope","Wheeling outdoor, 12% cross slope",4.0,MET_WC,0.992,kcal/kg/hour,moderate,True,False,True,https://pacompendium.com/adult-wheelchair-users-compendium/
wheelchair_90630,wheelchair,Thể thao xe lăn,Wheelchair Sports,Di chuyển bằng xe lăn – trên vỉa hè,Wheeling – on Sidewalk,3.2,MET_WC,0.992,kcal/kg/hour,moderate,True,False,True,https://pacompendium.com/adult-wheelchair-users-compendium/
wheelchair_90635,wheelchair,Thể thao xe lăn,Wheelchair Sports,Di chuyển bằng xe lăn – tự chọn tốc độ,Wheeling – self-selected speed,2.9,MET_WC,0.992,kcal/kg/hour,light,True,False,True,https://pacompendium.com/adult-wheelchair-users-compendium/
wheelchair_90640,wheelchair,Thể thao xe lăn,Wheelchair Sports,Lái xe một ô tô,Driving an automobile,1.8,MET_WC,0.992,kcal/kg/hour,light,True,False,True,https://pacompendium.com/adult-wheelchair-users-compendium/
wheelchair_90645,wheelchair,Thể thao xe lăn,Wheelchair Sports,Di chuyển bằng xe lăn – trên Tile,Wheeling – On Tile,2.2,MET_WC,0.992,kcal/kg/hour,light,True,False,True,https://pacompendium.com/adult-wheelchair-users-compendium/
wheelchair_90650,wheelchair,Thể thao xe lăn,Wheelchair Sports,Di chuyển bằng xe lăn – lên độ dốc,Wheeling – up Incline,4.0,MET_WC,0.992,kcal/kg/hour,moderate,True,False,True,https://pacompendium.com/adult-wheelchair-users-compendium/
wheelchair_90655,wheelchair,Thể thao xe lăn,Wheelchair Sports,Di chuyển bằng xe lăn – xuống dốc,Wheeling – Downhill,1.8,MET_WC,0.992,kcal/kg/hour,light,True,False,True,https://pacompendium.com/adult-wheelchair-users-compendium/
